PROJECTNAME,TRIP_CODE,STATION,STATIONCODE,LONGITUDE,LATITUDE,SAMPLEDATELOCAL,BIOMASS_MGM3,SECCHI_M,SAMPLETYPE
NRS,DAR20191105,Darwin,DAR,130.76805,-12.4,2019-11-06 07:38:00,41.06691,4,PZ
NRS,DAR20120114_2130,Darwin,DAR,130.76805,-12.4,2012-01-15 07:00:00,39.12967,2,PZ
NRS,DAR20121208_1630,Darwin,DAR,130.76805,-12.4,2012-12-09 02:00:00,60.47103,,PZ
NRS,DAR20130617_1130,Darwin,DAR,130.76805,-12.4,2013-06-17 21:00:00,23.55495,,PZ
NRS,DAR20190722_2130,Darwin,DAR,130.76805,-12.4,2019-07-23 07:00:00,52.76691,1.75,PZ
NRS,DAR20140906_0330,Darwin,DAR,130.76805,-12.4,2014-09-06 13:00:00,30.50458,5.5,Z
NRS,DAR20170715_0330,Darwin,DAR,130.76805,-12.4,2017-07-15 13:00:00,242.84681,2,PZ
NRS,DAR20170202_2130,Darwin,DAR,130.76805,-12.4,2017-02-03 07:00:00,56.44356,2.5,PZ
NRS,DAR20150203_0630,Darwin,DAR,130.76805,-12.4,2015-02-03 16:00:00,32.54827,3,Z
NRS,DAR20140702,Darwin,DAR,130.76805,-12.4,2014-07-03 09:08:00,31.04592,2,Z
NRS,ESP20090512,Esperance,ESP,121.85,-33.93333,2009-05-12 12:10:00,23.95266,14,PZ
NRS,ESP20121212,Esperance,ESP,121.85,-33.93333,2012-12-12 09:10:00,5.80741,11.5,PZ
NRS,ESP20090917,Esperance,ESP,121.85,-33.93333,2009-09-17 09:40:00,7.84276,11.5,PZ
NRS,KAI20130827,Kangaroo Island,KAI,136.44733,-35.83217,2013-08-28 08:55:00,1.71865,,PZ
NRS,KAI20180307,Kangaroo Island,KAI,136.44733,-35.83217,2018-03-07 12:20:00,15.54919,,PZ
NRS,KAI20111115,Kangaroo Island,KAI,136.44733,-35.83217,2011-11-15 11:30:00,2.34104,,PZ
NRS,KAI20101213,Kangaroo Island,KAI,136.44733,-35.83217,2010-12-14 08:30:00,4.15517,,PZ
NRS,KAI20100419,Kangaroo Island,KAI,136.44733,-35.83217,2010-04-20 07:00:00,0.96541,,PZ
NRS,KAI20160223,Kangaroo Island,KAI,136.44733,-35.83217,2016-02-24 07:55:00,14.23721,,PZ
NRS,MAI20111214,Maria Island,MAI,148.23333,-42.59667,2011-12-15 10:35:00,6.97538,9,PZ
NRS,MAI20170801,Maria Island,MAI,148.23333,-42.59667,2017-08-01 10:01:00,13.34842,21,PZ
NRS,MAI20190320,Maria Island,MAI,148.23333,-42.59667,2019-03-21 09:35:00,15.19202,30,FPZ
NRS,MAI20201118,Maria Island,MAI,148.23333,-42.59667,2020-11-19 09:45:00,35.151,10,PZ
NRS,MAI20140318,Maria Island,MAI,148.23333,-42.59667,2014-03-19 10:55:00,41.08258,14,PZ
NRS,MAI20141208,Maria Island,MAI,148.23333,-42.59667,2014-12-09 10:05:00,4.19053,13,FPZ
NRS,MAI20160831,Maria Island,MAI,148.23333,-42.59667,2016-08-31 10:26:00,2.88563,16,FPZ
NRS,MAI20140205,Maria Island,MAI,148.23333,-42.59667,2014-02-05 11:05:00,21.86546,17,PZ
NRS,NIN20130509,Ningaloo,NIN,113.779,-21.99,2013-05-09 10:20:00,13.16924,12,PZ
NRS,NIN20120226,Ningaloo,NIN,113.779,-21.99,2012-02-26 09:54:00,26.25362,8,PZ
NRS,NIN20130209,Ningaloo,NIN,113.779,-21.99,2013-02-09 09:22:00,49.52259,23,PZ
NRS,NSI20091215,North Stradbroke,NSI,153.562,-27.345,2009-12-16 09:00:00,25.58365,13.5,PZ
NRS,NSI20101215,North Stradbroke,NSI,153.562,-27.345,2010-12-16 08:30:00,12.00419,21,PZ
NRS,NSI20110727,North Stradbroke,NSI,153.562,-27.345,2011-07-28 09:30:00,6.35251,17,PZ
NRS,NSI20120213,North Stradbroke,NSI,153.562,-27.345,2012-02-14 08:00:00,6.75115,19,PZ
NRS,NSI20130806,North Stradbroke,NSI,153.562,-27.345,2013-08-06 10:15:00,13.50873,23,PZ
NRS,NSI20150907,North Stradbroke,NSI,153.562,-27.345,2015-09-07 10:40:00,13.75306,12,FPZ
NRS,NSI20151119,North Stradbroke,NSI,153.562,-27.345,2015-11-19 10:24:00,9.38088,20,FPZ
NRS,NSI20160517,North Stradbroke,NSI,153.562,-27.345,2016-05-17 10:30:00,9.90169,29,FPZ
NRS,NSI20161215,North Stradbroke,NSI,153.562,-27.345,2016-12-15 10:15:00,42.08861,15,FPZ
NRS,NSI20170117,North Stradbroke,NSI,153.562,-27.345,2017-01-17 10:30:00,12.67287,25,FPZ
NRS,NSI20180302,North Stradbroke,NSI,153.562,-27.345,2018-03-02 10:25:00,10.2939,21,FPZ
NRS,NSI20191220,North Stradbroke,NSI,153.562,-27.345,2019-12-20 10:20:00,9.78595,17,FPZ
NRS,NSI20200228,North Stradbroke,NSI,153.562,-27.345,2020-02-28 10:30:00,10.6861,22,FPZ
NRS,NSI20201116,North Stradbroke,NSI,153.562,-27.345,2020-11-16 10:10:00,25.98229,19,PZ
NRS,NSI20081119,North Stradbroke,NSI,153.562,-27.345,2008-11-19 10:30:00,7.27838,18,Z
NRS,NSI20090218,North Stradbroke,NSI,153.562,-27.345,2009-02-18 10:30:00,16.26063,14,Z
NRS,NSI20090416,North Stradbroke,NSI,153.562,-27.345,2009-04-16 10:30:00,10.14601,21,Z
NRS,NSI20180913,North Stradbroke,NSI,153.562,-27.345,2018-09-13 10:20:00,20.56851,27.5,FPZ
NRS,NSI20130520,North Stradbroke,NSI,153.562,-27.345,2013-05-20 10:05:00,11.20691,17,PZ
NRS,NSI20140306,North Stradbroke,NSI,153.562,-27.345,2014-03-06 10:15:00,23.1468,20,PZ
NRS,NSI20121114,North Stradbroke,NSI,153.562,-27.345,2012-11-14 10:45:00,19.54619,16.5,PZ
NRS,NSI20121017,North Stradbroke,NSI,153.562,-27.345,2012-10-17 10:20:00,21.71942,13,PZ
NRS,NSI20150304,North Stradbroke,NSI,153.562,-27.345,2015-03-04 10:30:00,6.30107,27,FPZ
NRS,NSI20171116,North Stradbroke,NSI,153.562,-27.345,2017-11-16 10:30:00,7.92135,24.5,FPZ
NRS,PH420020820,Port Hacking 4,PH4,151.21815,-34.11758,2002-08-20 00:00:00,,,Z
NRS,PH420020926,Port Hacking 4,PH4,151.21815,-34.11758,2002-09-26 00:00:00,,,Z
NRS,PH420030530,Port Hacking 4,PH4,151.21815,-34.11758,2003-05-30 00:00:00,,,Z
NRS,PH420031027,Port Hacking 4,PH4,151.21815,-34.11758,2003-10-27 00:00:00,,,Z
NRS,PH420040524,Port Hacking 4,PH4,151.21815,-34.11758,2004-05-24 00:00:00,,,Z
NRS,PH420040725,Port Hacking 4,PH4,151.21815,-34.11758,2004-07-25 00:00:00,,,Z
NRS,PHB20090422,Port Hacking,PHB,151.22667,-34.11923,2009-04-23 09:38:00,39.05509,13.25,PZ
NRS,PHB20090924,Port Hacking,PHB,151.22667,-34.11923,2009-09-25 08:45:00,32.36438,10.75,PZZ
NRS,PHB20100316,Port Hacking,PHB,151.22667,-34.11923,2010-03-17 09:05:00,30.88973,17.5,PZ
NRS,PHB20150630,Port Hacking,PHB,151.22667,-34.11923,2015-06-30 11:11:00,2.95636,17,FPZ
NRS,PHB20170205,Port Hacking,PHB,151.22667,-34.11923,2017-02-06 10:49:00,8.86908,11,FPZ
NRS,PHB20170321,Port Hacking,PHB,151.22667,-34.11923,2017-03-22 09:21:00,6.40427,,FPZ
NRS,PHB20171024,Port Hacking,PHB,151.22667,-34.11923,2017-10-25 09:01:00,8.19718,7.5,FPZ
NRS,PHB20180326,Port Hacking,PHB,151.22667,-34.11923,2018-03-27 09:40:00,9.32173,12,FPZ
NRS,PHB20180724,Port Hacking,PHB,151.22667,-34.11923,2018-07-25 09:33:00,6.05417,17,FPZ
NRS,PHB20201110,Port Hacking,PHB,151.22667,-34.11923,2020-11-11 08:40:00,21.23264,14,PZ
NRS,PHB20121218,Port Hacking,PHB,151.22667,-34.11923,2012-12-19 09:31:00,2.48249,9,PZ
NRS,PHB20150518,Port Hacking,PHB,151.22667,-34.11923,2015-05-19 09:43:00,4.80939,11,PZ
NRS,PHB20140515,Port Hacking,PHB,151.22667,-34.11923,2014-05-16 09:35:00,4.44515,22.5,Z
NRS,PHB20160407,Port Hacking,PHB,151.22667,-34.11923,2016-04-08 09:13:00,6.23452,14.5,FPZ
NRS,PHB20160229,Port Hacking,PHB,151.22667,-34.11923,2016-03-01 09:00:00,11.22427,13,FPZ
NRS,PHB20200812,Port Hacking,PHB,151.22667,-34.11923,2020-08-13 09:55:00,3.38369,5,PZ
NRS,PHB20130915,Port Hacking,PHB,151.22667,-34.11923,2013-09-16 08:15:00,4.36538,12,PZ
NRS,ROT20110923,Rottnest Island,ROT,115.41667,-32,2011-09-23 09:40:00,7.52056,21.5,PZ
NRS,ROT20160527,Rottnest Island,ROT,115.41667,-32,2016-05-27 09:30:00,25.02927,8.5,FPZ
NRS,ROT20170407,Rottnest Island,ROT,115.41667,-32,2017-04-07 09:28:00,46.35719,16,FPZ
NRS,ROT20180921,Rottnest Island,ROT,115.41667,-32,2018-09-21 09:27:00,4.99799,14.5,FPZ
NRS,ROT20111221,Rottnest Island,ROT,115.41667,-32,2011-12-21 15:45:00,14.66393,21,PZ
NRS,ROT20140122,Rottnest Island,ROT,115.41667,-32,2014-01-22 10:10:00,15.87413,15,PZ
NRS,ROT20150507,Rottnest Island,ROT,115.41667,-32,2015-05-07 09:36:00,11.04902,18,PZ
NRS,ROT20091222,Rottnest Island,ROT,115.41667,-32,2009-12-22 10:00:00,9.13155,16.3,PZ
NRS,ROT20190221,Rottnest Island,ROT,115.41667,-32,2019-02-21 09:30:00,8.74649,15,FPZ
NRS,ROT20171103,Rottnest Island,ROT,115.41667,-32,2017-11-03 09:25:00,14.20813,19,FPZ
NRS,ROT20160722,Rottnest Island,ROT,115.41667,-32,2016-07-22 13:20:00,20.89571,23.5,FZ
NRS,ROT20181211,Rottnest Island,ROT,115.41667,-32,2018-12-11 09:24:00,15.15115,15,FPZ
NRS,ROT20141119,Rottnest Island,ROT,115.41667,-32,2014-11-19 10:16:00,9.80738,17,PZ
NRS,ROT20200814,Rottnest Island,ROT,115.41667,-32,2020-08-14 09:21:00,11.72289,13,Z
NRS,YON20110811,Yongala,YON,147.61842,-19.30847,2011-08-11 11:00:00,4.44346,14,PZ
NRS,YON20110908,Yongala,YON,147.61842,-19.30847,2011-09-08 11:00:00,25.53836,13,PZ
NRS,YON20111213,Yongala,YON,147.61842,-19.30847,2011-12-13 12:55:00,12.17309,5.5,PZ
NRS,YON20130416,Yongala,YON,147.61842,-19.30847,2013-04-16 11:35:00,32.22129,11,PZ
NRS,YON20131205,Yongala,YON,147.61842,-19.30847,2013-12-05 11:26:00,191.84525,15,PZ
NRS,YON20150430,Yongala,YON,147.61842,-19.30847,2015-04-30 12:10:00,6.59659,13,PZ
NRS,YON20150224,Yongala,YON,147.61842,-19.30847,2015-02-24 10:40:00,32.96936,12,PZ
NRS,YON20110414,Yongala,YON,147.61842,-19.30847,2011-04-14 11:27:00,25.74711,16,PZ
NRS,YON20201026,Yongala,YON,147.61842,-19.30847,2020-10-26 10:40:00,13.29655,11,PZ
NRS,YON20201209,Yongala,YON,147.61842,-19.30847,2020-12-10 08:00:00,17.34563,9,PZ
NRS,YON20180927,Yongala,YON,147.61842,-19.30847,2018-09-27 10:52:00,11.86434,16,PZ
NRS,YON20180720,Yongala,YON,147.61842,-19.30847,2018-07-20 10:56:00,16.81519,21,PZ
NWS,NWS_1.1,North West Shelf,NWS,120.6191,-18.1717,2015-01-18 00:11:00,,,P
NWS,NWS_1.2,North West Shelf,NWS,120.6191,-18.1717,2015-01-18 00:11:01,,,P
NWS,NWS_8.2,North West Shelf,NWS,120.6191,-18.1717,2015-01-22 10:04:01,,,P
NWS,NWS_9.2,North West Shelf,NWS,120.6191,-18.1717,2015-01-22 10:57:01,,,P
NWS,NWS_15.1,North West Shelf,NWS,120.6191,-18.1717,2015-01-24 01:34:00,,,P
NWS,NWS_19.1,North West Shelf,NWS,120.6191,-18.1717,2015-01-24 22:04:01,,,P
IIOE,IIOE20190528,International Indian Ocean Expedition,IIOE,110,-22.998,2019-05-28 16:00:00,,,PZ
SOTS,SOTS20120714,Southern Ocean Time Series,SOTS,142.25826,-46.93473,2012-07-14 16:48:00,,,Z
NRS Ichthyoplankton,NSF20160920,North Stradbroke Ichthyo 30m,NSF,153.5802,-27.3889,2016-09-20 10:15:00,,,F
NRS Ichthyoplankton,NSF20161116,North Stradbroke Ichthyo 30m,NSF,153.5802,-27.3889,2016-11-16 10:15:00,,,F
NRS Ichthyoplankton,NSF20180123,North Stradbroke Ichthyo 30m,NSF,153.5802,-27.3889,2018-01-23 10:20:00,,,F
NRS Ichthyoplankton,NSF20180913,North Stradbroke Ichthyo 30m,NSF,153.5802,-27.3889,2018-09-13 10:20:00,,,F
NRS Ichthyoplankton,NSF20190618,North Stradbroke Ichthyo 30m,NSF,153.5802,-27.3889,2019-06-18 10:00:00,,,F
NRS Ichthyoplankton,NSF20200228,North Stradbroke Ichthyo 30m,NSF,153.5802,-27.3889,2020-02-28 10:30:00,,,F
NRS Ichthyoplankton,NSF20200528,North Stradbroke Ichthyo 30m,NSF,153.5802,-27.3889,2020-05-28 11:00:00,,,F
NRS Ichthyoplankton,PHA20141021,Port Hacking A,PHA,151.21667,-34.08333,2014-10-22 09:30:00,,,F
NRS Ichthyoplankton,PHA20170716,Port Hacking A,PHA,151.21667,-34.08333,2017-07-17 09:42:00,,,F
NRS Ichthyoplankton,PHA20181218,Port Hacking A,PHA,151.21667,-34.08333,2018-12-19 09:40:00,,,F
NRS Ichthyoplankton,PHA20190408,Port Hacking A,PHA,151.21667,-34.08333,2019-04-09 08:50:00,,,F
NRS Ichthyoplankton,ROF20190819,Rottnest Island Ichthyo 34m,ROF,115.48333,-31.96666,2019-08-19 08:31:00,,,F
NRS,DAR20140403,Darwin,DAR,130.76805,-12.4,2014-04-04 08:03:00,69.4428,4,Z
NRS,DAR20140906_0930,Darwin,DAR,130.76805,-12.4,2014-09-06 19:00:00,32.25737,,Z
NRS,DAR20190213_2130,Darwin,DAR,130.76805,-12.4,2019-02-14 07:00:00,14.45175,1,PZ
NRS,DAR20190214_0330,Darwin,DAR,130.76805,-12.4,2019-02-14 13:00:00,10.98338,1.2,PZ
NRS,DAR20181030,Darwin,DAR,130.76805,-12.4,2018-10-31 08:26:00,,2.5,P
NRS,DAR20110627,Darwin,DAR,130.76805,-12.4,2011-06-27 13:48:00,5.56585,8,PZ
NRS,DAR20200921_2130,Darwin,DAR,130.76805,-12.4,2020-09-22 07:00:00,457.0784,0.4,PZ
NRS,DAR20200511,Darwin,DAR,130.76805,-12.4,2020-05-12 08:20:00,205.66809,1,PZ
NRS,KAI20130220,Kangaroo Island,KAI,136.44733,-35.83217,2013-02-21 07:20:00,4.10212,,Z
NRS,KAI20101120,Kangaroo Island,KAI,136.44733,-35.83217,2010-11-21 05:00:00,1.13515,,PZ
NRS,KAI20110427,Kangaroo Island,KAI,136.44733,-35.83217,2011-04-28 07:35:00,0.00176,,PZ
NRS,KAI20190320,Kangaroo Island,KAI,136.44733,-35.83217,2019-03-20 13:40:00,12.09774,,FPZ
NRS,KAI20200204,Kangaroo Island,KAI,136.44733,-35.83217,2020-02-04 14:25:00,12.02701,,PZ
NRS,MAI20120119,Maria Island,MAI,148.23333,-42.59667,2012-01-19 12:00:00,12.92524,15,PZ
NRS,MAI20170412,Maria Island,MAI,148.23333,-42.59667,2017-04-12 10:15:00,10.2506,19,FPZ
NRS,MAI20170626,Maria Island,MAI,148.23333,-42.59667,2017-06-27 09:25:00,0.74969,18,PZ
NRS,MAI20180315,Maria Island,MAI,148.23333,-42.59667,2018-03-16 08:45:00,23.33969,21,FPZ
NRS,MAI20190731,Maria Island,MAI,148.23333,-42.59667,2019-07-31 10:20:00,8.99167,21,FPZ
NRS,MAI20191210,Maria Island,MAI,148.23333,-42.59667,2019-12-11 09:30:00,9.58106,17,FPZ
NRS,MAI20140619,Maria Island,MAI,148.23333,-42.59667,2014-06-19 11:30:00,1.29193,18,PZ
NRS,MAI20090820,Maria Island,MAI,148.23333,-42.59667,2009-08-20 11:30:00,1.94055,19,PZ
NRS,MAI20110118,Maria Island,MAI,148.23333,-42.59667,2011-01-19 10:30:00,10.45424,10,PZ
NRS,MAI20110223,Maria Island,MAI,148.23333,-42.59667,2011-02-23 11:15:00,8.83637,23,PZ
NRS,MAI20110812,Maria Island,MAI,148.23333,-42.59667,2011-08-12 10:55:00,0.65421,21,PZ
NRS,MAI20111005,Maria Island,MAI,148.23333,-42.59667,2011-10-05 12:24:00,11.93507,10,PZ
NRS,MAI20130214,Maria Island,MAI,148.23333,-42.59667,2013-02-14 11:00:00,9.89238,18,PZ
NRS,MAI20180116,Maria Island,MAI,148.23333,-42.59667,2018-01-17 10:30:00,51.00785,16,FPZ
NRS,NIN20110209,Ningaloo,NIN,113.779,-21.99,2011-02-09 10:15:00,59.31112,12.5,PZ
NRS,NIN20120509,Ningaloo,NIN,113.779,-21.99,2012-05-09 10:50:00,25.84341,12.5,PZ
NRS,NSI20110412,North Stradbroke,NSI,153.562,-27.345,2011-04-13 09:25:00,9.83739,27,PZ
NRS,NSI20150528,North Stradbroke,NSI,153.562,-27.345,2015-05-28 10:15:00,9.39374,19,FPZ
NRS,NSI20160720,North Stradbroke,NSI,153.562,-27.345,2016-07-20 10:30:00,9.09155,25,FZ
NRS,NSI20160920,North Stradbroke,NSI,153.562,-27.345,2016-09-20 10:15:00,10.52536,19,FPZ
NRS,NSI20161116,North Stradbroke,NSI,153.562,-27.345,2016-11-16 10:15:00,13.11009,29,FPZ
NRS,NSI20170927,North Stradbroke,NSI,153.562,-27.345,2017-09-27 10:40:00,16.08703,13,FPZ
NRS,NSI20180320,North Stradbroke,NSI,153.562,-27.345,2018-03-20 10:40:00,10.2939,27,FPZ
NRS,NSI20200625,North Stradbroke,NSI,153.562,-27.345,2020-06-25 10:35:00,14.17099,19,PZ
NRS,NSI20210226,North Stradbroke,NSI,153.562,-27.345,2021-02-26 10:40:00,,26,PZ
NRS,NSI20210415,North Stradbroke,NSI,153.562,-27.345,2021-04-16 09:40:00,,22.8,PZ
NRS,NSI20081217,North Stradbroke,NSI,153.562,-27.345,2008-12-17 11:00:00,32.91347,,Z
NRS,NSI20090720,North Stradbroke,NSI,153.562,-27.345,2009-07-20 11:07:00,45.98499,19,Z
NRS,NSI20090318,North Stradbroke,NSI,153.562,-27.345,2009-03-18 10:30:00,10.95615,,Z
NRS,NSI20181023,North Stradbroke,NSI,153.562,-27.345,2018-10-23 10:30:00,15.18044,25.5,FPZ
NRS,NSI20180817,North Stradbroke,NSI,153.562,-27.345,2018-08-17 10:20:00,11.82416,15,FPZ
NRS,NSI20180718,North Stradbroke,NSI,153.562,-27.345,2018-07-18 10:20:00,16.10632,13.5,FPZ
NRS,NSI20151216,North Stradbroke,NSI,153.562,-27.345,2015-12-16 10:30:00,14.55034,17,FPZ
NRS,NSI20150731,North Stradbroke,NSI,153.562,-27.345,2015-07-31 10:15:00,14.05525,26,FPZ
NRS,NSI20140725,North Stradbroke,NSI,153.562,-27.345,2014-07-25 10:35:00,12.31924,17,PZ
NRS,NSI20131016,North Stradbroke,NSI,153.562,-27.345,2013-10-16 10:40:00,17.93877,19,PZ
NRS,NSI20130111,North Stradbroke,NSI,153.562,-27.345,2013-01-11 10:40:00,14.47318,14,PZ
NRS,PH420021021,Port Hacking 4,PH4,151.21815,-34.11758,2002-10-21 00:00:00,,,Z
NRS,PH420031114,Port Hacking 4,PH4,151.21815,-34.11758,2003-11-14 00:00:00,,,Z
NRS,PH420041116,Port Hacking 4,PH4,151.21815,-34.11758,2004-11-16 00:00:00,,,Z
NRS,PH420050510,Port Hacking 4,PH4,151.21815,-34.11758,2005-05-10 00:00:00,,,Z
NRS,PH420051115,Port Hacking 4,PH4,151.21815,-34.11758,2005-11-15 00:00:00,,,Z
NRS,PH420071026,Port Hacking 4,PH4,151.21815,-34.11758,2007-10-26 00:00:00,,,Z
NRS,PH420080130,Port Hacking 4,PH4,151.21815,-34.11758,2008-01-30 00:00:00,,,Z
NRS,PH420080620,Port Hacking 4,PH4,151.21815,-34.11758,2008-06-20 00:00:00,,,Z
NRS,PHB20100510,Port Hacking,PHB,151.22667,-34.11923,2010-05-11 09:13:00,17.7806,19.5,PZ
NRS,PHB20100609,Port Hacking,PHB,151.22667,-34.11923,2010-06-09 10:53:00,9.82035,20.5,Z
NRS,PHB20100817,Port Hacking,PHB,151.22667,-34.11923,2010-08-18 09:30:00,66.4368,15,PZ
NRS,PHB20101013,Port Hacking,PHB,151.22667,-34.11923,2010-10-14 10:18:00,,,P
NRS,PHB20101213,Port Hacking,PHB,151.22667,-34.11923,2010-12-14 09:30:00,23.30079,8.5,PZ
NRS,PHB20120821,Port Hacking,PHB,151.22667,-34.11923,2012-08-22 09:19:00,14.08869,16,PZ
NRS,PHB20141021,Port Hacking,PHB,151.22667,-34.11923,2014-10-22 09:30:00,8.0239,10,FPZ
NRS,PHB20190408,Port Hacking,PHB,151.22667,-34.11923,2019-04-09 08:50:00,11.1005,18,FPZ
NRS,PHB20190729,Port Hacking,PHB,151.22667,-34.11923,2019-07-29 10:03:00,16.90505,14,FPZ
NRS,PHB20210310,Port Hacking,PHB,151.22667,-34.11923,2021-03-11 09:26:00,,15,PZ
NRS,PHB20210421,Port Hacking,PHB,151.22667,-34.11923,2021-04-22 09:18:00,,11,PZ
NRS,PHB20140120,Port Hacking,PHB,151.22667,-34.11923,2014-01-21 09:43:00,4.40034,10,PZ
NRS,PHB20190626,Port Hacking,PHB,151.22667,-34.11923,2019-06-27 09:38:00,1.57366,18,FPZ
NRS,ROT20100520,Rottnest Island,ROT,115.41667,-32,2010-05-20 10:05:00,6.01959,17,PZ
NRS,ROT20100924,Rottnest Island,ROT,115.41667,-32,2010-09-24 12:22:00,6.64041,22,PZ
NRS,ROT20101124,Rottnest Island,ROT,115.41667,-32,2010-11-24 11:07:00,10.92329,17.2,PZ
NRS,ROT20111020,Rottnest Island,ROT,115.41667,-32,2011-10-20 12:00:00,5.27304,17,PZ
NRS,ROT20141216,Rottnest Island,ROT,115.41667,-32,2014-12-16 09:37:00,10.51465,20,Z
NRS,ROT20151215,Rottnest Island,ROT,115.41667,-32,2015-12-15 08:22:00,7.35554,17.5,PZ
NRS,ROT20160502,Rottnest Island,ROT,115.41667,-32,2016-05-02 09:44:00,12.73074,16,FPZ
NRS,ROT20180620,Rottnest Island,ROT,115.41667,-32,2018-06-20 09:56:00,15.90557,15,FPZ
NRS,ROT20180831,Rottnest Island,ROT,115.41667,-32,2018-08-31 10:07:00,38.38869,9,FPZ
NRS,ROT20140319,Rottnest Island,ROT,115.41667,-32,2014-03-19 12:30:00,11.42623,24,PZ
NRS,ROT20110125,Rottnest Island,ROT,115.41667,-32,2011-01-25 09:10:00,4.51077,15.5,PZ
NRS,ROT20110826,Rottnest Island,ROT,115.41667,-32,2011-08-26 09:43:00,8.27498,12.5,PZ
NRS,ROT20120523,Rottnest Island,ROT,115.41667,-32,2012-05-23 12:22:00,15.18259,14,PZ
NRS,ROT20120727,Rottnest Island,ROT,115.41667,-32,2012-07-27 09:55:00,13.95666,17,PZ
NRS,ROT20130423,Rottnest Island,ROT,115.41667,-32,2013-04-23 10:38:00,6.64827,16,PZ
NRS,ROT20200825,Rottnest Island,ROT,115.41667,-32,2020-08-25 10:40:00,20.68746,20.5,PZ
NRS,ROT20190306,Rottnest Island,ROT,115.41667,-32,2019-03-06 10:24:00,7.48913,12,FPZ
NRS,ROT20121019,Rottnest Island,ROT,115.41667,-32,2012-10-19 09:54:00,13.86236,25,PZ
NRS,ROT20170802,Rottnest Island,ROT,115.41667,-32,2017-08-02 09:33:00,22.00375,14,FPZ
NRS,ROT20180328,Rottnest Island,ROT,115.41667,-32,2018-03-28 09:23:00,11.54684,17,FPZ
NRS,ROT20131001,Rottnest Island,ROT,115.41667,-32,2013-10-01 11:55:00,96.76937,13,PZ
NRS,ROT20180719,Rottnest Island,ROT,115.41667,-32,2018-07-19 09:35:00,12.57357,13,FPZ
NRS,ROT20180727,Rottnest Island,ROT,115.41667,-32,2018-07-27 09:33:00,18.29455,13,FPZ
NRS,ROT20160621,Rottnest Island,ROT,115.41667,-32,2016-06-21 09:26:00,26.46737,13,FPZ
NRS,YON20120112,Yongala,YON,147.61842,-19.30847,2012-01-12 11:30:00,17.31435,9.5,PZ
NRS,YON20120208,Yongala,YON,147.61842,-19.30847,2012-02-08 10:49:00,39.13071,11,PZ
NRS,YON20151111,Yongala,YON,147.61842,-19.30847,2015-11-11 10:45:00,11.49303,15,PZ
NRS,YON20170220,Yongala,YON,147.61842,-19.30847,2017-02-20 10:29:00,7.20864,11.5,PZ
NRS,YON20201120,Yongala,YON,147.61842,-19.30847,2020-11-20 11:30:00,8.00976,12,PZ
NRS,YON20141014,Yongala,YON,147.61842,-19.30847,2014-10-14 12:02:00,10.62255,9,PZ
NRS,YON20170120,Yongala,YON,147.61842,-19.30847,2017-01-20 10:00:00,21.88436,18,PZ
NRS,YON20140317,Yongala,YON,147.61842,-19.30847,2014-03-17 14:07:00,25.80152,16,PZ
NRS,YON20140220,Yongala,YON,147.61842,-19.30847,2014-02-20 10:48:00,12.49952,10,PZ
NRS,YON20210406,Yongala,YON,147.61842,-19.30847,2021-04-07 09:30:00,,13,PZ
NRS,YON20190528,Yongala,YON,147.61842,-19.30847,2019-05-28 10:25:00,23.97623,11,PZ
NRS,YON20130912,Yongala,YON,147.61842,-19.30847,2013-09-12 11:26:00,50.33812,11,PZ
NRS,YON20100817,Yongala,YON,147.61842,-19.30847,2010-08-17 10:15:00,7.41266,17,PZ
NRS,YON20110616,Yongala,YON,147.61842,-19.30847,2011-06-16 11:25:00,16.96072,18,PZ
NRS,YON20170724,Yongala,YON,147.61842,-19.30847,2017-07-24 10:45:00,4.99328,14,PZ
NRS,YON20200904,Yongala,YON,147.61842,-19.30847,2020-09-04 11:11:00,12.90756,16,PZ
NWS,NWS_2.1,North West Shelf,NWS,120.6191,-18.1717,2015-01-19 23:55:00,,,P
NWS,NWS_4.1,North West Shelf,NWS,120.6191,-18.1717,2015-01-21 00:15:00,,,P
NWS,NWS_5.2,North West Shelf,NWS,120.6191,-18.1717,2015-01-22 01:16:01,,,P
IIOE,IIOE20190602,International Indian Ocean Expedition,IIOE,110,-15.498,2019-06-02 16:25:00,,,PZ
IIOE,IIOE20190527,International Indian Ocean Expedition,IIOE,110,-24.505,2019-05-27 17:26:00,,,PZ
IIOE,IIOE20190608,International Indian Ocean Expedition,IIOE,111.384,-18.372,2019-06-08 15:45:00,,,PZ
NRS Ichthyoplankton,NSF20151216,North Stradbroke Ichthyo 30m,NSF,153.5802,-27.3889,2015-12-16 10:30:00,,,F
NRS Ichthyoplankton,NSF20160120,North Stradbroke Ichthyo 30m,NSF,153.5802,-27.3889,2016-01-20 10:30:00,,,F
NRS Ichthyoplankton,NSF20160318,North Stradbroke Ichthyo 30m,NSF,153.5802,-27.3889,2016-03-18 10:30:00,,,F
NRS Ichthyoplankton,NSF20160822,North Stradbroke Ichthyo 30m,NSF,153.5802,-27.3889,2016-08-22 10:50:00,,,F
NRS Ichthyoplankton,NSF20170516,North Stradbroke Ichthyo 30m,NSF,153.5802,-27.3889,2017-05-16 10:20:00,,,F
NRS Ichthyoplankton,NSF20170927,North Stradbroke Ichthyo 30m,NSF,153.5802,-27.3889,2017-09-27 10:40:00,,,F
NRS Ichthyoplankton,NSF20171219,North Stradbroke Ichthyo 30m,NSF,153.5802,-27.3889,2017-12-19 10:45:00,,,F
NRS Ichthyoplankton,NSF20200122,North Stradbroke Ichthyo 30m,NSF,153.5802,-27.3889,2020-01-22 10:35:00,,,F
NRS Ichthyoplankton,PHA20160201,Port Hacking A,PHA,151.21667,-34.08333,2016-02-02 10:52:00,,,F
NRS Ichthyoplankton,PHA20160229,Port Hacking A,PHA,151.21667,-34.08333,2016-03-01 09:00:00,,,F
NRS Ichthyoplankton,PHA20160615,Port Hacking A,PHA,151.21667,-34.08333,2016-06-15 11:06:00,,,F
NRS Ichthyoplankton,PHA20160926,Port Hacking A,PHA,151.21667,-34.08333,2016-09-27 09:54:00,,,F
NRS Ichthyoplankton,PHA20170921,Port Hacking A,PHA,151.21667,-34.08333,2017-09-22 08:48:00,,,F
NRS Ichthyoplankton,PHA20180626,Port Hacking A,PHA,151.21667,-34.08333,2018-06-27 09:41:00,,,F
NRS Ichthyoplankton,PHA20180724,Port Hacking A,PHA,151.21667,-34.08333,2018-07-25 09:33:00,,,F
NRS Ichthyoplankton,PHA20191118,Port Hacking A,PHA,151.21667,-34.08333,2019-11-19 09:15:00,,,F
NRS Ichthyoplankton,ROF20190621,Rottnest Island Ichthyo 34m,ROF,115.48333,-31.96666,2019-06-21 09:15:00,,,F
NRS Ichthyoplankton,ROF20191011,Rottnest Island Ichthyo 34m,ROF,115.48333,-31.96666,2019-10-11 10:07:00,,,F
NRS,DAR20190529,Darwin,DAR,130.76805,-12.4,2019-05-30 08:39:00,93.93976,4,PZ
NRS,DAR20121208_2330,Darwin,DAR,130.76805,-12.4,2012-12-09 09:00:00,58.09384,4.5,PZ
NRS,DAR20170715_0630,Darwin,DAR,130.76805,-12.4,2017-07-15 16:00:00,137.47436,2,PZ
NRS,DAR20180731_0630,Darwin,DAR,130.76805,-12.4,2018-07-31 16:00:00,25.93889,1.5,PZ
NRS,DAR20200204_0030,Darwin,DAR,130.76805,-12.4,2020-02-04 10:00:00,74.89921,4,PZ
NRS,DAR20200922_0330,Darwin,DAR,130.76805,-12.4,2020-09-22 13:00:00,591.36077,0.7,PZ
NRS,DAR20190214_0630,Darwin,DAR,130.76805,-12.4,2019-02-14 16:00:00,8.17513,1.2,PZ
NRS,DAR20140117_1950,Darwin,DAR,130.76805,-12.4,2014-01-18 05:20:00,1.44399,,Z
NRS,DAR20160724_0430,Darwin,DAR,130.76805,-12.4,2016-07-24 14:00:00,27.8485,2,PZ
NRS,DAR20180209_0030,Darwin,DAR,130.76805,-12.4,2018-02-09 10:00:00,42.65144,2.7,PZ
NRS,DAR20190723_0030,Darwin,DAR,130.76805,-12.4,2019-07-23 10:00:00,74.98762,1.75,PZ
NRS,DAR20190723_0330,Darwin,DAR,130.76805,-12.4,2019-07-23 13:00:00,44.43279,3.2,PZ
NRS,DAR20161107,Darwin,DAR,130.76805,-12.4,2016-11-08 08:11:00,22.03568,2.5,PZ
NRS,DAR20210428_0330,Darwin,DAR,130.76805,-12.4,2021-04-28 12:57:00,,1.5,PZ
NRS,DAR20130617_0800,Darwin,DAR,130.76805,-12.4,2013-06-17 17:30:00,11.8236,3.5,PZ
NRS,DAR20111005,Darwin,DAR,130.76805,-12.4,2011-10-05 09:31:00,1.37523,2.1,PZ
NRS,DAR20201123,Darwin,DAR,130.76805,-12.4,2020-11-24 07:23:00,28.39158,3,PZ
NRS,DAR20140118_0330,Darwin,DAR,130.76805,-12.4,2014-01-18 13:00:00,112.3717,0.5,Z
NRS,DAR20160202_0030,Darwin,DAR,130.76805,-12.4,2016-02-02 10:00:00,9.07654,2,PZ
NRS,DAR20151117,Darwin,DAR,130.76805,-12.4,2015-11-18 08:16:00,12.2731,2.5,PZ
NRS,ESP20111130,Esperance,ESP,121.85,-33.93333,2011-11-30 14:38:00,11.21405,14,PZ
NRS,ESP20120910,Esperance,ESP,121.85,-33.93333,2012-09-10 12:51:00,6.56183,13,PZ
NRS,ESP20130314,Esperance,ESP,121.85,-33.93333,2013-03-14 09:24:00,14.29458,21,PZ
NRS,ESP20110120,Esperance,ESP,121.85,-33.93333,2011-01-20 08:50:00,3.66205,15,PZ
NRS,ESP20120309,Esperance,ESP,121.85,-33.93333,2012-03-09 09:34:00,23.78763,14.5,Z
NRS,KAI20141201,Kangaroo Island,KAI,136.44733,-35.83217,2014-12-02 06:05:00,45.93323,,FPZ
NRS,KAI20130423,Kangaroo Island,KAI,136.44733,-35.83217,2013-04-23 13:16:00,1.79998,,Z
NRS,KAI20160915,Kangaroo Island,KAI,136.44733,-35.83217,2016-09-15 11:18:00,17.11931,,FPZ
NRS,KAI20110718,Kangaroo Island,KAI,136.44733,-35.83217,2011-07-19 09:00:00,0.0106,13.5,Z
NRS,KAI20171129,Kangaroo Island,KAI,136.44733,-35.83217,2017-11-29 14:50:00,7.44041,,FPZ
NRS,KAI20190909,Kangaroo Island,KAI,136.44733,-35.83217,2019-09-10 07:50:00,1.20234,,FPZ
NRS,KAI20090205,Kangaroo Island,KAI,136.44733,-35.83217,2009-02-05 14:05:00,,17.8,P
NRS,KAI20170315,Kangaroo Island,KAI,136.44733,-35.83217,2017-03-15 12:27:00,33.89914,0,FPZ
NRS,MAI20120621,Maria Island,MAI,148.23333,-42.59667,2012-06-21 11:00:00,1.32611,16,Z
NRS,MAI20120724,Maria Island,MAI,148.23333,-42.59667,2012-07-24 10:50:00,1.76815,19,PZ
NRS,MAI20121002,Maria Island,MAI,148.23333,-42.59667,2012-10-02 10:15:00,11.35158,15,PZ
NRS,MAI20170323,Maria Island,MAI,148.23333,-42.59667,2017-03-24 09:30:00,8.88323,19,FPZ
NRS,MAI20180418,Maria Island,MAI,148.23333,-42.59667,2018-04-19 09:30:00,21.11889,20,FPZ
NRS,MAI20200628,Maria Island,MAI,148.23333,-42.59667,2020-06-29 09:45:00,1.33908,18,PZ
NRS,MAI20201020,Maria Island,MAI,148.23333,-42.59667,2020-10-21 10:10:00,22.48626,10,PZ
NRS,MAI20210428,Maria Island,MAI,148.23333,-42.59667,2021-04-28 10:18:00,,21,PZ
NRS,MAI20140821,Maria Island,MAI,148.23333,-42.59667,2014-08-21 11:50:00,1.15048,20,PZ
NRS,MAI20200106,Maria Island,MAI,148.23333,-42.59667,2020-01-07 09:45:00,64.62503,14,PZ
NRS,MAI20180627,Maria Island,MAI,148.23333,-42.59667,2018-06-28 09:00:00,7.0632,24,PZ
NRS,MAI20160630,Maria Island,MAI,148.23333,-42.59667,2016-07-01 09:30:00,0.40078,14,FPZ
NRS,MAI20100527,Maria Island,MAI,148.23333,-42.59667,2010-05-27 11:30:00,4.16401,26,PZ
NRS,MAI20160209,Maria Island,MAI,148.23333,-42.59667,2016-02-10 10:45:00,4.24358,18,FPZ
NRS,MAI20150526,Maria Island,MAI,148.23333,-42.59667,2015-05-26 10:35:00,0.70726,23,FPZ
NRS,MAI20130528,Maria Island,MAI,148.23333,-42.59667,2013-05-28 10:56:00,,19,P
NRS,MAI20151001,Maria Island,MAI,148.23333,-42.59667,2015-10-01 11:05:00,26.87601,11,PZ
NRS,MAI20200928,Maria Island,MAI,148.23333,-42.59667,2020-09-29 09:00:00,4.99328,16,PZ
NRS,MAI20170223,Maria Island,MAI,148.23333,-42.59667,2017-02-24 08:50:00,17.28552,13,FPZ
NRS,MAI20110328,Maria Island,MAI,148.23333,-42.59667,2011-03-29 10:30:00,8.9292,12,PZ
NRS,NSI20100322,North Stradbroke,NSI,153.562,-27.345,2010-03-23 09:15:00,41.88929,18,PZ
NRS,NSI20150817,North Stradbroke,NSI,153.562,-27.345,2015-08-17 10:30:00,15.57908,21,FPZ
NRS,NSI20160822,North Stradbroke,NSI,153.562,-27.345,2016-08-22 10:50:00,17.55942,19,FPZ
NRS,NSI20170516,North Stradbroke,NSI,153.562,-27.345,2017-05-16 10:20:00,10.49964,21.5,FPZ
NRS,NSI20170829,North Stradbroke,NSI,153.562,-27.345,2017-08-29 11:50:00,10.22317,18,FPZ
NRS,NSI20180530,North Stradbroke,NSI,153.562,-27.345,2018-05-30 10:20:00,9.65736,24.5,FPZ
NRS,NSI20190416,North Stradbroke,NSI,153.562,-27.345,2019-04-16 10:10:00,11.59912,20.5,FPZ
NRS,NSI20100618,North Stradbroke,NSI,153.562,-27.345,2010-06-18 12:30:00,21.73871,12.5,PZ
NRS,NSI20130123,North Stradbroke,NSI,153.562,-27.345,2013-01-23 10:15:00,11.32264,22,PZ
NRS,NSI20101018,North Stradbroke,NSI,153.562,-27.345,2010-10-18 10:00:00,25.14643,19,PZ
NRS,NSI20150119,North Stradbroke,NSI,153.562,-27.345,2015-01-19 10:35:00,12.58286,27,FPZ
NRS,NSI20130913,North Stradbroke,NSI,153.562,-27.345,2013-09-13 10:25:00,10.28201,19,PZ
NRS,NSI20171219,North Stradbroke,NSI,153.562,-27.345,2017-12-19 10:45:00,8.28141,26,FPZ
NRS,PH420020318,Port Hacking 4,PH4,151.21815,-34.11758,2002-03-18 00:00:00,,,Z
NRS,PH420020426,Port Hacking 4,PH4,151.21815,-34.11758,2002-04-26 00:00:00,,,Z
NRS,PH420021120,Port Hacking 4,PH4,151.21815,-34.11758,2002-11-20 00:00:00,,,Z
NRS,PH420030911,Port Hacking 4,PH4,151.21815,-34.11758,2003-09-11 00:00:00,,,Z
NRS,PH420031210,Port Hacking 4,PH4,151.21815,-34.11758,2003-12-10 00:00:00,,,Z
NRS,PH420040326,Port Hacking 4,PH4,151.21815,-34.11758,2004-03-26 00:00:00,,,Z
NRS,PH420040914,Port Hacking 4,PH4,151.21815,-34.11758,2004-09-14 00:00:00,,,Z
NRS,PH420050817,Port Hacking 4,PH4,151.21815,-34.11758,2005-08-17 00:00:00,,,Z
NRS,PH420050909,Port Hacking 4,PH4,151.21815,-34.11758,2005-09-09 00:00:00,,,Z
NRS,PH420061213,Port Hacking 4,PH4,151.21815,-34.11758,2006-12-13 00:00:00,,,Z
NRS,PHB20091018,Port Hacking,PHB,151.22667,-34.11923,2009-10-19 09:55:00,19.84935,15,PZZ
NRS,PHB20091110,Port Hacking,PHB,151.22667,-34.11923,2009-11-11 09:45:00,37.99773,22,PZ
NRS,PHB20101019,Port Hacking,PHB,151.22667,-34.11923,2010-10-20 10:40:00,,19.5,P
NRS,PHB20110619,Port Hacking,PHB,151.22667,-34.11923,2011-06-20 09:34:00,1.35087,14,PZ
NRS,PHB20111117,Port Hacking,PHB,151.22667,-34.11923,2011-11-18 09:36:00,4.8589,15,PZ
NRS,PHB20111206,Port Hacking,PHB,151.22667,-34.11923,2011-12-07 09:30:00,32.37033,15,PZ
NRS,PHB20120212,Port Hacking,PHB,151.22667,-34.11923,2012-02-13 10:00:00,12.56453,13.5,PZ
NRS,PHB20190121,Port Hacking,PHB,151.22667,-34.11923,2019-01-22 09:43:00,9.94412,15,FPZ
NRS,PHB20200609,Port Hacking,PHB,151.22667,-34.11923,2020-06-10 09:32:00,4.45222,12,PZ
NRS,PHB20201013,Port Hacking,PHB,151.22667,-34.11923,2020-10-14 09:48:00,,15,P
NRS,PHB20090518,Port Hacking,PHB,151.22667,-34.11923,2009-05-19 09:25:00,44.25701,11.5,PZ
NRS,PHB20170419,Port Hacking,PHB,151.22667,-34.11923,2017-04-19 10:00:00,9.12723,17,Z
NRS,PHB20141208,Port Hacking,PHB,151.22667,-34.11923,2014-12-09 09:51:00,2.95599,16,PZ
NRS,PHB20160829,Port Hacking,PHB,151.22667,-34.11923,2016-08-30 09:20:00,9.39953,15,FPZ
NRS,PHB20160719,Port Hacking,PHB,151.22667,-34.11923,2016-07-19 10:19:00,6.17087,11,FPZ
NRS,ROT20160413,Rottnest Island,ROT,115.41667,-32,2016-04-13 09:30:00,28.77776,16,FPZ
NRS,ROT20210407,Rottnest Island,ROT,115.41667,-32,2021-04-07 09:24:00,,13.5,PZ
NRS,ROT20170626,Rottnest Island,ROT,115.41667,-32,2017-06-26 09:46:00,13.58731,16,FPZ
NRS,ROT20110324,Rottnest Island,ROT,115.41667,-32,2011-03-24 09:35:00,4.62864,13.5,PZ
NRS,ROT20120130,Rottnest Island,ROT,115.41667,-32,2012-01-30 11:09:00,13.79949,15,PZ
NRS,ROT20120329,Rottnest Island,ROT,115.41667,-32,2012-03-29 10:03:00,18.98609,16.5,PZ
NRS,ROT20120504,Rottnest Island,ROT,115.41667,-32,2012-05-04 13:00:00,13.42229,12.5,PZ
NRS,ROT20120928,Rottnest Island,ROT,115.41667,-32,2012-09-28 11:41:00,14.89182,15,PZ
NRS,ROT20121126,Rottnest Island,ROT,115.41667,-32,2012-11-26 11:02:00,11.11189,22,PZ
NRS,ROT20130221,Rottnest Island,ROT,115.41667,-32,2013-02-21 12:55:00,16.02344,22,PZ
NRS,ROT20190819,Rottnest Island,ROT,115.41667,-32,2019-08-19 08:31:00,13.23044,23,FPZ
NRS,ROT20140624,Rottnest Island,ROT,115.41667,-32,2014-06-24 13:16:00,16.49495,13,PZ
NRS,ROT20170914,Rottnest Island,ROT,115.41667,-32,2017-09-14 09:45:00,4.74652,12,FPZ
NRS,ROT20161024,Rottnest Island,ROT,115.41667,-32,2016-10-24 09:35:00,7.74846,17.5,FPZ
NRS,ROT20180221,Rottnest Island,ROT,115.41667,-32,2018-02-21 10:05:00,19.60691,17.5,FPZ
NRS,ROT20170303,Rottnest Island,ROT,115.41667,-32,2017-03-03 10:30:00,14.10283,15.5,FPZ
NRS,ROT20190711,Rottnest Island,ROT,115.41667,-32,2019-07-11 09:26:00,13.73013,13,FPZ
NRS,ROT20210224,Rottnest Island,ROT,115.41667,-32,2021-02-24 08:33:00,,17,PZ
NRS,ROT20161004,Rottnest Island,ROT,115.41667,-32,2016-10-04 10:38:00,19.42617,16,FPZ
NRS,ROT20130712,Rottnest Island,ROT,115.41667,-32,2013-07-12 12:35:00,12.44783,19,PZ
NRS,YON20110720,Yongala,YON,147.61842,-19.30847,2011-07-20 11:37:00,8.37953,18,PZ
NRS,YON20120816,Yongala,YON,147.61842,-19.30847,2012-08-16 00:00:00,4.13477,18,PZ
NRS,YON20120918,Yongala,YON,147.61842,-19.30847,2012-09-18 11:00:00,3.06027,21,PZ
NRS,YON20121219,Yongala,YON,147.61842,-19.30847,2012-12-19 10:20:00,43.52391,18,PZ
NRS,YON20130611,Yongala,YON,147.61842,-19.30847,2013-06-11 13:34:00,37.72979,11,PZ
NRS,YON20161207,Yongala,YON,147.61842,-19.30847,2016-12-07 10:15:00,18.51126,11,PZ
NRS,YON20191009,Yongala,YON,147.61842,-19.30847,2019-10-09 10:00:00,10.29068,14,PZ
NRS,YON20200212,Yongala,YON,147.61842,-19.30847,2020-02-13 09:47:00,33.71743,17,PZ
NRS,YON20210310,Yongala,YON,147.61842,-19.30847,2021-03-10 10:05:00,,13,PZ
NRS,YON20140910,Yongala,YON,147.61842,-19.30847,2014-09-10 10:35:00,6.51498,18,PZ
NRS,YON20160601,Yongala,YON,147.61842,-19.30847,2016-06-01 10:46:00,26.38637,12,PZ
NRS,YON20160624,Yongala,YON,147.61842,-19.30847,2016-06-24 10:00:00,12.20029,19,PZ
NRS,YON20120726,Yongala,YON,147.61842,-19.30847,2012-07-26 11:00:00,19.04171,14,PZ
NRS,YON20171215,Yongala,YON,147.61842,-19.30847,2017-12-15 10:44:00,34.71906,13,PZ
NRS,YON20140527,Yongala,YON,147.61842,-19.30847,2014-05-27 12:12:00,17.02873,16,PZ
NRS,YON20181123,Yongala,YON,147.61842,-19.30847,2018-11-23 10:05:00,18.65761,13,PZ
NRS,YON20150601,Yongala,YON,147.61842,-19.30847,2015-06-01 12:55:00,10.48654,12,PZ
NWS,NWS_2.2,North West Shelf,NWS,120.6191,-18.1717,2015-01-19 23:55:01,,,P
NWS,NWS_4.3,North West Shelf,NWS,120.6191,-18.1717,2015-01-21 00:15:02,,,P
NWS,NWS_10.1,North West Shelf,NWS,120.6191,-18.1717,2015-01-23 00:00:00,,,P
NWS,NWS_12.2,North West Shelf,NWS,120.6191,-18.1717,2015-01-23 07:01:01,,,P
NWS,NWS_16.1,North West Shelf,NWS,120.6191,-18.1717,2015-01-24 04:04:00,,,P
NWS,NWS_17.2,North West Shelf,NWS,120.6191,-18.1717,2015-01-24 10:02:00,,,P
NWS,NWS_19.2,North West Shelf,NWS,120.6191,-18.1717,2015-01-24 22:04:02,,,P
IIOE,IIOE20190601,International Indian Ocean Expedition,IIOE,110,-17,2019-06-01 16:26:00,,,PZ
IIOE,IIOE20190526,International Indian Ocean Expedition,IIOE,110,-26.003,2019-05-26 16:25:00,,,PZ
IIOE,IIOE20190607,International Indian Ocean Expedition,IIOE,111.184,-15.284,2019-06-07 18:14:00,,,PZ
NRS Ichthyoplankton,NSF20160623,North Stradbroke Ichthyo 30m,NSF,153.5802,-27.3889,2016-06-23 10:30:00,,,F
NRS Ichthyoplankton,NSF20160720,North Stradbroke Ichthyo 30m,NSF,153.5802,-27.3889,2016-07-20 10:30:00,,,F
NRS Ichthyoplankton,NSF20190723,North Stradbroke Ichthyo 30m,NSF,153.5802,-27.3889,2019-07-23 10:20:00,,,F
NRS Ichthyoplankton,NSF20190916,North Stradbroke Ichthyo 30m,NSF,153.5802,-27.3889,2019-09-16 10:20:00,,,F
NRS Ichthyoplankton,PHA20140911,Port Hacking A,PHA,151.21667,-34.08333,2014-09-11 10:13:00,,,F
NRS Ichthyoplankton,PHA20160407,Port Hacking A,PHA,151.21667,-34.08333,2016-04-08 09:13:00,,,F
NRS Ichthyoplankton,PHA20161030,Port Hacking A,PHA,151.21667,-34.08333,2016-10-31 09:35:00,,,F
NRS Ichthyoplankton,PHA20170821,Port Hacking A,PHA,151.21667,-34.08333,2017-08-22 09:50:00,,,F
NRS Ichthyoplankton,PHA20190227,Port Hacking A,PHA,151.21667,-34.08333,2019-02-28 10:35:00,,,F
NRS Ichthyoplankton,ROF20190711,Rottnest Island Ichthyo 34m,ROF,115.48333,-31.96666,2019-07-11 09:26:00,,,F
NRS,DAR20180730_2130,Darwin,DAR,130.76805,-12.4,2018-07-31 07:03:00,97.76151,1.3,PZ
NRS,DAR20121208_2000,Darwin,DAR,130.76805,-12.4,2012-12-09 05:30:00,53.57521,,PZ
NRS,DAR20200810,Darwin,DAR,130.76805,-12.4,2020-08-11 08:25:00,28.66627,3.5,PZ
NRS,DAR20190723_0630,Darwin,DAR,130.76805,-12.4,2019-07-23 16:00:00,33.24138,3,PZ
NRS,DAR20120114_2335,Darwin,DAR,130.76805,-12.4,2012-01-15 09:05:00,26.32359,2,PZ
NRS,DAR20210428_0030,Darwin,DAR,130.76805,-12.4,2021-04-28 10:00:00,,1,PZ
NRS,DAR20141130,Darwin,DAR,130.76805,-12.4,2014-12-01 07:18:00,28.52629,2.5,Z
NRS,DAR20150804_0430,Darwin,DAR,130.76805,-12.4,2015-08-04 14:00:00,20.51064,1.5,Z
NRS,ESP20110512,Esperance,ESP,121.85,-33.93333,2011-05-12 10:10:00,14.11383,12,PZ
NRS,ESP20100629,Esperance,ESP,121.85,-33.93333,2010-06-29 10:05:00,7.15122,10.7,PZ
NRS,ESP20091216,Esperance,ESP,121.85,-33.93333,2009-12-16 09:45:00,7.3241,13.2,PZ
NRS,KAI20120215,Kangaroo Island,KAI,136.44733,-35.83217,2012-02-15 11:50:00,1.61256,15.5,PZ
NRS,KAI20161118,Kangaroo Island,KAI,136.44733,-35.83217,2016-11-18 12:45:00,11.22427,0,FPZ
NRS,KAI20181204,Kangaroo Island,KAI,136.44733,-35.83217,2018-12-04 15:39:00,10.77869,,FPZ
NRS,KAI20191127,Kangaroo Island,KAI,136.44733,-35.83217,2019-11-27 14:25:00,9.37477,,FPZ
NRS,KAI20111219,Kangaroo Island,KAI,136.44733,-35.83217,2011-12-20 09:30:00,0.3996,,PZ
NRS,KAI20120116,Kangaroo Island,KAI,136.44733,-35.83217,2012-01-17 07:00:00,3.46735,,PZ
NRS,KAI20170518,Kangaroo Island,KAI,136.44733,-35.83217,2017-05-18 11:15:00,5.59445,,FPZ
NRS,KAI20180515,Kangaroo Island,KAI,136.44733,-35.83217,2018-05-16 08:15:00,4.44161,,FPZ
NRS,KAI20151116,Kangaroo Island,KAI,136.44733,-35.83217,2015-11-17 09:50:00,6.52097,,FPZ
NRS,KAI20190514,Kangaroo Island,KAI,136.44733,-35.83217,2019-05-14 15:35:00,6.5245,,FPZ
NRS,MAI20100722,Maria Island,MAI,148.23333,-42.59667,2010-07-22 11:10:00,0.49066,22,PZ
NRS,MAI20120222,Maria Island,MAI,148.23333,-42.59667,2012-02-22 11:00:00,2.52846,15,PZ
NRS,MAI20130129,Maria Island,MAI,148.23333,-42.59667,2013-01-30 10:33:00,18.95908,10,PZ
NRS,MAI20130424,Maria Island,MAI,148.23333,-42.59667,2013-04-24 10:50:00,8.31689,15,PZ
NRS,MAI20130821,Maria Island,MAI,148.23333,-42.59667,2013-08-21 11:21:00,0.67632,17,PZ
NRS,MAI20170921,Maria Island,MAI,148.23333,-42.59667,2017-09-22 09:15:00,14.25371,17,PZ
NRS,MAI20190430,Maria Island,MAI,148.23333,-42.59667,2019-05-01 09:47:00,24.60334,20,FPZ
NRS,MAI20190925,Maria Island,MAI,148.23333,-42.59667,2019-09-25 10:03:00,9.08597,11,PZ
NRS,MAI20210531,Maria Island,MAI,148.23333,-42.59667,2021-05-31 12:00:00,,17,PZ
NRS,MAI20140807,Maria Island,MAI,148.23333,-42.59667,2014-08-07 12:00:00,0.18565,21,PZ
NRS,MAI20160303,Maria Island,MAI,148.23333,-42.59667,2016-03-04 10:15:00,9.8121,15,FPZ
NRS,MAI20160321,Maria Island,MAI,148.23333,-42.59667,2016-03-22 10:11:00,6.08246,23,FPZ
NRS,MAI20121017,Maria Island,MAI,148.23333,-42.59667,2012-10-18 10:52:00,22.72084,13,PZ
NRS,MAI20160530,Maria Island,MAI,148.23333,-42.59667,2016-05-31 09:45:00,3.78621,20,FPZ
NRS,MAI20150723,Maria Island,MAI,148.23333,-42.59667,2015-07-23 10:45:00,2.01334,19,FPZ
NRS,MAI20171015,Maria Island,MAI,148.23333,-42.59667,2017-10-16 09:50:00,18.24268,12,PZ
NRS,MAI20130924,Maria Island,MAI,148.23333,-42.59667,2013-09-24 11:40:00,0.21723,14,PZ
NRS,MAI20130313,Maria Island,MAI,148.23333,-42.59667,2013-03-14 10:00:00,4.51764,15,PZ
NRS,MAI20160927,Maria Island,MAI,148.23333,-42.59667,2016-09-27 10:10:00,10.4675,12,FPZ
NRS,MAI20140915,Maria Island,MAI,148.23333,-42.59667,2014-09-16 09:20:00,21.9346,17,PZ
NRS,MAI20141029,Maria Island,MAI,148.23333,-42.59667,2014-10-30 09:27:00,11.66984,18,PZ
NRS,NSI20100520,North Stradbroke,NSI,153.562,-27.345,2010-05-21 08:21:00,15.907,16,PZ
NRS,NSI20111116,North Stradbroke,NSI,153.562,-27.345,2011-11-16 10:00:00,17.09006,12,PZ
NRS,NSI20160623,North Stradbroke,NSI,153.562,-27.345,2016-06-23 10:30:00,13.65661,15,FPZ
NRS,NSI20161019,North Stradbroke,NSI,153.562,-27.345,2016-10-20 09:40:00,13.02007,19,FPZ
NRS,NSI20170217,North Stradbroke,NSI,153.562,-27.345,2017-02-17 10:30:00,18.26668,22,FPZ
NRS,NSI20181115,North Stradbroke,NSI,153.562,-27.345,2018-11-15 10:40:00,15.10007,15,FPZ
NRS,NSI20190527,North Stradbroke,NSI,153.562,-27.345,2019-05-27 10:15:00,13.87522,16.5,FPZ
NRS,NSI20191024,North Stradbroke,NSI,153.562,-27.345,2019-10-24 10:20:00,11.15547,21,FPZ
NRS,NSI20130418,North Stradbroke,NSI,153.562,-27.345,2013-04-18 10:05:00,8.72506,34,PZ
NRS,NSI20091115,North Stradbroke,NSI,153.562,-27.345,2009-11-16 08:20:00,31.31891,20,PZ
NRS,NSI20120806,North Stradbroke,NSI,153.562,-27.345,2012-08-06 10:15:00,7.4134,22,PZ
NRS,NSI20100121,North Stradbroke,NSI,153.562,-27.345,2010-01-22 09:50:00,33.64645,29,PZ
NRS,NSI20130326,North Stradbroke,NSI,153.562,-27.345,2013-03-26 11:10:00,8.80864,13,PZ
NRS,NSI20141223,North Stradbroke,NSI,153.562,-27.345,2014-12-23 10:35:00,10.52536,15,FPZ
NRS,NSI20150624,North Stradbroke,NSI,153.562,-27.345,2015-06-24 10:30:00,8.95009,16.5,FPZ
NRS,NSI20170717,North Stradbroke,NSI,153.562,-27.345,2017-07-17 11:05:00,9.73451,26,FPZ
NRS,NSI20141020,North Stradbroke,NSI,153.562,-27.345,2014-10-20 10:45:00,6.68685,22,FPZ
NRS,PH420020729,Port Hacking 4,PH4,151.21815,-34.11758,2002-07-29 00:00:00,,,Z
NRS,PH420030211,Port Hacking 4,PH4,151.21815,-34.11758,2003-02-11 00:00:00,,,Z
NRS,PH420030319,Port Hacking 4,PH4,151.21815,-34.11758,2003-03-19 00:00:00,,,Z
NRS,PH420030423,Port Hacking 4,PH4,151.21815,-34.11758,2003-04-23 00:00:00,,,Z
NRS,PH420040120,Port Hacking 4,PH4,151.21815,-34.11758,2004-01-20 00:00:00,,,Z
NRS,PH420050706,Port Hacking 4,PH4,151.21815,-34.11758,2005-07-06 00:00:00,,,Z
NRS,PH420070723,Port Hacking 4,PH4,151.21815,-34.11758,2007-07-23 00:00:00,,,Z
NRS,PH420080318,Port Hacking 4,PH4,151.21815,-34.11758,2008-03-18 00:00:00,,,Z
NRS,PH420090119,Port Hacking 4,PH4,151.21815,-34.11758,2009-01-20 09:00:00,,,Z
NRS,PHB20101110,Port Hacking,PHB,151.22667,-34.11923,2010-11-11 09:10:00,10.41799,16,PZ
NRS,PHB20110517,Port Hacking,PHB,151.22667,-34.11923,2011-05-18 09:25:00,0.19449,14.5,PZ
NRS,PHB20110829,Port Hacking,PHB,151.22667,-34.11923,2011-08-29 10:03:00,3.56814,26,PZ
NRS,PHB20121120,Port Hacking,PHB,151.22667,-34.11923,2012-11-21 09:30:00,31.17617,12,PZ
NRS,PHB20130422,Port Hacking,PHB,151.22667,-34.11923,2013-04-23 09:32:00,1.26246,17,PZ
NRS,PHB20140612,Port Hacking,PHB,151.22667,-34.11923,2014-06-13 09:20:00,11.32329,15,PZ
NRS,PHB20150723,Port Hacking,PHB,151.22667,-34.11923,2015-07-23 10:07:00,3.64096,16.5,FPZ
NRS,PHB20150819,Port Hacking,PHB,151.22667,-34.11923,2015-08-19 10:03:00,4.91194,16.5,FPZ
NRS,PHB20160615,Port Hacking,PHB,151.22667,-34.11923,2016-06-15 11:06:00,3.7591,17,FPZ
NRS,PHB20161030,Port Hacking,PHB,151.22667,-34.11923,2016-10-31 09:35:00,8.91152,14,FPZ
NRS,PHB20171211,Port Hacking,PHB,151.22667,-34.11923,2017-12-12 08:54:00,23.96916,19,FPZ
NRS,PHB20191216,Port Hacking,PHB,151.22667,-34.11923,2019-12-17 09:02:00,4.95791,11,PZ
NRS,PHB20180626,Port Hacking,PHB,151.22667,-34.11923,2018-06-27 09:41:00,,16,FP
NRS,PHB20180528,Port Hacking,PHB,151.22667,-34.11923,2018-05-29 09:50:00,17.22186,13.5,PZ
NRS,PHB20140211,Port Hacking,PHB,151.22667,-34.11923,2014-02-12 09:57:00,4.54063,12,PZ
NRS,PHB20180905,Port Hacking,PHB,151.22667,-34.11923,2018-09-05 10:50:00,50.6825,10,FPZ
NRS,ROT20131017,Rottnest Island,ROT,115.41667,-32,2013-10-17 08:00:00,9.29658,13,PZ
NRS,ROT20140227,Rottnest Island,ROT,115.41667,-32,2014-02-27 12:39:00,22.25522,21,PZ
NRS,ROT20151022,Rottnest Island,ROT,115.41667,-32,2015-10-22 09:36:00,5.96458,17,PZ
NRS,ROT20161114,Rottnest Island,ROT,115.41667,-32,2016-11-14 09:45:00,13.05294,17.5,FPZ
NRS,ROT20170523,Rottnest Island,ROT,115.41667,-32,2017-05-23 09:53:00,10.49893,13,FPZ
NRS,ROT20191218,Rottnest Island,ROT,115.41667,-32,2019-12-18 09:15:00,17.38296,26,PZ
NRS,ROT20110527,Rottnest Island,ROT,115.41667,-32,2011-05-27 09:35:00,13.94095,13.5,PZ
NRS,ROT20111122,Rottnest Island,ROT,115.41667,-32,2011-11-22 15:08:00,9.37517,21.5,PZ
NRS,ROT20120824,Rottnest Island,ROT,115.41667,-32,2012-08-24 11:06:00,8.55003,18,PZ
NRS,ROT20140902,Rottnest Island,ROT,115.41667,-32,2014-09-02 11:55:00,11.26906,12,PZ
NRS,ROT20170331,Rottnest Island,ROT,115.41667,-32,2017-03-31 10:24:00,9.1237,16,FPZ
NRS,YON20121026,Yongala,YON,147.61842,-19.30847,2012-10-26 11:20:00,19.31373,20,PZ
NRS,YON20150825,Yongala,YON,147.61842,-19.30847,2015-08-25 10:45:00,6.80061,16,PZ
NRS,YON20160321,Yongala,YON,147.61842,-19.30847,2016-03-21 10:31:00,16.68356,12,PZ
NRS,YON20170426,Yongala,YON,147.61842,-19.30847,2017-04-26 10:20:00,29.87481,13,PZ
NRS,YON20190213,Yongala,YON,147.61842,-19.30847,2019-02-13 10:26:00,15.33347,5,PZ
NRS,YON20190917,Yongala,YON,147.61842,-19.30847,2019-09-17 10:10:00,8.16889,17,PZ
NRS,YON20210209,Yongala,YON,147.61842,-19.30847,2021-02-09 11:46:00,,17,PZ
NRS,YON20190124,Yongala,YON,147.61842,-19.30847,2019-01-24 11:12:00,8.04865,,PZ
NRS,YON20190808,Yongala,YON,147.61842,-19.30847,2019-08-08 10:04:00,16.7091,21,PZ
NRS,YON20100413,Yongala,YON,147.61842,-19.30847,2010-04-13 14:14:00,27.09363,13,PZ
NRS,YON20101208,Yongala,YON,147.61842,-19.30847,2010-12-08 10:45:00,9.08561,17.5,PZ
NRS,YON20110323,Yongala,YON,147.61842,-19.30847,2011-03-23 10:49:00,19.34093,5.5,PZ
NRS,YON20110527,Yongala,YON,147.61842,-19.30847,2011-05-27 10:50:00,14.4581,13,PZ
NRS,YON20210127,Yongala,YON,147.61842,-19.30847,2021-01-27 10:46:00,,17,P
NRS,YON20140501,Yongala,YON,147.61842,-19.30847,2014-05-01 11:25:00,18.40245,16,PZ
NRS,YON20160215,Yongala,YON,147.61842,-19.30847,2016-02-15 10:18:00,32.2757,19,PZ
NRS,YON20161012,Yongala,YON,147.61842,-19.30847,2016-10-12 10:26:00,14.40369,17,PZ
NRS,YON20170528,Yongala,YON,147.61842,-19.30847,2017-05-29 08:11:00,17.97864,13,PZ
NRS,YON20141209,Yongala,YON,147.61842,-19.30847,2014-12-09 10:04:00,6.92302,18,PZ
NRS,YON20200802,Yongala,YON,147.61842,-19.30847,2020-08-03 09:15:00,2.99226,13,PZ
NRS,YON20151027,Yongala,YON,147.61842,-19.30847,2015-10-27 10:10:00,7.42626,12,PZ
NRS,YON20140624,Yongala,YON,147.61842,-19.30847,2014-06-24 10:53:00,1.27851,16,PZ
NRS,YON20140717,Yongala,YON,147.61842,-19.30847,2014-07-17 10:28:00,2.40061,16,PZ
NWS,NWS_2.3,North West Shelf,NWS,120.6191,-18.1717,2015-01-19 23:55:02,,,P
NWS,NWS_13.1,North West Shelf,NWS,120.6191,-18.1717,2015-01-23 10:00:00,,,P
NWS,NWS_13.2,North West Shelf,NWS,120.6191,-18.1717,2015-01-23 10:00:01,,,P
NWS,NWS_15.3,North West Shelf,NWS,120.6191,-18.1717,2015-01-24 01:34:02,,,P
IIOE,IIOE20190524,International Indian Ocean Expedition,IIOE,110,-29,2019-05-24 16:28:00,,,PZ
IIOE,IIOE20190605,International Indian Ocean Expedition,IIOE,110,-11.499,2019-06-05 16:26:00,,,PZ
NRS Ichthyoplankton,NSF20170424,North Stradbroke Ichthyo 30m,NSF,153.5802,-27.3889,2017-04-24 11:00:00,,,F
NRS Ichthyoplankton,NSF20170627,North Stradbroke Ichthyo 30m,NSF,153.5802,-27.3889,2017-06-27 10:20:00,,,F
NRS Ichthyoplankton,NSF20170717,North Stradbroke Ichthyo 30m,NSF,153.5802,-27.3889,2017-07-17 11:05:00,,,F
NRS Ichthyoplankton,NSF20170829,North Stradbroke Ichthyo 30m,NSF,153.5802,-27.3889,2017-08-29 11:50:00,,,F
NRS Ichthyoplankton,NSF20180320,North Stradbroke Ichthyo 30m,NSF,153.5802,-27.3889,2018-03-20 10:40:00,,,F
NRS Ichthyoplankton,NSF20180417,North Stradbroke Ichthyo 30m,NSF,153.5802,-27.3889,2018-04-17 10:15:00,,,F
NRS Ichthyoplankton,NSF20180718,North Stradbroke Ichthyo 30m,NSF,153.5802,-27.3889,2018-07-18 10:20:00,,,F
NRS Ichthyoplankton,NSF20180817,North Stradbroke Ichthyo 30m,NSF,153.5802,-27.3889,2018-08-17 10:20:00,,,F
NRS Ichthyoplankton,NSF20181023,North Stradbroke Ichthyo 30m,NSF,153.5802,-27.3889,2018-10-23 10:30:00,,,F
NRS Ichthyoplankton,NSF20190416,North Stradbroke Ichthyo 30m,NSF,153.5802,-27.3889,2019-04-16 10:10:00,,,F
NRS Ichthyoplankton,PHA20170321,Port Hacking A,PHA,151.21667,-34.08333,2017-03-22 09:21:00,,,F
NRS Ichthyoplankton,PHA20171024,Port Hacking A,PHA,151.21667,-34.08333,2017-10-25 09:01:00,,,F
NRS Ichthyoplankton,PHA20190522,Port Hacking A,PHA,151.21667,-34.08333,2019-05-23 08:50:00,,,F
NRS Ichthyoplankton,ROF20191104,Rottnest Island Ichthyo 34m,ROF,115.48333,-31.96666,2019-11-04 09:25:00,,,F
NRS,DAR20121209_0300,Darwin,DAR,130.76805,-12.4,2012-12-09 12:30:00,12.86546,5,PZ
NRS,DAR20150203_0330,Darwin,DAR,130.76805,-12.4,2015-02-03 13:00:00,26.79564,3,Z
NRS,DAR20180209_0630,Darwin,DAR,130.76805,-12.4,2018-02-09 16:00:00,33.61363,3,PZ
NRS,DAR20180731_0030,Darwin,DAR,130.76805,-12.4,2018-07-31 10:00:00,196.47782,1.75,PZ
NRS,DAR20130617_1830,Darwin,DAR,130.76805,-12.4,2013-06-18 04:00:00,19.49395,,PZ
NRS,DAR20150316,Darwin,DAR,130.76805,-12.4,2015-03-17 08:35:00,36.84401,4,PZ
NRS,DAR20160202_0330,Darwin,DAR,130.76805,-12.4,2016-02-02 13:00:00,60.30352,1.5,PZ
NRS,DAR20160724_0730,Darwin,DAR,130.76805,-12.4,2016-07-24 17:00:00,31.06065,2.5,PZ
NRS,DAR20170203_0030,Darwin,DAR,130.76805,-12.4,2017-02-03 10:00:00,64.59674,2.5,PZ
NRS,DAR20140117_2130,Darwin,DAR,130.76805,-12.4,2014-01-18 07:00:00,36.83664,0.5,Z
NRS,DAR20210428_0630,Darwin,DAR,130.76805,-12.4,2021-04-28 16:00:00,,1.75,PZ
NRS,DAR20140906_0630,Darwin,DAR,130.76805,-12.4,2014-09-06 16:00:00,32.76988,5,Z
NRS,DAR20140118_0030,Darwin,DAR,130.76805,-12.4,2014-01-18 10:00:00,606.52675,0.5,Z
NRS,DAR20150804_0130,Darwin,DAR,130.76805,-12.4,2015-08-04 11:00:00,56.86027,1.5,Z
NRS,ESP20100322,Esperance,ESP,121.85,-33.93333,2010-03-22 09:40:00,12.27495,10.5,PZ
NRS,KAI20150909,Kangaroo Island,KAI,136.44733,-35.83217,2015-09-09 12:50:00,15.80734,,FPZ
NRS,KAI20210505,Kangaroo Island,KAI,136.44733,-35.83217,2021-05-06 07:25:00,,,PZ
NRS,KAI20180820,Kangaroo Island,KAI,136.44733,-35.83217,2018-08-21 08:00:00,21.02694,,FPZ
NRS,KAI20090601,Kangaroo Island,KAI,136.44733,-35.83217,2009-06-02 08:00:00,,13.2,P
NRS,KAI20110123,Kangaroo Island,KAI,136.44733,-35.83217,2011-01-24 07:40:00,,,P
NRS,KAI20150224,Kangaroo Island,KAI,136.44733,-35.83217,2015-02-25 08:55:00,9.69304,,FPZ
NRS,KAI20090114,Kangaroo Island,KAI,136.44733,-35.83217,2009-01-15 08:00:00,,13.5,P
NRS,KAI20091115,Kangaroo Island,KAI,136.44733,-35.83217,2009-11-16 08:30:00,3.18268,,PZ
NRS,KAI20100315,Kangaroo Island,KAI,136.44733,-35.83217,2010-03-16 06:00:00,,,P
NRS,KAI20160525,Kangaroo Island,KAI,136.44733,-35.83217,2016-05-26 07:35:00,7.49427,11.5,PZ
NRS,KAI20141029,Kangaroo Island,KAI,136.44733,-35.83217,2014-10-29 11:00:00,5.21253,,FPZ
NRS,MAI20100615,Maria Island,MAI,148.23333,-42.59667,2010-06-15 11:10:00,2.14389,21,PZ
NRS,MAI20101027,Maria Island,MAI,148.23333,-42.59667,2010-10-27 12:50:00,13.44684,13,PZ
NRS,MAI20170601,Maria Island,MAI,148.23333,-42.59667,2017-06-02 09:00:00,11.73114,17,FPZ
NRS,MAI20190624,Maria Island,MAI,148.23333,-42.59667,2019-06-24 10:10:00,24.32986,19,FPZ
NRS,MAI20200526,Maria Island,MAI,148.23333,-42.59667,2020-05-26 10:10:00,8.75592,19,PZ
NRS,MAI20210106,Maria Island,MAI,148.23333,-42.59667,2021-01-07 09:54:00,9.68008,14,PZ
NRS,MAI20210329,Maria Island,MAI,148.23333,-42.59667,2021-03-30 10:17:00,,14,PZ
NRS,MAI20160428,Maria Island,MAI,148.23333,-42.59667,2016-04-28 10:47:00,13.58417,12,FPZ
NRS,MAI20171217,Maria Island,MAI,148.23333,-42.59667,2017-12-18 09:40:00,13.98024,14.5,FPZ
NRS,MAI20130807,Maria Island,MAI,148.23333,-42.59667,2013-08-07 11:30:00,2.81431,18,PZ
NRS,MAI20110407,Maria Island,MAI,148.23333,-42.59667,2011-04-07 10:30:00,4.26568,17,PZ
NRS,MAI20110725,Maria Island,MAI,148.23333,-42.59667,2011-07-25 12:15:00,0.25638,13,PZ
NRS,MAI20120524,Maria Island,MAI,148.23333,-42.59667,2012-05-24 11:30:00,31.38482,16,Z
NRS,MAI20131217,Maria Island,MAI,148.23333,-42.59667,2013-12-17 11:05:00,19.56467,16,PZ
NRS,MAI20101214,Maria Island,MAI,148.23333,-42.59667,2010-12-14 11:05:00,26.42513,11,PZ
NRS,MAI20141127,Maria Island,MAI,148.23333,-42.59667,2014-11-28 09:30:00,11.00502,24,FPZ
NRS,MAI20180301,Maria Island,MAI,148.23333,-42.59667,2018-03-02 09:30:00,28.73376,15,FPZ
NRS,MAI20191015,Maria Island,MAI,148.23333,-42.59667,2019-10-16 09:40:00,32.86418,17,PZ
NRS,MAI20090907,Maria Island,MAI,148.23333,-42.59667,2009-09-07 11:25:00,0.50834,17,PZ
NRS,MAI20180605,Maria Island,MAI,148.23333,-42.59667,2018-06-06 09:30:00,17.10634,19,PZ
NRS,NIN20121107,Ningaloo,NIN,113.779,-21.99,2012-11-07 12:00:00,8.19011,14.5,PZ
NRS,NSI20091006,North Stradbroke,NSI,153.562,-27.345,2009-10-07 09:07:00,38.4237,17,PZ
NRS,NSI20110623,North Stradbroke,NSI,153.562,-27.345,2011-06-23 10:25:00,6.53897,17,PZ
NRS,NSI20120511,North Stradbroke,NSI,153.562,-27.345,2012-05-11 10:05:00,12.21637,16,PZ
NRS,NSI20120620,North Stradbroke,NSI,153.562,-27.345,2012-06-20 10:20:00,7.7156,12,PZ
NRS,NSI20131212,North Stradbroke,NSI,153.562,-27.345,2013-12-12 10:20:00,11.07831,9,PZ
NRS,NSI20150512,North Stradbroke,NSI,153.562,-27.345,2015-05-12 10:15:00,9.68951,21,FPZ
NRS,NSI20190118,North Stradbroke,NSI,153.562,-27.345,2019-01-18 10:40:00,15.28396,24,FPZ
NRS,NSI20190618,North Stradbroke,NSI,153.562,-27.345,2019-06-18 10:00:00,5.00871,17.5,FPZ
NRS,NSI20190723,North Stradbroke,NSI,153.562,-27.345,2019-07-23 10:20:00,12.10063,17,FPZ
NRS,NSI20190821,North Stradbroke,NSI,153.562,-27.345,2019-08-21 10:40:00,10.04314,16,FPZ
NRS,NSI20200817,North Stradbroke,NSI,153.562,-27.345,2020-08-18 09:50:00,12.16493,21.5,PZ
NRS,NSI20201022,North Stradbroke,NSI,153.562,-27.345,2020-10-22 10:05:00,7.16908,14,PZ
NRS,NSI20090527,North Stradbroke,NSI,153.562,-27.345,2009-05-27 12:03:00,11.05903,4,Z
NRS,NSI20100711,North Stradbroke,NSI,153.562,-27.345,2010-07-12 08:45:00,18.41457,18,PZ
NRS,NSI20110220,North Stradbroke,NSI,153.562,-27.345,2011-02-21 09:40:00,7.1305,23,PZ
NRS,NSI20111220,North Stradbroke,NSI,153.562,-27.345,2011-12-21 09:15:00,6.10818,18,PZ
NRS,NSI20140623,North Stradbroke,NSI,153.562,-27.345,2014-06-23 10:20:00,10.12672,18,PZ
NRS,NSI20120912,North Stradbroke,NSI,153.562,-27.345,2012-09-12 10:20:00,19.01896,21,PZ
NRS,PH420020219,Port Hacking 4,PH4,151.21815,-34.11758,2002-02-19 00:00:00,,,Z
NRS,PH420020625,Port Hacking 4,PH4,151.21815,-34.11758,2002-06-25 00:00:00,,,Z
NRS,PH420030630,Port Hacking 4,PH4,151.21815,-34.11758,2003-06-30 00:00:00,,,Z
NRS,PH420030721,Port Hacking 4,PH4,151.21815,-34.11758,2003-07-21 00:00:00,,,Z
NRS,PH420030818,Port Hacking 4,PH4,151.21815,-34.11758,2003-08-18 00:00:00,,,Z
NRS,PH420040211,Port Hacking 4,PH4,151.21815,-34.11758,2004-02-11 00:00:00,,,Z
NRS,PH420041222,Port Hacking 4,PH4,151.21815,-34.11758,2004-12-22 00:00:00,,,Z
NRS,PH420060130,Port Hacking 4,PH4,151.21815,-34.11758,2006-01-30 00:00:00,,,Z
NRS,PH420060724,Port Hacking 4,PH4,151.21815,-34.11758,2006-07-24 00:00:00,,,Z
NRS,PH420070115,Port Hacking 4,PH4,151.21815,-34.11758,2007-01-15 00:00:00,,,Z
NRS,PH420070516,Port Hacking 4,PH4,151.21815,-34.11758,2007-05-16 00:00:00,,,Z
NRS,PH420070703,Port Hacking 4,PH4,151.21815,-34.11758,2007-07-03 00:00:00,,,Z
NRS,PH420070924,Port Hacking 4,PH4,151.21815,-34.11758,2007-09-24 00:00:00,,,Z
NRS,PH420080825,Port Hacking 4,PH4,151.21815,-34.11758,2008-08-25 00:00:00,,,Z
NRS,PH420081202,Port Hacking 4,PH4,151.21815,-34.11758,2008-12-02 00:00:00,,,Z
NRS,PHB20090223,Port Hacking,PHB,151.22667,-34.11923,2009-02-24 09:27:00,140.08416,17.75,PZ
NRS,PHB20091011,Port Hacking,PHB,151.22667,-34.11923,2009-10-12 09:28:00,93.34464,14,PZZ
NRS,PHB20100119,Port Hacking,PHB,151.22667,-34.11923,2010-01-20 09:20:00,63.7881,15,PZ
NRS,PHB20100702,Port Hacking,PHB,151.22667,-34.11923,2010-07-02 11:35:00,56.22745,13.5,PZ
NRS,PHB20110914,Port Hacking,PHB,151.22667,-34.11923,2011-09-15 09:43:00,1.45696,15,PZ
NRS,PHB20170821,Port Hacking,PHB,151.22667,-34.11923,2017-08-22 09:50:00,13.63604,21,FPZ
NRS,PHB20180927,Port Hacking,PHB,151.22667,-34.11923,2018-09-27 10:43:00,12.41601,10,FPZ
NRS,PHB20181218,Port Hacking,PHB,151.22667,-34.11923,2018-12-19 09:40:00,9.88754,9,FPZ
NRS,PHB20190227,Port Hacking,PHB,151.22667,-34.11923,2019-02-28 10:35:00,5.66579,22,FPZ
NRS,PHB20200922,Port Hacking,PHB,151.22667,-34.11923,2020-09-23 09:19:00,9.45423,11,PZ
NRS,PHB20141112,Port Hacking,PHB,151.22667,-34.11923,2014-11-13 09:36:00,5.67246,16,PZ
NRS,PHB20170614,Port Hacking,PHB,151.22667,-34.11923,2017-06-15 08:52:00,6.09307,16,PZ
NRS,PHB20131202,Port Hacking,PHB,151.22667,-34.11923,2013-12-03 09:30:00,3.12964,18,PZ
NRS,PHB20131020,Port Hacking,PHB,151.22667,-34.11923,2013-10-21 09:36:00,4.60782,15,PZ
NRS,ROT20161214,Rottnest Island,ROT,115.41667,-32,2016-12-14 09:35:00,9.66122,26,FPZ
NRS,ROT20191011,Rottnest Island,ROT,115.41667,-32,2019-10-11 10:07:00,53.99073,19,FPZ
NRS,ROT20201127,Rottnest Island,ROT,115.41667,-32,2020-11-27 09:05:00,6.66595,22.5,PZ
NRS,ROT20110224,Rottnest Island,ROT,115.41667,-32,2011-02-24 09:35:00,7.39483,18,PZ
NRS,ROT20110725,Rottnest Island,ROT,115.41667,-32,2011-07-25 10:20:00,14.71108,14,PZ
NRS,ROT20150224,Rottnest Island,ROT,115.41667,-32,2015-02-24 10:17:00,12.77003,21,PZ
NRS,ROT20181024,Rottnest Island,ROT,115.41667,-32,2018-10-24 09:18:00,13.39085,20,FPZ
NRS,ROT20200710,Rottnest Island,ROT,115.41667,-32,2020-07-10 10:25:00,25.40844,13,PZ
NRS,ROT20150319,Rottnest Island,ROT,115.41667,-32,2015-03-19 11:47:00,7.34768,20,PZ
NRS,ROT20201106,Rottnest Island,ROT,115.41667,-32,2020-11-06 10:06:00,26.88485,16,PZ
NRS,ROT20210121,Rottnest Island,ROT,115.41667,-32,2021-01-21 10:04:00,27.26108,15,PZ
NRS,ROT20130125,Rottnest Island,ROT,115.41667,-32,2013-01-25 10:10:00,25.53221,14,PZ
NRS,ROT20200128,Rottnest Island,ROT,115.41667,-32,2020-01-28 09:39:00,9.95669,16.5,PZ
NRS,ROT20190125,Rottnest Island,ROT,115.41667,-32,2019-01-25 09:35:00,9.48519,19,FPZ
NRS,YON20120402,Yongala,YON,147.61842,-19.30847,2012-04-02 10:44:00,28.03212,14,PZ
NRS,YON20120424,Yongala,YON,147.61842,-19.30847,2012-04-24 10:50:00,24.04696,17,PZ
NRS,YON20130131,Yongala,YON,147.61842,-19.30847,2013-01-31 10:15:00,80.53284,15,PZ
NRS,YON20180220,Yongala,YON,147.61842,-19.30847,2018-02-20 10:30:00,21.32671,11,PZ
NRS,YON20190313,Yongala,YON,147.61842,-19.30847,2019-03-13 10:10:00,9.60463,8,PZ
NRS,YON20190507,Yongala,YON,147.61842,-19.30847,2019-05-07 11:30:00,36.64169,12,PZ
NRS,YON20200710,Yongala,YON,147.61842,-19.30847,2020-07-11 09:25:00,7.91591,16,PZ
NRS,YON20150119,Yongala,YON,147.61842,-19.30847,2015-01-19 11:25:00,18.76968,15,PZ
NRS,YON20190826,Yongala,YON,147.61842,-19.30847,2019-08-26 10:40:00,9.68951,17,PZ
NRS,YON20090909,Yongala,YON,147.61842,-19.30847,2009-09-09 10:40:00,17.25995,9.5,PZ
NRS,YON20091215,Yongala,YON,147.61842,-19.30847,2009-12-15 11:25:00,20.24188,11,PZ
NRS,YON20100521,Yongala,YON,147.61842,-19.30847,2010-05-21 12:56:00,31.58203,11,PZ
NRS,YON20110118,Yongala,YON,147.61842,-19.30847,2011-01-18 11:30:00,28.60337,15,PZ
NRS,YON20160725,Yongala,YON,147.61842,-19.30847,2016-07-25 10:25:00,12.14589,13,PZ
NRS,YON20170705,Yongala,YON,147.61842,-19.30847,2017-07-05 10:21:00,22.60414,13,PZ
NRS,YON20150804,Yongala,YON,147.61842,-19.30847,2015-08-04 11:45:00,3.85851,20,PZ
NRS,YON20200611,Yongala,YON,147.61842,-19.30847,2020-06-12 09:09:00,40.80366,14,PZ
NWS,NWS_12.1,North West Shelf,NWS,120.6191,-18.1717,2015-01-23 07:01:00,,,P
NWS,NWS_14.2,North West Shelf,NWS,120.6191,-18.1717,2015-01-23 22:02:01,,,P
NWS,NWS_16.2,North West Shelf,NWS,120.6191,-18.1717,2015-01-24 04:04:01,,,P
NWS,NWS_16.3,North West Shelf,NWS,120.6191,-18.1717,2015-01-24 07:08:00,,,P
NWS,NWS_17.1,North West Shelf,NWS,120.6191,-18.1717,2015-01-24 07:08:01,,,P
IIOE,IIOE20190531,International Indian Ocean Expedition,IIOE,110,-18.5,2019-05-31 14:50:00,,,PZ
IIOE,IIOE20190523,International Indian Ocean Expedition,IIOE,110,-30.5,2019-05-23 15:40:00,,,PZ
IIOE,IIOE20190520,International Indian Ocean Expedition,IIOE,110,-35.01,2019-05-20 17:22:00,,,PZ
IIOE,IIOE20190529,International Indian Ocean Expedition,IIOE,110,-21.499,2019-05-29 16:30:00,,,PZ
SOTS,SOTS20120722,Southern Ocean Time Series,SOTS,142.25826,-46.93473,2012-07-23 00:30:00,,,Z
NRS Ichthyoplankton,NSF20180530,North Stradbroke Ichthyo 30m,NSF,153.5802,-27.3889,2018-05-30 10:20:00,,,F
NRS Ichthyoplankton,NSF20190118,North Stradbroke Ichthyo 30m,NSF,153.5802,-27.3889,2019-01-18 10:40:00,,,F
NRS Ichthyoplankton,NSF20190821,North Stradbroke Ichthyo 30m,NSF,153.5802,-27.3889,2019-08-21 10:40:00,,,F
NRS Ichthyoplankton,NSF20191024,North Stradbroke Ichthyo 30m,NSF,153.5802,-27.3889,2019-10-24 10:20:00,,,F
NRS Ichthyoplankton,PHA20150630,Port Hacking A,PHA,151.21667,-34.08333,2015-06-30 11:11:00,,,F
NRS Ichthyoplankton,PHA20180123,Port Hacking A,PHA,151.21667,-34.08333,2018-01-24 09:41:00,,,F
NRS Ichthyoplankton,PHA20190121,Port Hacking A,PHA,151.21667,-34.08333,2019-01-22 09:43:00,,,F
NRS Ichthyoplankton,PHA20190626,Port Hacking A,PHA,151.21667,-34.08333,2019-06-27 09:38:00,,,F
NRS,DAR20120417,Darwin,DAR,130.76805,-12.4,2012-04-17 09:42:00,27.03073,6,PZ
NRS,DAR20130405,Darwin,DAR,130.76805,-12.4,2013-04-05 09:40:00,3.21636,4.5,PZ
NRS,DAR20200922_0030,Darwin,DAR,130.76805,-12.4,2020-09-22 10:00:00,60.57207,1.2,PZ
NRS,DAR20121029,Darwin,DAR,130.76805,-12.4,2012-10-30 07:51:00,47.87781,1.8,PZ
NRS,DAR20150803_1932,Darwin,DAR,130.76805,-12.4,2015-08-04 05:02:00,60.0732,,Z
NRS,DAR20180208_2130,Darwin,DAR,130.76805,-12.4,2018-02-09 07:00:00,56.75541,2.5,PZ
NRS,DAR20150803_2230,Darwin,DAR,130.76805,-12.4,2015-08-04 08:00:00,30.58073,2.2,PZ
NRS,DAR20120729_1630,Darwin,DAR,130.76805,-12.4,2012-07-30 02:00:00,57.75986,,PZ
NRS,DAR20120729_2230,Darwin,DAR,130.76805,-12.4,2012-07-30 08:00:00,29.32068,4,PZ
NRS,DAR20160723,Darwin,DAR,130.76805,-12.4,2016-07-24 08:00:00,25.98153,1.5,PZ
NRS,DAR20150505,Darwin,DAR,130.76805,-12.4,2015-05-06 08:24:00,30.54985,1.3,Z
NRS,ESP20101013,Esperance,ESP,121.85,-33.93333,2010-10-13 08:15:00,4.1257,18,PZ
NRS,KAI20110319,Kangaroo Island,KAI,136.44733,-35.83217,2011-03-20 09:40:00,0.31826,,PZ
NRS,KAI20111026,Kangaroo Island,KAI,136.44733,-35.83217,2011-10-26 14:40:00,0.5941,,PZ
NRS,KAI20140713,Kangaroo Island,KAI,136.44733,-35.83217,2014-07-13 16:13:00,3.87934,,PZ
NRS,MAI20091013,Maria Island,MAI,148.23333,-42.59667,2009-10-13 11:00:00,10.30836,11,PZ
NRS,MAI20091207,Maria Island,MAI,148.23333,-42.59667,2009-12-07 11:10:00,57.09827,14,PZ
NRS,MAI20121112,Maria Island,MAI,148.23333,-42.59667,2012-11-13 10:45:00,17.11135,10,PZ
NRS,MAI20140408,Maria Island,MAI,148.23333,-42.59667,2014-04-08 11:03:00,4.68447,15,PZ
NRS,MAI20180919,Maria Island,MAI,148.23333,-42.59667,2018-09-20 09:50:00,12.25923,17,FPZ
NRS,MAI20181018,Maria Island,MAI,148.23333,-42.59667,2018-10-19 08:45:00,3.50331,13,FPZ
NRS,MAI20190106,Maria Island,MAI,148.23333,-42.59667,2019-01-07 08:50:00,18.43747,22,FPZ
NRS,MAI20200223,Maria Island,MAI,148.23333,-42.59667,2020-02-24 10:30:00,8.65219,20,PZ
NRS,MAI20200810,Maria Island,MAI,148.23333,-42.59667,2020-08-10 10:05:00,4.84239,19,PZ
NRS,MAI20100330,Maria Island,MAI,148.23333,-42.59667,2010-03-30 11:40:00,7.06379,18,PZ
NRS,MAI20161117,Maria Island,MAI,148.23333,-42.59667,2016-11-18 09:10:00,5.67696,20,FPZ
NRS,MAI20100120,Maria Island,MAI,148.23333,-42.59667,2010-01-21 10:50:00,7.67381,11.5,PZ
NRS,MAI20091111,Maria Island,MAI,148.23333,-42.59667,2009-11-11 11:30:00,32.52086,19,PZ
NRS,MAI20140703,Maria Island,MAI,148.23333,-42.59667,2014-07-03 11:30:00,0.70254,19,PZ
NRS,MAI20150312,Maria Island,MAI,148.23333,-42.59667,2015-03-13 09:33:00,1.3768,15,PZ
NRS,MAI20090506,Maria Island,MAI,148.23333,-42.59667,2009-05-06 11:20:00,4.04466,9,PZ
NRS,MAI20131117,Maria Island,MAI,148.23333,-42.59667,2013-11-18 10:50:00,8.51622,17,PZ
NRS,MAI20150811,Maria Island,MAI,148.23333,-42.59667,2015-08-12 09:35:00,1.36737,15,FPZ
NRS,MAI20090716,Maria Island,MAI,148.23333,-42.59667,2009-07-16 11:36:00,2.15273,20,PZ
NRS,MAI20180711,Maria Island,MAI,148.23333,-42.59667,2018-07-12 08:40:00,6.27107,17,PZ
NRS,NIN20110501,Ningaloo,NIN,113.779,-21.99,2011-05-01 08:24:00,15.26274,9,PZ
NRS,NSI20090819,North Stradbroke,NSI,153.562,-27.345,2009-08-20 08:45:00,52.6847,19,Z
NRS,NSI20091021,North Stradbroke,NSI,153.562,-27.345,2009-10-22 09:20:00,19.10254,20,PZ
NRS,NSI20110606,North Stradbroke,NSI,153.562,-27.345,2011-06-06 10:00:00,5.58095,22,PZ
NRS,NSI20110816,North Stradbroke,NSI,153.562,-27.345,2011-08-16 10:00:00,16.5371,23,PZ
NRS,NSI20130706,North Stradbroke,NSI,153.562,-27.345,2013-07-07 09:40:00,5.25946,23,PZ
NRS,NSI20130819,North Stradbroke,NSI,153.562,-27.345,2013-08-19 10:10:00,5.21446,13,PZ
NRS,NSI20151027,North Stradbroke,NSI,153.562,-27.345,2015-10-27 10:50:00,4.89297,20,FPZ
NRS,NSI20170424,North Stradbroke,NSI,153.562,-27.345,2017-04-24 11:00:00,11.30335,22,FPZ
NRS,NSI20180417,North Stradbroke,NSI,153.562,-27.345,2018-04-17 10:15:00,9.41303,31,FPZ
NRS,NSI20210328,North Stradbroke,NSI,153.562,-27.345,2021-03-29 09:00:00,,21,PZ
NRS,NSI20210615,North Stradbroke,NSI,153.562,-27.345,2021-06-15 10:05:00,,18,PZ
NRS,NSI20101115,North Stradbroke,NSI,153.562,-27.345,2010-11-16 09:30:00,32.59199,16,PZ
NRS,NSI20140507,North Stradbroke,NSI,153.562,-27.345,2014-05-07 10:25:00,9.94026,17,PZ
NRS,NSI20081030,North Stradbroke,NSI,153.562,-27.345,2008-10-30 10:30:00,12.36425,,Z
NRS,NSI20090114,North Stradbroke,NSI,153.562,-27.345,2009-01-14 10:30:00,18.88393,,Z
NRS,NSI20140404,North Stradbroke,NSI,153.562,-27.345,2014-04-04 10:45:00,14.57605,30,PZ
NRS,NSI20140213,North Stradbroke,NSI,153.562,-27.345,2014-02-13 10:20:00,13.02007,30,PZ
NRS,NSI20160120,North Stradbroke,NSI,153.562,-27.345,2016-01-20 10:30:00,10.80827,28.5,FPZ
NRS,NSI20140917,North Stradbroke,NSI,153.562,-27.345,2014-09-17 10:30:00,20.42062,18,FPZ
NRS,NSI20141107,North Stradbroke,NSI,153.562,-27.345,2014-11-07 10:35:00,11.34836,22,FPZ
NRS,PH420040421,Port Hacking 4,PH4,151.21815,-34.11758,2004-04-21 00:00:00,,,Z
NRS,PH420040823,Port Hacking 4,PH4,151.21815,-34.11758,2004-08-23 00:00:00,,,Z
NRS,PH420041027,Port Hacking 4,PH4,151.21815,-34.11758,2004-10-27 00:00:00,,,Z
NRS,PH420050131,Port Hacking 4,PH4,151.21815,-34.11758,2005-01-31 00:00:00,,,Z
NRS,PH420050225,Port Hacking 4,PH4,151.21815,-34.11758,2005-02-25 00:00:00,,,Z
NRS,PH420070418,Port Hacking 4,PH4,151.21815,-34.11758,2007-04-18 00:00:00,,,Z
NRS,PH420080219,Port Hacking 4,PH4,151.21815,-34.11758,2008-02-19 00:00:00,,,Z
NRS,PH420080529,Port Hacking 4,PH4,151.21815,-34.11758,2008-05-29 00:00:00,,,Z
NRS,PHB20090318,Port Hacking,PHB,151.22667,-34.11923,2009-03-19 09:39:00,17.84779,10,PZ
NRS,PHB20090623,Port Hacking,PHB,151.22667,-34.11923,2009-06-24 09:10:00,3.38425,12,PZ
NRS,PHB20091206,Port Hacking,PHB,151.22667,-34.11923,2009-12-07 09:14:00,65.55979,14,PZ
NRS,PHB20110329,Port Hacking,PHB,151.22667,-34.11923,2011-03-30 09:33:00,3.41961,21,PZ
NRS,PHB20130227,Port Hacking,PHB,151.22667,-34.11923,2013-02-28 08:03:00,1.79998,11,PZ
NRS,PHB20130319,Port Hacking,PHB,151.22667,-34.11923,2013-03-20 09:27:00,2.04045,23.5,PZ
NRS,PHB20140716,Port Hacking,PHB,151.22667,-34.11923,2014-07-16 10:00:00,5.15595,20,PZ
NRS,PHB20150121,Port Hacking,PHB,151.22667,-34.11923,2015-01-22 09:48:00,4.59721,10,PZ
NRS,PHB20160201,Port Hacking,PHB,151.22667,-34.11923,2016-02-02 10:52:00,7.62076,16,FPZ
NRS,PHB20170716,Port Hacking,PHB,151.22667,-34.11923,2017-07-17 09:42:00,5.80663,18.5,FPZ
NRS,PHB20170921,Port Hacking,PHB,151.22667,-34.11923,2017-09-22 08:48:00,16.79751,14.5,FPZ
NRS,PHB20190923,Port Hacking,PHB,151.22667,-34.11923,2019-09-24 09:36:00,15.64467,19,FPZ
NRS,PHB20191118,Port Hacking,PHB,151.22667,-34.11923,2019-11-19 09:15:00,7.86123,12,FPZ
NRS,PHB20200224,Port Hacking,PHB,151.22667,-34.11923,2020-02-25 08:52:00,2.93868,15,PZ
NRS,PHB20210615,Port Hacking,PHB,151.22667,-34.11923,2021-06-16 09:40:00,,19,PZ
NRS,PHB20120517,Port Hacking,PHB,151.22667,-34.11923,2012-05-18 09:33:00,5.6581,11,PZ
NRS,PHB20131027,Port Hacking,PHB,151.22667,-34.11923,2013-10-28 10:17:00,8.93981,15.5,PZ
NRS,PHB20130826,Port Hacking,PHB,151.22667,-34.11923,2013-08-27 09:30:00,14.99107,17,PZ
NRS,PHB20140824,Port Hacking,PHB,151.22667,-34.11923,2014-08-25 09:57:00,5.10997,12.5,PZ
NRS,PHB20160926,Port Hacking,PHB,151.22667,-34.11923,2016-09-27 09:54:00,10.68675,16,FPZ
NRS,PHB20150330,Port Hacking,PHB,151.22667,-34.11923,2015-03-31 09:32:00,4.85341,24,PZ
NRS,ROT20100416,Rottnest Island,ROT,115.41667,-32,2010-04-16 08:30:00,17.56371,17.3,PZ
NRS,ROT20101215,Rottnest Island,ROT,115.41667,-32,2010-12-15 10:20:00,5.6974,20.5,PZ
NRS,ROT20200304,Rottnest Island,ROT,115.41667,-32,2020-03-04 09:25:00,13.99596,18.5,PZ
NRS,ROT20170428,Rottnest Island,ROT,115.41667,-32,2017-04-28 09:52:00,4.29859,20,FPZ
NRS,ROT20140919,Rottnest Island,ROT,115.41667,-32,2014-09-19 12:57:00,6.76615,14,PZ
NRS,ROT20120221,Rottnest Island,ROT,115.41667,-32,2012-02-21 09:40:00,12.11778,20.5,PZ
NRS,ROT20181130,Rottnest Island,ROT,115.41667,-32,2018-11-30 09:33:00,11.40266,17.5,FPZ
NRS,ROT20191126,Rottnest Island,ROT,115.41667,-32,2019-11-26 09:30:00,6.68364,21.5,PZ
NRS,ROT20200520,Rottnest Island,ROT,115.41667,-32,2020-05-20 09:22:00,18.64523,12,PZ
NRS,ROT20191104,Rottnest Island,ROT,115.41667,-32,2019-11-04 09:25:00,,15,FP
NRS,ROT20141014,Rottnest Island,ROT,115.41667,-32,2014-10-14 11:52:00,6.60898,20,PZ
NRS,YON20100119,Yongala,YON,147.61842,-19.30847,2010-01-19 10:45:00,43.76873,14,PZ
NRS,YON20130515,Yongala,YON,147.61842,-19.30847,2013-05-15 10:30:00,26.54958,13,PZ
NRS,YON20130719,Yongala,YON,147.61842,-19.30847,2013-07-19 11:08:00,11.32981,14,PZ
NRS,YON20140122,Yongala,YON,147.61842,-19.30847,2014-01-22 10:00:00,9.35764,13,PZ
NRS,YON20151203,Yongala,YON,147.61842,-19.30847,2015-12-03 11:00:00,9.004,15,PZ
NRS,YON20170906,Yongala,YON,147.61842,-19.30847,2017-09-06 10:00:00,16.56411,12,PZ
NRS,YON20171130,Yongala,YON,147.61842,-19.30847,2017-11-30 10:34:00,9.90169,14,PZ
NRS,YON20181213,Yongala,YON,147.61842,-19.30847,2018-12-13 10:30:00,12.27809,13,PZ
NRS,YON20191202,Yongala,YON,147.61842,-19.30847,2019-12-03 09:45:00,22.50866,14,PZ
NRS,YON20200116,Yongala,YON,147.61842,-19.30847,2020-01-16 10:05:00,10.50014,11,PZ
NRS,YON20180602,Yongala,YON,147.61842,-19.30847,2018-06-03 09:10:00,18.16252,12,PZ
NRS,YON20100224,Yongala,YON,147.61842,-19.30847,2010-02-24 10:58:00,35.6488,16,PZ
NRS,YON20131114,Yongala,YON,147.61842,-19.30847,2013-11-14 10:32:00,14.66211,11,PZ
NRS,YON20190703,Yongala,YON,147.61842,-19.30847,2019-07-03 10:50:00,50.39253,9,PZ
NRS,YON20140820,Yongala,YON,147.61842,-19.30847,2014-08-20 11:15:00,7.43986,14,PZ
NRS,YON20200306,Yongala,YON,147.61842,-19.30847,2020-03-06 10:25:00,53.98325,16,PZ
NRS,YON20181011,Yongala,YON,147.61842,-19.30847,2018-10-11 10:54:00,20.98804,15,PZ
NRS,YON20210513,Yongala,YON,147.61842,-19.30847,2021-05-13 10:13:00,,19,PZ
NWS,NWS_3.1,North West Shelf,NWS,120.6191,-18.1717,2015-01-20 00:10:00,,,P
NWS,NWS_4.2,North West Shelf,NWS,120.6191,-18.1717,2015-01-21 00:15:01,,,P
NWS,NWS_6.1,North West Shelf,NWS,120.6191,-18.1717,2015-01-22 01:16:02,,,P
NWS,NWS_7.2,North West Shelf,NWS,120.6191,-18.1717,2015-01-22 07:03:01,,,P
NWS,NWS_8.1,North West Shelf,NWS,120.6191,-18.1717,2015-01-22 10:04:00,,,P
NWS,NWS_10.2,North West Shelf,NWS,120.6191,-18.1717,2015-01-23 00:00:01,,,P
NWS,NWS_11.3,North West Shelf,NWS,120.6191,-18.1717,2015-01-23 04:02:01,,,P
NWS,NWS_18.1,North West Shelf,NWS,120.6191,-18.1717,2015-01-24 10:02:01,,,P
IIOE,IIOE20190521,International Indian Ocean Expedition,IIOE,110,-33.5,2019-05-21 15:49:00,,,PZ
IIOE,IIOE20190517,International Indian Ocean Expedition,IIOE,110,-39.34,2019-05-17 16:24:00,,,PZ
IIOE,IIOE20190606,International Indian Ocean Expedition,IIOE,111.163,-13.781,2019-06-06 23:50:00,,,PZ
NRS Ichthyoplankton,NSF20160412,North Stradbroke Ichthyo 30m,NSF,153.5802,-27.3889,2016-04-12 10:45:00,,,F
NRS Ichthyoplankton,NSF20160517,North Stradbroke Ichthyo 30m,NSF,153.5802,-27.3889,2016-05-17 10:30:00,,,F
NRS Ichthyoplankton,NSF20161019,North Stradbroke Ichthyo 30m,NSF,153.5802,-27.3889,2016-10-20 09:40:00,,,F
NRS Ichthyoplankton,NSF20190322,North Stradbroke Ichthyo 30m,NSF,153.5802,-27.3889,2019-03-22 10:50:00,,,F
NRS Ichthyoplankton,NSF20191220,North Stradbroke Ichthyo 30m,NSF,153.5802,-27.3889,2019-12-20 10:20:00,,,F
NRS Ichthyoplankton,PHA20151013,Port Hacking A,PHA,151.21667,-34.08333,2015-10-14 09:42:00,,,F
NRS Ichthyoplankton,PHA20151115,Port Hacking A,PHA,151.21667,-34.08333,2015-11-16 09:33:00,,,F
NRS Ichthyoplankton,PHA20160719,Port Hacking A,PHA,151.21667,-34.08333,2016-07-19 10:19:00,,,F
NRS Ichthyoplankton,PHA20170517,Port Hacking A,PHA,151.21667,-34.08333,2017-05-18 09:45:00,,,F
NRS Ichthyoplankton,PHA20180221,Port Hacking A,PHA,151.21667,-34.08333,2018-02-22 09:18:00,,,F
NRS Ichthyoplankton,PHA20180326,Port Hacking A,PHA,151.21667,-34.08333,2018-03-27 09:40:00,,,F
NRS Ichthyoplankton,PHA20190729,Port Hacking A,PHA,151.21667,-34.08333,2019-07-29 10:03:00,,,F
NRS Ichthyoplankton,PHA20190827,Port Hacking A,PHA,151.21667,-34.08333,2019-08-28 09:59:00,,,F
NRS Ichthyoplankton,PHA20191028,Port Hacking A,PHA,151.21667,-34.08333,2019-10-29 09:30:00,,,F
NRS,DAR20150203_0030,Darwin,DAR,130.76805,-12.4,2015-02-03 10:00:00,48.44755,3,Z
NRS,DAR20180209_0330,Darwin,DAR,130.76805,-12.4,2018-02-09 13:00:00,30.66773,2.9,PZ
NRS,DAR20190214_0030,Darwin,DAR,130.76805,-12.4,2019-02-14 10:00:00,10.15131,1.2,PZ
NRS,DAR20200204_0330,Darwin,DAR,130.76805,-12.4,2020-02-04 13:00:00,59.0357,3,PZ
NRS,DAR20200204_0630,Darwin,DAR,130.76805,-12.4,2020-02-04 16:01:00,77.48696,2,PZ
NRS,DAR20200922_0630,Darwin,DAR,130.76805,-12.4,2020-09-22 16:00:00,116.2034,1,PZ
NRS,DAR20150202_2130,Darwin,DAR,130.76805,-12.4,2015-02-03 07:00:00,29.88895,2.5,Z
NRS,DAR20180509,Darwin,DAR,130.76805,-12.4,2018-05-10 07:02:00,16.84171,5,PZ
NRS,DAR20130617_1500,Darwin,DAR,130.76805,-12.4,2013-06-18 00:30:00,23.69333,,PZ
NRS,DAR20160201_2130,Darwin,DAR,130.76805,-12.4,2016-02-02 07:00:00,20.39276,1.5,PZ
NRS,DAR20170516,Darwin,DAR,130.76805,-12.4,2017-05-17 08:47:00,58.26603,2,PZ
NRS,DAR20160530,Darwin,DAR,130.76805,-12.4,2016-05-31 07:50:00,29.30428,3.5,PZ
NRS,DAR20120730_0130,Darwin,DAR,130.76805,-12.4,2012-07-30 11:00:00,30.95885,4,Z
NRS,DAR20120729_1930,Darwin,DAR,130.76805,-12.4,2012-07-30 05:00:00,49.6622,,PZ
NRS,DAR20210303,Darwin,DAR,130.76805,-12.4,2021-03-04 08:00:00,,2,PZ
NRS,ESP20120612,Esperance,ESP,121.85,-33.93333,2012-06-12 09:24:00,9.70522,12,PZ
NRS,ESP20130725,Esperance,ESP,121.85,-33.93333,2013-07-25 09:57:00,5.85457,14,PZ
NRS,KAI20130506,Kangaroo Island,KAI,136.44733,-35.83217,2013-05-07 07:55:00,41.55527,,PZ
NRS,KAI20091215,Kangaroo Island,KAI,136.44733,-35.83217,2009-12-16 07:15:00,0.76738,,PZ
NRS,KAI20100112,Kangaroo Island,KAI,136.44733,-35.83217,2010-01-13 07:00:00,12.34528,,PZ
NRS,KAI20140122,Kangaroo Island,KAI,136.44733,-35.83217,2014-01-22 15:15:00,40.46962,,PZ
NRS,KAI20150629,Kangaroo Island,KAI,136.44733,-35.83217,2015-06-30 07:35:00,0.43496,,FPZ
NRS,KAI20201123,Kangaroo Island,KAI,136.44733,-35.83217,2020-11-24 06:55:00,13.57592,,PZ
NRS,MAI20100505,Maria Island,MAI,148.23333,-42.59667,2010-05-05 11:30:00,8.77006,36,PZ
NRS,MAI20101001,Maria Island,MAI,148.23333,-42.59667,2010-10-01 12:40:00,2.71854,16,PZ
NRS,MAI20120412,Maria Island,MAI,148.23333,-42.59667,2012-04-12 10:45:00,2.34723,12,PZ
NRS,MAI20140516,Maria Island,MAI,148.23333,-42.59667,2014-05-16 10:20:00,7.83501,13,PZ
NRS,MAI20171123,Maria Island,MAI,148.23333,-42.59667,2017-11-24 09:50:00,14.23957,13,FPZ
NRS,MAI20110531,Maria Island,MAI,148.23333,-42.59667,2011-05-31 11:38:00,2.0378,16,PZ
NRS,MAI20150224,Maria Island,MAI,148.23333,-42.59667,2015-02-25 10:20:00,4.54534,17,FPZ
NRS,MAI20151118,Maria Island,MAI,148.23333,-42.59667,2015-11-19 10:45:00,24.51847,9,FPZ
NRS,MAI20150421,Maria Island,MAI,148.23333,-42.59667,2015-04-21 10:50:00,11.95275,19,FPZ
NRS,MAI20090421,Maria Island,MAI,148.23333,-42.59667,2009-04-21 11:45:00,3.13848,15.2,PZ
NRS,NIN20101108,Ningaloo,NIN,113.779,-21.99,2010-11-08 15:00:00,33.15651,14,PZ
NRS,NIN20111107,Ningaloo,NIN,113.779,-21.99,2011-11-07 10:00:00,18.36056,18,PZ
NRS,NSI20091015,North Stradbroke,NSI,153.562,-27.345,2009-10-15 10:10:00,29.14568,12,PZ
NRS,NSI20091101,North Stradbroke,NSI,153.562,-27.345,2009-11-02 09:02:00,15.22545,21,PZ
NRS,NSI20100411,North Stradbroke,NSI,153.562,-27.345,2010-04-12 08:35:00,17.15435,19,PZ
NRS,NSI20110323,North Stradbroke,NSI,153.562,-27.345,2011-03-23 10:20:00,6.17891,27,PZ
NRS,NSI20170627,North Stradbroke,NSI,153.562,-27.345,2017-06-27 10:20:00,9.23943,16,FPZ
NRS,NSI20190322,North Stradbroke,NSI,153.562,-27.345,2019-03-22 10:50:00,16.11918,14,FPZ
NRS,NSI20190916,North Stradbroke,NSI,153.562,-27.345,2019-09-16 10:20:00,8.55788,16,FPZ
NRS,NSI20200528,North Stradbroke,NSI,153.562,-27.345,2020-05-28 11:00:00,8.07566,23,FPZ
NRS,NSI20200720,North Stradbroke,NSI,153.562,-27.345,2020-07-20 10:30:00,17.12863,21,PZ
NRS,NSI20201221,North Stradbroke,NSI,153.562,-27.345,2020-12-21 10:30:00,16.96146,13,PZ
NRS,NSI20100817,North Stradbroke,NSI,153.562,-27.345,2010-08-18 08:25:00,17.76517,20,PZ
NRS,NSI20110119,North Stradbroke,NSI,153.562,-27.345,2011-01-19 10:00:00,13.66304,12,PZ
NRS,NSI20180123,North Stradbroke,NSI,153.562,-27.345,2018-01-23 10:20:00,13.9138,32,FPZ
NRS,NSI20160318,North Stradbroke,NSI,153.562,-27.345,2016-03-18 10:30:00,14.54391,23,FPZ
NRS,NSI20120821,North Stradbroke,NSI,153.562,-27.345,2012-08-21 10:15:00,14.00381,19,PZ
NRS,PH420020604,Port Hacking 4,PH4,151.21815,-34.11758,2002-06-04 00:00:00,,,Z
NRS,PH420021218,Port Hacking 4,PH4,151.21815,-34.11758,2002-12-18 00:00:00,,,Z
NRS,PH420030120,Port Hacking 4,PH4,151.21815,-34.11758,2003-01-20 00:00:00,,,Z
NRS,PH420040625,Port Hacking 4,PH4,151.21815,-34.11758,2004-06-25 00:00:00,,,Z
NRS,PH420060224,Port Hacking 4,PH4,151.21815,-34.11758,2006-02-24 00:00:00,,,Z
NRS,PH420070830,Port Hacking 4,PH4,151.21815,-34.11758,2007-08-30 00:00:00,,,Z
NRS,PH420071128,Port Hacking 4,PH4,151.21815,-34.11758,2007-11-28 00:00:00,,,Z
NRS,PH420080430,Port Hacking 4,PH4,151.21815,-34.11758,2008-04-30 00:00:00,,,Z
NRS,PH420080805,Port Hacking 4,PH4,151.21815,-34.11758,2008-08-05 00:00:00,,,Z
NRS,PH420080924,Port Hacking 4,PH4,151.21815,-34.11758,2008-09-24 00:00:00,,,Z
NRS,PH420081017,Port Hacking 4,PH4,151.21815,-34.11758,2008-10-17 00:00:00,,,Z
NRS,PHB20090819,Port Hacking,PHB,151.22667,-34.11923,2009-08-20 09:19:00,9.48086,15.5,PZ
NRS,PHB20090920,Port Hacking,PHB,151.22667,-34.11923,2009-09-21 09:17:00,15.9205,16,PZZ
NRS,PHB20110228,Port Hacking,PHB,151.22667,-34.11923,2011-03-01 09:30:00,1.35087,20.5,PZ
NRS,PHB20110420,Port Hacking,PHB,151.22667,-34.11923,2011-04-21 09:36:00,0.60824,19,PZ
NRS,PHB20110717,Port Hacking,PHB,151.22667,-34.11923,2011-07-18 09:38:00,0.41374,10,PZ
NRS,PHB20111018,Port Hacking,PHB,151.22667,-34.11923,2011-10-19 09:31:00,8.30681,11,PZ
NRS,PHB20120311,Port Hacking,PHB,151.22667,-34.11923,2012-03-12 09:00:00,4.44161,17.5,PZ
NRS,PHB20161204,Port Hacking,PHB,151.22667,-34.11923,2016-12-05 09:45:00,16.92128,16,FPZ
NRS,PHB20151115,Port Hacking,PHB,151.22667,-34.11923,2015-11-16 09:33:00,8.14414,12.5,FPZ
NRS,PHB20170517,Port Hacking,PHB,151.22667,-34.11923,2017-05-18 09:45:00,5.27265,19,FPZ
NRS,PHB20210519,Port Hacking,PHB,151.22667,-34.11923,2021-05-20 06:58:00,,13,PZ
NRS,PHB20150225,Port Hacking,PHB,151.22667,-34.11923,2015-02-26 09:37:00,7.26713,17,PZ
NRS,PHB20140317,Port Hacking,PHB,151.22667,-34.11923,2014-03-18 09:48:00,4.66508,19.5,PZ
NRS,PHB20110203,Port Hacking,PHB,151.22667,-34.11923,2011-02-04 09:58:00,10.64431,18,PZ
NRS,PHB20130125,Port Hacking,PHB,151.22667,-34.11923,2013-01-25 10:54:00,13.60421,14,Z
NRS,PHB20200831,Port Hacking,PHB,151.22667,-34.11923,2020-09-01 09:44:00,7.61015,11,PZ
NRS,PHB20140911,Port Hacking,PHB,151.22667,-34.11923,2014-09-11 10:13:00,28.66892,14,FPZ
NRS,ROT20091026,Rottnest Island,ROT,115.41667,-32,2009-10-26 09:53:00,11.3555,15,PZ
NRS,ROT20100723,Rottnest Island,ROT,115.41667,-32,2010-07-23 12:02:00,4.55792,19.5,PZ
NRS,ROT20100820,Rottnest Island,ROT,115.41667,-32,2010-08-20 14:30:00,20.92714,20,PZ
NRS,ROT20150724,Rottnest Island,ROT,115.41667,-32,2015-07-24 09:20:00,5.10801,24,PZ
NRS,ROT20171214,Rottnest Island,ROT,115.41667,-32,2017-12-14 09:37:00,20.10986,19,FPZ
NRS,ROT20180125,Rottnest Island,ROT,115.41667,-32,2018-01-25 10:00:00,12.55392,15.5,FPZ
NRS,ROT20190507,Rottnest Island,ROT,115.41667,-32,2019-05-07 09:40:00,25.84655,19,FPZ
NRS,ROT20160223,Rottnest Island,ROT,115.41667,-32,2016-02-23 08:57:00,8.02351,17,FPZ
NRS,ROT20110622,Rottnest Island,ROT,115.41667,-32,2011-06-22 10:00:00,5.90958,12,PZ
NRS,ROT20200605,Rottnest Island,ROT,115.41667,-32,2020-06-05 09:13:00,16.44387,12.5,PZ
NRS,ROT20131218,Rottnest Island,ROT,115.41667,-32,2013-12-18 10:43:00,24.18841,17,PZ
NRS,ROT20140519,Rottnest Island,ROT,115.41667,-32,2014-05-19 12:22:00,6.82902,10,PZ
NRS,ROT20160324,Rottnest Island,ROT,115.41667,-32,2016-03-24 09:47:00,5.34376,16,FPZ
NRS,ROT20171123,Rottnest Island,ROT,115.41667,-32,2017-11-23 10:05:00,13.44569,14,FPZ
NRS,YON20101101,Yongala,YON,147.61842,-19.30847,2010-11-01 11:45:00,8.55516,15,PZ
NRS,YON20111027,Yongala,YON,147.61842,-19.30847,2011-10-27 13:44:00,12.66924,21,PZ
NRS,YON20120604,Yongala,YON,147.61842,-19.30847,2012-06-04 10:30:00,13.60122,15,PZ
NRS,YON20130808,Yongala,YON,147.61842,-19.30847,2013-08-08 10:58:00,9.79288,22,PZ
NRS,YON20180130,Yongala,YON,147.61842,-19.30847,2018-01-30 10:05:00,18.53846,16,PZ
NRS,YON20141120,Yongala,YON,147.61842,-19.30847,2014-11-21 08:48:00,7.00462,12,PZ
NRS,YON20200926,Yongala,YON,147.61842,-19.30847,2020-09-26 12:33:00,18.49494,16.5,PZ
NRS,YON20161108,Yongala,YON,147.61842,-19.30847,2016-11-08 10:50:00,22.71404,14,PZ
NRS,YON20160927,Yongala,YON,147.61842,-19.30847,2016-09-27 10:33:00,11.69705,11,PZ
NRS,YON20091123,Yongala,YON,147.61842,-19.30847,2009-11-23 11:45:00,24.45499,14,PZ
NRS,YON20100909,Yongala,YON,147.61842,-19.30847,2010-09-09 11:00:00,9.42564,13,PZ
NRS,YON20110217,Yongala,YON,147.61842,-19.30847,2011-02-17 11:30:00,25.29236,10,PZ
NRS,YON20150324,Yongala,YON,147.61842,-19.30847,2015-03-24 15:15:00,30.20831,12,PZ
NRS,YON20210606,Yongala,YON,147.61842,-19.30847,2021-06-06 11:41:00,,12,PZ
NRS,YON20131015,Yongala,YON,147.61842,-19.30847,2013-10-15 11:40:00,50.56934,14,PZ
NWS,NWS_5.1,North West Shelf,NWS,120.6191,-18.1717,2015-01-22 01:16:00,,,P
NWS,NWS_6.2,North West Shelf,NWS,120.6191,-18.1717,2015-01-22 03:31:00,,,P
NWS,NWS_9.1,North West Shelf,NWS,120.6191,-18.1717,2015-01-22 10:57:00,,,P
NWS,NWS_11.2,North West Shelf,NWS,120.6191,-18.1717,2015-01-23 04:02:00,,,P
NWS,NWS_18.2,North West Shelf,NWS,120.6191,-18.1717,2015-01-24 22:04:00,,,P
IIOE,IIOE20190603,International Indian Ocean Expedition,IIOE,110,-14,2019-06-03 16:24:00,,,PZ
IIOE,IIOE20190522,International Indian Ocean Expedition,IIOE,110,-32,2019-05-22 15:55:00,,,PZ
IIOE,IIOE20190604,International Indian Ocean Expedition,IIOE,110,-12.5,2019-06-04 17:00:00,,,PZ
IIOE,IIOE20190525,International Indian Ocean Expedition,IIOE,110,-27.5,2019-05-25 16:26:00,,,PZ
IIOE,IIOE20190610,International Indian Ocean Expedition,IIOE,111.526,-20.651,2019-06-10 01:00:00,,,Z
NRS Ichthyoplankton,NSF20171116,North Stradbroke Ichthyo 30m,NSF,153.5802,-27.3889,2017-11-16 10:30:00,,,F
NRS Ichthyoplankton,NSF20190527,North Stradbroke Ichthyo 30m,NSF,153.5802,-27.3889,2019-05-27 10:15:00,,,F
NRS Ichthyoplankton,PHA20150723,Port Hacking A,PHA,151.21667,-34.08333,2015-07-23 10:07:00,,,F
NRS Ichthyoplankton,PHA20180927,Port Hacking A,PHA,151.21667,-34.08333,2018-09-27 10:43:00,,,F
NRS Ichthyoplankton,ROF20190527,Rottnest Island Ichthyo 34m,ROF,115.48333,-31.96666,2019-05-27 09:28:00,,,F
NRS,DAR20130916,Darwin,DAR,130.76805,-12.4,2013-09-16 11:26:00,32.88775,5,PZ
NRS,DAR20140906_0030,Darwin,DAR,130.76805,-12.4,2014-09-06 10:00:00,43.22345,7,Z
NRS,DAR20170203_0330,Darwin,DAR,130.76805,-12.4,2017-02-03 13:00:00,27.05283,2.5,PZ
NRS,DAR20180731_0330,Darwin,DAR,130.76805,-12.4,2018-07-31 13:00:00,207.90013,1.8,PZ
NRS,DAR20170715_0030,Darwin,DAR,130.76805,-12.4,2017-07-15 10:00:00,170.11654,2,PZ
NRS,DAR20200203_2130,Darwin,DAR,130.76805,-12.4,2020-02-04 07:00:00,60.1174,4,PZ
NRS,DAR20160202_0630,Darwin,DAR,130.76805,-12.4,2016-02-02 16:00:00,11.1001,2,PZ
NRS,DAR20120115_0335,Darwin,DAR,130.76805,-12.4,2012-01-15 13:05:00,48.41338,1.5,PZ
NRS,DAR20170203_0630,Darwin,DAR,130.76805,-12.4,2017-02-03 16:00:00,47.67788,2.5,PZ
NRS,DAR20210427_2130,Darwin,DAR,130.76805,-12.4,2021-04-28 07:11:00,,1,PZ
NRS,DAR20120115_0540,Darwin,DAR,130.76805,-12.4,2012-01-15 15:10:00,219.85591,1.75,PZ
NRS,DAR20160724_0130,Darwin,DAR,130.76805,-12.4,2016-07-24 11:01:00,22.83716,2,PZ
NRS,DAR20170714_2130,Darwin,DAR,130.76805,-12.4,2017-07-15 07:00:00,123.14707,2.5,PZ
NRS,DAR20171009,Darwin,DAR,130.76805,-12.4,2017-10-10 07:57:00,87.81119,1.5,PZ
NRS,ESP20110818,Esperance,ESP,121.85,-33.93333,2011-08-18 10:20:00,6.29464,11,PZ
NRS,ESP20090623,Esperance,ESP,121.85,-33.93333,2009-06-23 09:20:00,10.45178,13,PZ
NRS,ESP20120229,Esperance,ESP,121.85,-33.93333,2012-02-29 10:00:00,,10,P
NRS,KAI20120415,Kangaroo Island,KAI,136.44733,-35.83217,2012-04-15 10:42:00,1.77876,15.5,PZ
NRS,KAI20140507,Kangaroo Island,KAI,136.44733,-35.83217,2014-05-07 13:45:00,7.17165,,PZ
NRS,KAI20110223,Kangaroo Island,KAI,136.44733,-35.83217,2011-02-23 10:30:00,0.27583,,PZ
NRS,KAI20140313,Kangaroo Island,KAI,136.44733,-35.83217,2014-03-13 14:00:00,2.46127,,PZ
NRS,KAI20170908,Kangaroo Island,KAI,136.44733,-35.83217,2017-09-08 15:00:00,8.16535,,FPZ
NRS,KAI20091007,Kangaroo Island,KAI,136.44733,-35.83217,2009-10-08 06:00:00,,,P
NRS,KAI20210202,Kangaroo Island,KAI,136.44733,-35.83217,2021-02-03 06:55:00,,,PZ
NRS,KAI20150408,Kangaroo Island,KAI,136.44733,-35.83217,2015-04-09 07:11:00,1.01138,,FPZ
NRS,KAI20200527,Kangaroo Island,KAI,136.44733,-35.83217,2020-05-28 08:30:00,3.97482,,PZ
NRS,MAI20120326,Maria Island,MAI,148.23333,-42.59667,2012-03-27 10:40:00,3.88994,22,PZ
NRS,MAI20120820,Maria Island,MAI,148.23333,-42.59667,2012-08-20 11:15:00,1.94939,15,PZ
NRS,MAI20130611,Maria Island,MAI,148.23333,-42.59667,2013-06-11 11:55:00,2.9926,21,PZ
NRS,MAI20140122,Maria Island,MAI,148.23333,-42.59667,2014-01-23 10:50:00,20.30318,13,Z
NRS,MAI20181204,Maria Island,MAI,148.23333,-42.59667,2018-12-05 09:10:00,18.11426,13,FPZ
NRS,MAI20191121,Maria Island,MAI,148.23333,-42.59667,2019-11-22 09:23:00,10.08557,12,FPZ
NRS,MAI20200909,Maria Island,MAI,148.23333,-42.59667,2020-09-10 09:00:00,6.37951,14,PZ
NRS,MAI20210215,Maria Island,MAI,148.23333,-42.59667,2021-02-16 09:50:00,,14,PZ
NRS,MAI20210625,Maria Island,MAI,148.23333,-42.59667,2021-06-25 10:28:00,,14,PZ
NRS,MAI20160720,Maria Island,MAI,148.23333,-42.59667,2016-07-21 09:30:00,0.32534,14,FPZ
NRS,MAI20090601,Maria Island,MAI,148.23333,-42.59667,2009-06-01 11:20:00,36.12348,17,PZ
NRS,MAI20151216,Maria Island,MAI,148.23333,-42.59667,2015-12-17 09:35:00,2.82905,11,FPZ
NRS,MAI20111026,Maria Island,MAI,148.23333,-42.59667,2011-10-26 11:00:00,14.92326,13,PZ
NRS,MAI20170104,Maria Island,MAI,148.23333,-42.59667,2017-01-05 09:45:00,10.92486,12,FPZ
NRS,MAI20190828,Maria Island,MAI,148.23333,-42.59667,2019-08-29 09:20:00,4.80939,20,FPZ
NRS,NIN20110706,Ningaloo,NIN,113.779,-21.99,2011-07-06 11:04:00,10.22703,15.5,PZ
NRS,NIN20120827,Ningaloo,NIN,113.779,-21.99,2012-08-27 08:05:00,20.43991,20,PZ
NRS,NIN20130806,Ningaloo,NIN,113.779,-21.99,2013-08-06 14:03:00,26.50823,22,PZ
NRS,NSI20090916,North Stradbroke,NSI,153.562,-27.345,2009-09-17 08:30:00,15.22545,19,PZ
NRS,NSI20100214,North Stradbroke,NSI,153.562,-27.345,2010-02-15 09:30:00,38.37869,25,PZ
NRS,NSI20110915,North Stradbroke,NSI,153.562,-27.345,2011-09-15 11:10:00,9.29087,17,PZ
NRS,NSI20111013,North Stradbroke,NSI,153.562,-27.345,2011-10-13 10:30:00,10.08815,21,PZ
NRS,NSI20160412,North Stradbroke,NSI,153.562,-27.345,2016-04-12 10:45:00,7.38126,16,FPZ
NRS,NSI20200122,North Stradbroke,NSI,153.562,-27.345,2020-01-22 10:35:00,22.25308,15,FPZ
NRS,NSI20200917,North Stradbroke,NSI,153.562,-27.345,2020-09-17 10:20:00,15.78483,29,PZ
NRS,NSI20210119,North Stradbroke,NSI,153.562,-27.345,2021-01-19 11:00:00,27.83082,20,PZ
NRS,NSI20090618,North Stradbroke,NSI,153.562,-27.345,2009-06-18 13:30:00,23.54544,11,Z
NRS,NSI20100916,North Stradbroke,NSI,153.562,-27.345,2010-09-16 12:45:00,13.5023,13.5,PZ
NRS,NSI20080929,North Stradbroke,NSI,153.562,-27.345,2008-09-29 10:30:00,13.02007,,Z
NRS,NSI20140901,North Stradbroke,NSI,153.562,-27.345,2014-09-01 10:10:00,9.233,26,PZ
NRS,NSI20131121,North Stradbroke,NSI,153.562,-27.345,2013-11-22 09:55:00,14.64035,18,PZ
NRS,NSI20120229,North Stradbroke,NSI,153.562,-27.345,2012-03-01 09:45:00,9.09155,16,PZ
NRS,NSI20171023,North Stradbroke,NSI,153.562,-27.345,2017-10-23 10:25:00,11.76886,26.5,FPZ
NRS,NSI20150323,North Stradbroke,NSI,153.562,-27.345,2015-03-23 11:40:00,16.22205,18,FPZ
NRS,PH420050414,Port Hacking 4,PH4,151.21815,-34.11758,2005-04-14 00:00:00,,,Z
NRS,PH420051208,Port Hacking 4,PH4,151.21815,-34.11758,2005-12-08 00:00:00,,,Z
NRS,PH420060614,Port Hacking 4,PH4,151.21815,-34.11758,2006-06-14 00:00:00,,,Z
NRS,PH420070219,Port Hacking 4,PH4,151.21815,-34.11758,2007-02-19 00:00:00,,,Z
NRS,PH420070319,Port Hacking 4,PH4,151.21815,-34.11758,2007-03-19 00:00:00,,,Z
NRS,PHB20090714,Port Hacking,PHB,151.22667,-34.11923,2009-07-15 09:15:00,2.75832,10,PZ
NRS,PHB20120628,Port Hacking,PHB,151.22667,-34.11923,2012-06-28 10:00:00,3.88994,15,Z
NRS,PHB20120717,Port Hacking,PHB,151.22667,-34.11923,2012-07-17 10:00:00,4.24358,12.5,PZ
NRS,PHB20120917,Port Hacking,PHB,151.22667,-34.11923,2012-09-18 09:38:00,54.31784,16.5,PZ
NRS,PHB20130514,Port Hacking,PHB,151.22667,-34.11923,2013-05-15 09:40:00,0.73226,15,PZ
NRS,PHB20151013,Port Hacking,PHB,151.22667,-34.11923,2015-10-14 09:42:00,3.85458,19,FPZ
NRS,PHB20160502,Port Hacking,PHB,151.22667,-34.11923,2016-05-03 09:14:00,3.88994,14,FPZ
NRS,PHB20180123,Port Hacking,PHB,151.22667,-34.11923,2018-01-24 09:41:00,16.66313,15,FPZ
NRS,PHB20180221,Port Hacking,PHB,151.22667,-34.11923,2018-02-22 09:18:00,17.35978,15,FPZ
NRS,PHB20190522,Port Hacking,PHB,151.22667,-34.11923,2019-05-23 08:50:00,8.25498,18,FPZ
NRS,PHB20190827,Port Hacking,PHB,151.22667,-34.11923,2019-08-28 09:59:00,16.61715,15,FPZ
NRS,PHB20191028,Port Hacking,PHB,151.22667,-34.11923,2019-10-29 09:30:00,6.02588,14,FPZ
NRS,PHB20200520,Port Hacking,PHB,151.22667,-34.11923,2020-05-20 10:01:00,1.13162,15,PZ
NRS,PHB20121009,Port Hacking,PHB,151.22667,-34.11923,2012-10-10 09:44:00,9.87693,10,PZ
NRS,PHB20100413,Port Hacking,PHB,151.22667,-34.11923,2010-04-14 09:18:00,51.4322,16.5,Z
NRS,PHB20100908,Port Hacking,PHB,151.22667,-34.11923,2010-09-09 09:30:00,67.34917,,PZ
NRS,PHB20181120,Port Hacking,PHB,151.22667,-34.11923,2018-11-21 09:24:00,4.81292,13,FPZ
NRS,PHB20130725,Port Hacking,PHB,151.22667,-34.11923,2013-07-26 09:24:00,3.90055,13,PZ
NRS,PHB20140427,Port Hacking,PHB,151.22667,-34.11923,2014-04-28 09:38:00,5.86675,16,PZ
NRS,PHB20130611,Port Hacking,PHB,151.22667,-34.11923,2013-06-12 09:55:00,,17,PZ
NRS,PHB20200630,Port Hacking,PHB,151.22667,-34.11923,2020-07-01 09:18:00,3.18948,13,PZ
NRS,PHB20210210,Port Hacking,PHB,151.22667,-34.11923,2021-02-11 09:09:00,,19,PZ
NRS,PHB20100218,Port Hacking,PHB,151.22667,-34.11923,2010-02-19 09:05:00,26.51177,17.5,Z
NRS,ROT20100315,Rottnest Island,ROT,115.41667,-32,2010-03-15 10:00:00,74.29411,18.2,PZ
NRS,ROT20100617,Rottnest Island,ROT,115.41667,-32,2010-06-17 10:05:00,15.62266,15.5,PZ
NRS,ROT20150128,Rottnest Island,ROT,115.41667,-32,2015-01-28 10:15:00,6.32607,21.5,PZ
NRS,ROT20180511,Rottnest Island,ROT,115.41667,-32,2018-05-11 09:21:00,7.94934,11,FPZ
NRS,ROT20201013,Rottnest Island,ROT,115.41667,-32,2020-10-13 09:18:00,17.92913,20,PZ
NRS,ROT20140730,Rottnest Island,ROT,115.41667,-32,2014-07-30 10:03:00,10.31033,15,PZ
NRS,ROT20121219,Rottnest Island,ROT,115.41667,-32,2012-12-19 11:48:00,12.04705,18,PZ
NRS,ROT20130321,Rottnest Island,ROT,115.41667,-32,2013-03-21 11:34:00,12.08634,23.5,Z
NRS,ROT20150924,Rottnest Island,ROT,115.41667,-32,2015-09-24 10:08:00,5.2416,19,PZ
NRS,ROT20130517,Rottnest Island,ROT,115.41667,-32,2013-05-17 10:00:00,14.39674,12,PZ
NRS,ROT20150827,Rottnest Island,ROT,115.41667,-32,2015-08-27 11:15:00,3.96853,19,PZ
NRS,ROT20170120,Rottnest Island,ROT,115.41667,-32,2017-01-20 10:20:00,10.83527,20,FPZ
NRS,ROT20200730,Rottnest Island,ROT,115.41667,-32,2020-07-30 09:27:00,40.45547,20,PZ
NRS,ROT20190621,Rottnest Island,ROT,115.41667,-32,2019-06-21 09:15:00,3.76421,16.5,FPZ
NRS,ROT20190527,Rottnest Island,ROT,115.41667,-32,2019-05-27 09:28:00,11.15118,21,FPZ
NRS,ROT20150701,Rottnest Island,ROT,115.41667,-32,2015-07-01 09:46:00,16.5421,9.5,Z
NRS,ROT20131122,Rottnest Island,ROT,115.41667,-32,2013-11-22 10:26:00,9.98813,15,PZ
NRS,YON20120615,Yongala,YON,147.61842,-19.30847,2012-06-15 10:41:00,25.84232,20,PZ
NRS,YON20121129,Yongala,YON,147.61842,-19.30847,2012-11-29 10:40:00,15.39658,16,PZ
NRS,YON20130220,Yongala,YON,147.61842,-19.30847,2013-02-20 10:42:00,11.95547,19,PZ
NRS,YON20170816,Yongala,YON,147.61842,-19.30847,2017-08-16 10:24:00,6.06832,18,PZ
NRS,YON20180425,Yongala,YON,147.61842,-19.30847,2018-04-26 09:48:00,12.19322,19,PZ
NRS,YON20191107,Yongala,YON,147.61842,-19.30847,2019-11-07 10:10:00,31.19032,18,PZ
NRS,YON20200422,Yongala,YON,147.61842,-19.30847,2020-04-22 11:24:00,55.15295,17,PZ
NRS,YON20180621,Yongala,YON,147.61842,-19.30847,2018-06-21 11:30:00,21.86859,14,PZ
NRS,YON20160122,Yongala,YON,147.61842,-19.30847,2016-01-22 10:39:00,25.36628,13,PZ
NRS,YON20100729,Yongala,YON,147.61842,-19.30847,2010-07-29 11:22:00,8.24234,20,PZ
NRS,YON20160823,Yongala,YON,147.61842,-19.30847,2016-08-23 10:19:00,13.34279,16,PZ
NRS,YON20171025,Yongala,YON,147.61842,-19.30847,2017-10-26 09:56:00,17.73599,13,PZ
NRS,YON20180329,Yongala,YON,147.61842,-19.30847,2018-03-29 10:27:00,24.19657,12,PZ
NRS,YON20160503,Yongala,YON,147.61842,-19.30847,2016-05-03 10:01:00,14.90694,10,PZ
NRS,YON20150923,Yongala,YON,147.61842,-19.30847,2015-09-23 13:11:00,5.25007,25,PZ
NRS,YON20150618,Yongala,YON,147.61842,-19.30847,2015-06-18 10:55:00,17.24635,13,PZ
NRS,YON20170322,Yongala,YON,147.61842,-19.30847,2017-03-22 12:00:00,21.50081,20,PZ
NRS,YON20180817,Yongala,YON,147.61842,-19.30847,2018-08-17 10:23:00,21.81908,18,PZ
NWS,NWS_1.3,North West Shelf,NWS,120.6191,-18.1717,2015-01-18 00:11:02,,,P
NWS,NWS_3.2,North West Shelf,NWS,120.6191,-18.1717,2015-01-20 00:10:01,,,P
NWS,NWS_3.3,North West Shelf,NWS,120.6191,-18.1717,2015-01-20 00:10:02,,,P
NWS,NWS_6.3,North West Shelf,NWS,120.6191,-18.1717,2015-01-22 03:31:01,,,P
NWS,NWS_7.1,North West Shelf,NWS,120.6191,-18.1717,2015-01-22 07:03:00,,,P
NWS,NWS_11.1,North West Shelf,NWS,120.6191,-18.1717,2015-01-23 00:00:02,,,P
NWS,NWS_14.1,North West Shelf,NWS,120.6191,-18.1717,2015-01-23 22:02:00,,,P
NWS,NWS_15.2,North West Shelf,NWS,120.6191,-18.1717,2015-01-24 01:34:01,,,P
IIOE,IIOE20190530,International Indian Ocean Expedition,IIOE,110,-20,2019-05-30 16:40:00,,,PZ
IIOE,IIOE20190519,International Indian Ocean Expedition,IIOE,110,-36.5,2019-05-19 16:10:00,,,PZ
IIOE,IIOE20190518,International Indian Ocean Expedition,IIOE,110,-37.997,2019-05-18 16:48:00,,,PZ
SOTS,SOTS20120718,Southern Ocean Time Series,SOTS,142.25826,-46.93473,2012-07-18 13:30:00,,,Z
SOTS,SOTS20120717,Southern Ocean Time Series,SOTS,142.25826,-46.93473,2012-07-17 16:30:00,,,Z
NRS Ichthyoplankton,NSF20161215,North Stradbroke Ichthyo 30m,NSF,153.5802,-27.3889,2016-12-15 10:15:00,,,F
NRS Ichthyoplankton,NSF20170117,North Stradbroke Ichthyo 30m,NSF,153.5802,-27.3889,2017-01-17 10:30:00,,,F
NRS Ichthyoplankton,NSF20170217,North Stradbroke Ichthyo 30m,NSF,153.5802,-27.3889,2017-02-17 10:30:00,,,F
NRS Ichthyoplankton,NSF20171023,North Stradbroke Ichthyo 30m,NSF,153.5802,-27.3889,2017-10-23 10:25:00,,,F
NRS Ichthyoplankton,NSF20180302,North Stradbroke Ichthyo 30m,NSF,153.5802,-27.3889,2018-03-02 10:25:00,,,F
NRS Ichthyoplankton,NSF20181115,North Stradbroke Ichthyo 30m,NSF,153.5802,-27.3889,2018-11-15 10:40:00,,,F
NRS Ichthyoplankton,PHA20160502,Port Hacking A,PHA,151.21667,-34.08333,2016-05-03 09:14:00,,,F
NRS Ichthyoplankton,PHA20161204,Port Hacking A,PHA,151.21667,-34.08333,2016-12-05 09:45:00,,,F
NRS Ichthyoplankton,PHA20170205,Port Hacking A,PHA,151.21667,-34.08333,2017-02-06 10:49:00,,,F
NRS Ichthyoplankton,PHA20181120,Port Hacking A,PHA,151.21667,-34.08333,2018-11-21 09:24:00,,,F
NRS Ichthyoplankton,PHA20190923,Port Hacking A,PHA,151.21667,-34.08333,2019-09-24 09:36:00,,,F
