PROJECTNAME,TRIP_CODE,SAMPLE,STATION,LATITUDE,LONGITUDE,SAMPLEDATELOCAL,BIOMASS_MGM3,SAMPLETYPE
NRS,NRSDAR20111005,65,Darwin,-12.4,130.76805,2011-10-05 09:31:00,1.37523,PZ
NRS,NRSDAR20150316,555,Darwin,-12.4,130.76805,2015-03-17 08:35:00,36.84401,PZ
NRS,NRSDAR20201123,1137,Darwin,-12.4,130.76805,2020-11-24 07:23:00,28.39158,PZ
NRS,NRSESP20100322,106,Esperance,-33.93333,121.85,2010-03-22 09:40:00,12.27495,PZ
NRS,NRSESP20110512,27,Esperance,-33.93333,121.85,2011-05-12 10:10:00,14.11383,PZ
NRS,NRSKAI20091007,178,Kangaroo Island,-35.83217,136.44733,2009-10-08 06:00:00,,P
NRS,NRSKAI20110123,189,Kangaroo Island,-35.83217,136.44733,2011-01-24 07:40:00,,P
NRS,NRSKAI20140507,512,Kangaroo Island,-35.83217,136.44733,2014-05-07 13:45:00,7.17165,PZ
NRS,NRSKAI20141029,546,Kangaroo Island,-35.83217,136.44733,2014-10-29 11:00:00,5.21253,FPZ
NRS,NRSKAI20150408,625,Kangaroo Island,-35.83217,136.44733,2015-04-09 07:11:00,1.01138,FPZ
NRS,NRSKAI20150629,640,Kangaroo Island,-35.83217,136.44733,2015-06-30 07:35:00,0.43496,FPZ
NRS,NRSMAI20100120,105,Maria Island,-42.59667,148.23333,2010-01-21 10:50:00,7.67381,PZ
NRS,NRSMAI20100527,40,Maria Island,-42.59667,148.23333,2010-05-27 11:30:00,4.16401,PZ
NRS,NRSMAI20110118,155,Maria Island,-42.59667,148.23333,2011-01-19 10:30:00,10.45424,PZ
NRS,NRSMAI20131117,457,Maria Island,-42.59667,148.23333,2013-11-18 10:50:00,8.51622,PZ
NRS,NRSMAI20140408,486,Maria Island,-42.59667,148.23333,2014-04-08 11:03:00,4.68447,PZ
NRS,NRSMAI20140821,529,Maria Island,-42.59667,148.23333,2014-08-21 11:50:00,1.15048,PZ
NRS,NRSMAI20141127,541,Maria Island,-42.59667,148.23333,2014-11-28 09:30:00,11.00502,FPZ
NRS,NRSMAI20151001,648,Maria Island,-42.59667,148.23333,2015-10-01 11:05:00,26.87601,PZ
NRS,NRSMAI20151216,672,Maria Island,-42.59667,148.23333,2015-12-17 09:35:00,2.82905,FPZ
NRS,NRSMAI20160428,678,Maria Island,-42.59667,148.23333,2016-04-28 10:47:00,13.58417,FPZ
NRS,NRSMAI20160530,682,Maria Island,-42.59667,148.23333,2016-05-31 09:45:00,3.78621,FPZ
NRS,NRSMAI20160720,698,Maria Island,-42.59667,148.23333,2016-07-21 09:30:00,0.32534,FPZ
NRS,NRSMAI20160831,712,Maria Island,-42.59667,148.23333,2016-08-31 10:26:00,2.88563,FPZ
NRS,NRSMAI20170323,754,Maria Island,-42.59667,148.23333,2017-03-24 09:30:00,8.88323,FPZ
NRS,NRSNSI20081119,286,North Stradbroke,-27.345,153.562,2008-11-19 10:30:00,7.27838,Z
NRS,NRSNSI20100121,124,North Stradbroke,-27.345,153.562,2010-01-22 09:50:00,33.64645,PZ
NRS,NRSNSI20100520,180,North Stradbroke,-27.345,153.562,2010-05-21 08:21:00,15.907,PZ
NRS,NRSNSI20100711,110,North Stradbroke,-27.345,153.562,2010-07-12 08:45:00,18.41457,PZ
NRS,NRSNSI20110323,192,North Stradbroke,-27.345,153.562,2011-03-23 10:20:00,6.17891,PZ
NRS,NRSNSI20110606,195,North Stradbroke,-27.345,153.562,2011-06-06 10:00:00,5.58095,PZ
NRS,NRSNSI20140901,496,North Stradbroke,-27.345,153.562,2014-09-01 10:10:00,9.233,PZ
NRS,NRSNSI20150624,632,North Stradbroke,-27.345,153.562,2015-06-24 10:30:00,8.95009,FPZ
NRS,NRSNSI20151119,645,North Stradbroke,-27.345,153.562,2015-11-19 10:24:00,9.38088,FPZ
NRS,NRSNSI20160920,714,North Stradbroke,-27.345,153.562,2016-09-20 10:15:00,10.52536,FPZ
NRS,NRSNSI20171219,804,North Stradbroke,-27.345,153.562,2017-12-19 10:45:00,8.28141,FPZ
NRS,NRSNSI20180320,814,North Stradbroke,-27.345,153.562,2018-03-20 10:40:00,10.2939,FPZ
NRS,NRSNSI20190322,899,North Stradbroke,-27.345,153.562,2019-03-22 10:50:00,16.11918,FPZ
NRS,NRSNSI20200528,1046,North Stradbroke,-27.345,153.562,2020-05-28 11:00:00,8.07566,FPZ
NRS,NRSNSI20210415,1219,North Stradbroke,-27.345,153.562,2021-04-16 09:40:00,,PZ
NRS,NRSPH420020219,208,Port Hacking 4,-34.11758,151.21815,2002-02-19 00:00:00,,Z
NRS,NRSPH420020604,211,Port Hacking 4,-34.11758,151.21815,2002-06-04 00:00:00,,Z
NRS,NRSPH420021021,216,Port Hacking 4,-34.11758,151.21815,2002-10-21 00:00:00,,Z
NRS,NRSPH420030530,223,Port Hacking 4,-34.11758,151.21815,2003-05-30 00:00:00,,Z
NRS,NRSPH420030630,224,Port Hacking 4,-34.11758,151.21815,2003-06-30 00:00:00,,Z
NRS,NRSPH420030911,227,Port Hacking 4,-34.11758,151.21815,2003-09-11 00:00:00,,Z
NRS,NRSPH420040725,237,Port Hacking 4,-34.11758,151.21815,2004-07-25 00:00:00,,Z
NRS,NRSPH420060724,255,Port Hacking 4,-34.11758,151.21815,2006-07-24 00:00:00,,Z
NRS,NRSPH420080219,269,Port Hacking 4,-34.11758,151.21815,2008-02-19 00:00:00,,Z
NRS,NRSPHB20090924,151,Port Hacking,-34.11923,151.22667,2009-09-25 08:45:00,32.36438,PZZ
NRS,NRSPHB20100119,39,Port Hacking,-34.11923,151.22667,2010-01-20 09:20:00,63.7881,PZ
NRS,NRSPHB20100817,183,Port Hacking,-34.11923,151.22667,2010-08-18 09:30:00,66.4368,PZ
NRS,NRSPHB20130611,421,Port Hacking,-34.11923,151.22667,2013-06-12 09:55:00,,PZ
NRS,NRSPHB20140612,515,Port Hacking,-34.11923,151.22667,2014-06-13 09:20:00,11.32329,PZ
NRS,NRSPHB20140824,517,Port Hacking,-34.11923,151.22667,2014-08-25 09:57:00,5.10997,PZ
NRS,NRSPHB20140911,518,Port Hacking,-34.11923,151.22667,2014-09-11 10:13:00,28.66892,FPZ
NRS,NRSPHB20150518,641,Port Hacking,-34.11923,151.22667,2015-05-19 09:43:00,4.80939,PZ
NRS,NRSPHB20150630,649,Port Hacking,-34.11923,151.22667,2015-06-30 11:11:00,2.95636,FPZ
NRS,NRSPHB20160229,703,Port Hacking,-34.11923,151.22667,2016-03-01 09:00:00,11.22427,FPZ
NRS,NRSPHB20170716,774,Port Hacking,-34.11923,151.22667,2017-07-17 09:42:00,5.80663,FPZ
NRS,NRSPHB20180528,844,Port Hacking,-34.11923,151.22667,2018-05-29 09:50:00,17.22186,PZ
NRS,NRSPHB20190626,909,Port Hacking,-34.11923,151.22667,2019-06-27 09:38:00,1.57366,FPZ
NRS,NRSPHB20190827,981,Port Hacking,-34.11923,151.22667,2019-08-28 09:59:00,16.61715,FPZ
NRS,NRSROT20091222,104,Rottnest Island,-32,115.41667,2009-12-22 10:00:00,9.13155,PZ
NRS,NRSROT20100723,54,Rottnest Island,-32,115.41667,2010-07-23 12:02:00,4.55792,PZ
NRS,NRSROT20120329,74,Rottnest Island,-32,115.41667,2012-03-29 10:03:00,18.98609,PZ
NRS,NRSROT20130125,390,Rottnest Island,-32,115.41667,2013-01-25 10:10:00,25.53221,PZ
NRS,NRSROT20131017,460,Rottnest Island,-32,115.41667,2013-10-17 08:00:00,9.29658,PZ
NRS,NRSROT20131218,464,Rottnest Island,-32,115.41667,2013-12-18 10:43:00,24.18841,PZ
NRS,NRSROT20140227,491,Rottnest Island,-32,115.41667,2014-02-27 12:39:00,22.25522,PZ
NRS,NRSROT20140624,521,Rottnest Island,-32,115.41667,2014-06-24 13:16:00,16.49495,PZ
NRS,NRSROT20140730,528,Rottnest Island,-32,115.41667,2014-07-30 10:03:00,10.31033,PZ
NRS,NRSROT20170523,777,Rottnest Island,-32,115.41667,2017-05-23 09:53:00,10.49893,FPZ
NRS,NRSROT20180921,863,Rottnest Island,-32,115.41667,2018-09-21 09:27:00,4.99799,FPZ
NRS,NRSROT20181024,864,Rottnest Island,-32,115.41667,2018-10-24 09:18:00,13.39085,FPZ
NRS,NRSROT20191104,997,Rottnest Island,-32,115.41667,2019-11-04 09:25:00,,FP
NRS,NRSROT20191126,996,Rottnest Island,-32,115.41667,2019-11-26 09:30:00,6.68364,PZ
NRS,NRSROT20191218,1015,Rottnest Island,-32,115.41667,2019-12-18 09:15:00,17.38296,PZ
NRS,NRSROT20200605,1077,Rottnest Island,-32,115.41667,2020-06-05 09:13:00,16.44387,PZ
NRS,NRSROT20200814,1080,Rottnest Island,-32,115.41667,2020-08-14 09:21:00,11.72289,Z
NRS,NRSROT20201013,1143,Rottnest Island,-32,115.41667,2020-10-13 09:18:00,,PZ
NRS,NRSYON20090909,48,Yongala,-19.30847,147.61842,2009-09-09 10:40:00,17.25995,PZ
NRS,NRSYON20100729,23,Yongala,-19.30847,147.61842,2010-07-29 11:22:00,8.24234,PZ
NRS,NRSYON20120918,375,Yongala,-19.30847,147.61842,2012-09-18 11:00:00,3.06027,PZ
NRS,NRSYON20121129,373,Yongala,-19.30847,147.61842,2012-11-29 10:40:00,15.39658,PZ
NRS,NRSYON20140220,473,Yongala,-19.30847,147.61842,2014-02-20 10:48:00,12.49952,PZ
NRS,NRSYON20140317,474,Yongala,-19.30847,147.61842,2014-03-17 14:07:00,25.80152,PZ
NRS,NRSYON20150923,655,Yongala,-19.30847,147.61842,2015-09-23 13:11:00,5.25007,PZ
NRS,NRSYON20151203,686,Yongala,-19.30847,147.61842,2015-12-03 11:00:00,9.004,PZ
NRS,NRSYON20160624,709,Yongala,-19.30847,147.61842,2016-06-24 10:00:00,12.20029,PZ
NRS,NRSYON20160823,718,Yongala,-19.30847,147.61842,2016-08-23 10:19:00,13.34279,PZ
NRS,NRSYON20170528,782,Yongala,-19.30847,147.61842,2017-05-29 08:11:00,17.97864,PZ
NRS,NRSYON20170724,784,Yongala,-19.30847,147.61842,2017-07-24 10:45:00,4.99328,PZ
NRS,NRSYON20180720,855,Yongala,-19.30847,147.61842,2018-07-20 10:56:00,16.81519,PZ
NRS,NRSYON20180817,856,Yongala,-19.30847,147.61842,2018-08-17 10:23:00,21.81908,PZ
NRS,NRSYON20190124,882,Yongala,-19.30847,147.61842,2019-01-24 11:12:00,8.04865,PZ
NRS,NRSYON20190213,883,Yongala,-19.30847,147.61842,2019-02-13 10:26:00,15.33347,PZ
NRS,NRSYON20190917,991,Yongala,-19.30847,147.61842,2019-09-17 10:10:00,8.16889,PZ
NRS,NRSYON20191202,994,Yongala,-19.30847,147.61842,2019-12-03 09:45:00,22.50866,PZ
NRS,NRSYON20200710,1085,Yongala,-19.30847,147.61842,2020-07-11 09:25:00,7.91591,PZ
NRS,NRSDAR20130617_1500,429,Darwin,-12.4,130.76805,2013-06-18 00:30:00,23.69333,PZ
NRS,NRSDAR20140118_0030,466,Darwin,-12.4,130.76805,2014-01-18 10:00:00,606.52675,Z
NRS,NRSDAR20170715_0330,790,Darwin,-12.4,130.76805,2017-07-15 13:00:00,242.84681,PZ
NRS,NRSDAR20170715_0630,791,Darwin,-12.4,130.76805,2017-07-15 16:00:00,137.47436,PZ
NRS,NRSDAR20180731_0030,852,Darwin,-12.4,130.76805,2018-07-31 10:00:00,196.47782,PZ
NRS,NRSDAR20190723_0630,979,Darwin,-12.4,130.76805,2019-07-23 16:00:00,33.24138,PZ
NRS,NRSDAR20200204_0030,1007,Darwin,-12.4,130.76805,2020-02-04 10:00:00,74.89921,PZ
NWS,NRSNWS_4.3,576,North West Shelf,-18.1717,120.6191,2015-01-21 00:15:02,,P
NWS,NRSNWS_6.3,583,North West Shelf,-18.1717,120.6191,2015-01-22 03:31:01,,P
NWS,NRSNWS_11.1,592,North West Shelf,-18.1717,120.6191,2015-01-23 00:00:02,,P
NWS,NRSNWS_12.1,595,North West Shelf,-18.1717,120.6191,2015-01-23 07:01:00,,P
NWS,NRSNWS_16.1,605,North West Shelf,-18.1717,120.6191,2015-01-24 04:04:00,,P
NWS,NRSNWS_17.2,609,North West Shelf,-18.1717,120.6191,2015-01-24 10:02:00,,P
IIOE,NRSIIOE20190603,965,International Indian Ocean Expedition,,,2019-06-03 16:24:00,,PZ
IIOE,NRSIIOE20190604,966,International Indian Ocean Expedition,,,2019-06-04 17:00:00,,PZ
NRS Ichthyoplankton,NRSNSF20160120,1168,North Stradbroke Ichthyo 30m,-27.3889,153.5802,2016-01-20 10:30:00,,F
NRS Ichthyoplankton,NRSNSF20160318,1182,North Stradbroke Ichthyo 30m,-27.3889,153.5802,2016-03-18 10:30:00,,F
NRS Ichthyoplankton,NRSNSF20160720,1174,North Stradbroke Ichthyo 30m,-27.3889,153.5802,2016-07-20 10:30:00,,F
NRS Ichthyoplankton,NRSNSF20181115,1187,North Stradbroke Ichthyo 30m,-27.3889,153.5802,2018-11-15 10:40:00,,F
NRS Ichthyoplankton,NRSNSF20190821,1171,North Stradbroke Ichthyo 30m,-27.3889,153.5802,2019-08-21 10:40:00,,F
NRS Ichthyoplankton,NRSPHA20140911,1093,Port Hacking A,-34.08333,151.21667,2014-09-11 10:13:00,,F
NRS Ichthyoplankton,NRSPHA20170921,1115,Port Hacking A,-34.08333,151.21667,2017-09-22 08:48:00,,F
NRS Ichthyoplankton,NRSPHA20180221,1119,Port Hacking A,-34.08333,151.21667,2018-02-22 09:18:00,,F
NRS Ichthyoplankton,NRSPHA20190729,1132,Port Hacking A,-34.08333,151.21667,2019-07-29 10:03:00,,F
NRS,NRSDAR20171009,808,Darwin,-12.4,130.76805,2017-10-10 07:57:00,87.81119,PZ
NRS,NRSDAR20191105,1005,Darwin,-12.4,130.76805,2019-11-06 07:38:00,41.06691,PZ
NRS,NRSESP20100629,88,Esperance,-33.93333,121.85,2010-06-29 10:05:00,7.15122,PZ
NRS,NRSKAI20100315,68,Kangaroo Island,-35.83217,136.44733,2010-03-16 06:00:00,,P
NRS,NRSKAI20110223,191,Kangaroo Island,-35.83217,136.44733,2011-02-23 10:30:00,0.27583,PZ
NRS,NRSKAI20110718,60,Kangaroo Island,-35.83217,136.44733,2011-07-19 09:00:00,0.0106,Z
NRS,NRSKAI20111115,202,Kangaroo Island,-35.83217,136.44733,2011-11-15 11:30:00,2.34104,PZ
NRS,NRSKAI20130506,402,Kangaroo Island,-35.83217,136.44733,2013-05-07 07:55:00,41.55527,PZ
NRS,NRSKAI20140713,530,Kangaroo Island,-35.83217,136.44733,2014-07-13 16:13:00,3.87934,PZ
NRS,NRSKAI20161118,739,Kangaroo Island,-35.83217,136.44733,2016-11-18 12:45:00,11.22427,FPZ
NRS,NRSKAI20171129,809,Kangaroo Island,-35.83217,136.44733,2017-11-29 14:50:00,7.44041,FPZ
NRS,NRSKAI20201123,1198,Kangaroo Island,-35.83217,136.44733,2020-11-24 06:55:00,13.57592,PZ
NRS,NRSMAI20090506,32,Maria Island,-42.59667,148.23333,2009-05-06 11:20:00,4.04466,PZ
NRS,NRSMAI20090716,22,Maria Island,-42.59667,148.23333,2009-07-16 11:36:00,2.15273,PZ
NRS,NRSMAI20091013,49,Maria Island,-42.59667,148.23333,2009-10-13 11:00:00,10.30836,PZ
NRS,NRSMAI20091111,37,Maria Island,-42.59667,148.23333,2009-11-11 11:30:00,32.52086,PZ
NRS,NRSMAI20100615,86,Maria Island,-42.59667,148.23333,2010-06-15 11:10:00,2.14389,PZ
NRS,NRSMAI20120524,75,Maria Island,-42.59667,148.23333,2012-05-24 11:30:00,31.38482,Z
NRS,NRSMAI20130424,398,Maria Island,-42.59667,148.23333,2013-04-24 10:50:00,8.31689,PZ
NRS,NRSMAI20130821,448,Maria Island,-42.59667,148.23333,2013-08-21 11:21:00,0.67632,PZ
NRS,NRSMAI20140122,480,Maria Island,-42.59667,148.23333,2014-01-23 10:50:00,20.30318,Z
NRS,NRSMAI20140807,499,Maria Island,-42.59667,148.23333,2014-08-07 12:00:00,0.18565,PZ
NRS,NRSMAI20160209,675,Maria Island,-42.59667,148.23333,2016-02-10 10:45:00,4.24358,FPZ
NRS,NRSMAI20160303,676,Maria Island,-42.59667,148.23333,2016-03-04 10:15:00,9.8121,FPZ
NRS,NRSMAI20170223,737,Maria Island,-42.59667,148.23333,2017-02-24 08:50:00,17.28552,FPZ
NRS,NRSMAI20170921,793,Maria Island,-42.59667,148.23333,2017-09-22 09:15:00,14.25371,PZ
NRS,NRSMAI20181018,860,Maria Island,-42.59667,148.23333,2018-10-19 08:45:00,3.50331,FPZ
NRS,NRSMAI20190828,916,Maria Island,-42.59667,148.23333,2019-08-29 09:20:00,4.80939,FPZ
NRS,NRSMAI20200628,1054,Maria Island,-42.59667,148.23333,2020-06-29 09:45:00,1.33908,PZ
NRS,NRSNIN20101108,6,Ningaloo,-21.99,113.779,2010-11-08 15:00:00,33.15651,PZ
NRS,NRSNIN20110501,147,Ningaloo,-21.99,113.779,2011-05-01 08:24:00,15.26274,PZ
NRS,NRSNIN20130509,436,Ningaloo,-21.99,113.779,2013-05-09 10:20:00,13.16924,PZ
NRS,NRSNSI20081030,285,North Stradbroke,-27.345,153.562,2008-10-30 10:30:00,12.36425,Z
NRS,NRSNSI20090114,288,North Stradbroke,-27.345,153.562,2009-01-14 10:30:00,18.88393,Z
NRS,NRSNSI20090318,290,North Stradbroke,-27.345,153.562,2009-03-18 10:30:00,10.95615,Z
NRS,NRSNSI20100322,69,North Stradbroke,-27.345,153.562,2010-03-23 09:15:00,41.88929,PZ
NRS,NRSNSI20101115,171,North Stradbroke,-27.345,153.562,2010-11-16 09:30:00,32.59199,PZ
NRS,NRSNSI20101215,162,North Stradbroke,-27.345,153.562,2010-12-16 08:30:00,12.00419,PZ
NRS,NRSNSI20110119,167,North Stradbroke,-27.345,153.562,2011-01-19 10:00:00,13.66304,PZ
NRS,NRSNSI20110816,130,North Stradbroke,-27.345,153.562,2011-08-16 10:00:00,16.5371,PZ
NRS,NRSNSI20120806,299,North Stradbroke,-27.345,153.562,2012-08-06 10:15:00,7.4134,PZ
NRS,NRSNSI20121017,302,North Stradbroke,-27.345,153.562,2012-10-17 10:20:00,21.71942,PZ
NRS,NRSNSI20130123,377,North Stradbroke,-27.345,153.562,2013-01-23 10:15:00,11.32264,PZ
NRS,NRSNSI20130706,413,North Stradbroke,-27.345,153.562,2013-07-07 09:40:00,5.25946,PZ
NRS,NRSNSI20130819,416,North Stradbroke,-27.345,153.562,2013-08-19 10:10:00,5.21446,PZ
NRS,NRSNSI20140404,483,North Stradbroke,-27.345,153.562,2014-04-04 10:45:00,14.57605,PZ
NRS,NRSNSI20141020,501,North Stradbroke,-27.345,153.562,2014-10-20 10:45:00,6.68685,FPZ
NRS,NRSNSI20150528,618,North Stradbroke,-27.345,153.562,2015-05-28 10:15:00,9.39374,FPZ
NRS,NRSNSI20150817,637,North Stradbroke,-27.345,153.562,2015-08-17 10:30:00,15.57908,FPZ
NRS,NRSNSI20151216,673,North Stradbroke,-27.345,153.562,2015-12-16 10:30:00,14.55034,FPZ
NRS,NRSNSI20160318,679,North Stradbroke,-27.345,153.562,2016-03-18 10:30:00,14.54391,FPZ
NRS,NRSNSI20170627,767,North Stradbroke,-27.345,153.562,2017-06-27 10:20:00,9.23943,FPZ
NRS,NRSNSI20170829,785,North Stradbroke,-27.345,153.562,2017-08-29 11:50:00,10.22317,FPZ
NRS,NRSNSI20171116,802,North Stradbroke,-27.345,153.562,2017-11-16 10:30:00,7.92135,FPZ
NRS,NRSNSI20180718,869,North Stradbroke,-27.345,153.562,2018-07-18 10:20:00,16.10632,FPZ
NRS,NRSNSI20200228,1004,North Stradbroke,-27.345,153.562,2020-02-28 10:30:00,10.6861,FPZ
NRS,NRSNSI20200720,1073,North Stradbroke,-27.345,153.562,2020-07-20 10:30:00,17.12863,PZ
NRS,NRSPH420040421,234,Port Hacking 4,-34.11758,151.21815,2004-04-21 00:00:00,,Z
NRS,NRSPH420050225,244,Port Hacking 4,-34.11758,151.21815,2005-02-25 00:00:00,,Z
NRS,NRSPH420051208,251,Port Hacking 4,-34.11758,151.21815,2005-12-08 00:00:00,,Z
NRS,NRSPH420060224,253,Port Hacking 4,-34.11758,151.21815,2006-02-24 00:00:00,,Z
NRS,NRSPH420070418,260,Port Hacking 4,-34.11758,151.21815,2007-04-18 00:00:00,,Z
NRS,NRSPH420070830,264,Port Hacking 4,-34.11758,151.21815,2007-08-30 00:00:00,,Z
NRS,NRSPHB20090518,80,Port Hacking,-34.11923,151.22667,2009-05-19 09:25:00,44.25701,PZ
NRS,NRSPHB20091110,83,Port Hacking,-34.11923,151.22667,2009-11-11 09:45:00,37.99773,PZ
NRS,NRSPHB20100413,303,Port Hacking,-34.11923,151.22667,2010-04-14 09:18:00,51.4322,Z
NRS,NRSPHB20101019,13,Port Hacking,-34.11923,151.22667,2010-10-20 10:40:00,,P
NRS,NRSPHB20110203,111,Port Hacking,-34.11923,151.22667,2011-02-04 09:58:00,10.64431,PZ
NRS,NRSPHB20110517,76,Port Hacking,-34.11923,151.22667,2011-05-18 09:25:00,0.19449,PZ
NRS,NRSPHB20120717,305,Port Hacking,-34.11923,151.22667,2012-07-17 10:00:00,4.24358,PZ
NRS,NRSPHB20121009,381,Port Hacking,-34.11923,151.22667,2012-10-10 09:44:00,9.87693,PZ
NRS,NRSPHB20130514,433,Port Hacking,-34.11923,151.22667,2013-05-15 09:40:00,0.73226,PZ
NRS,NRSPHB20141021,536,Port Hacking,-34.11923,151.22667,2014-10-22 09:30:00,8.0239,FPZ
NRS,NRSPHB20160407,704,Port Hacking,-34.11923,151.22667,2016-04-08 09:13:00,6.23452,FPZ
NRS,NRSPHB20160502,707,Port Hacking,-34.11923,151.22667,2016-05-03 09:14:00,3.88994,FPZ
NRS,NRSPHB20160615,715,Port Hacking,-34.11923,151.22667,2016-06-15 11:06:00,3.7591,FPZ
NRS,NRSPHB20180905,874,Port Hacking,-34.11923,151.22667,2018-09-05 10:50:00,50.6825,FPZ
NRS,NRSPHB20181218,884,Port Hacking,-34.11923,151.22667,2018-12-19 09:40:00,9.88754,FPZ
NRS,NRSPHB20190923,982,Port Hacking,-34.11923,151.22667,2019-09-24 09:36:00,15.64467,FPZ
NRS,NRSPHB20210210,1209,Port Hacking,-34.11923,151.22667,2021-02-11 09:09:00,,PZ
NRS,NRSROT20100416,26,Rottnest Island,-32,115.41667,2010-04-16 08:30:00,17.56371,PZ
NRS,NRSROT20100520,154,Rottnest Island,-32,115.41667,2010-05-20 10:05:00,6.01959,PZ
NRS,NRSROT20110224,159,Rottnest Island,-32,115.41667,2011-02-24 09:35:00,7.39483,PZ
NRS,NRSROT20110324,119,Rottnest Island,-32,115.41667,2011-03-24 09:35:00,4.62864,PZ
NRS,NRSROT20110527,118,Rottnest Island,-32,115.41667,2011-05-27 09:35:00,13.94095,PZ
NRS,NRSROT20110725,149,Rottnest Island,-32,115.41667,2011-07-25 10:20:00,14.71108,PZ
NRS,NRSROT20120221,58,Rottnest Island,-32,115.41667,2012-02-21 09:40:00,12.11778,PZ
NRS,NRSROT20120504,358,Rottnest Island,-32,115.41667,2012-05-04 13:00:00,13.42229,PZ
NRS,NRSROT20120824,361,Rottnest Island,-32,115.41667,2012-08-24 11:06:00,8.55003,PZ
NRS,NRSROT20121019,388,Rottnest Island,-32,115.41667,2012-10-19 09:54:00,13.86236,PZ
NRS,NRSROT20121126,389,Rottnest Island,-32,115.41667,2012-11-26 11:02:00,11.11189,PZ
NRS,NRSROT20121219,438,Rottnest Island,-32,115.41667,2012-12-19 11:48:00,12.04705,PZ
NRS,NRSROT20130321,440,Rottnest Island,-32,115.41667,2013-03-21 11:34:00,12.08634,Z
NRS,NRSROT20150827,668,Rottnest Island,-32,115.41667,2015-08-27 11:15:00,3.96853,PZ
NRS,NRSROT20161214,756,Rottnest Island,-32,115.41667,2016-12-14 09:35:00,9.66122,FPZ
NRS,NRSROT20171123,828,Rottnest Island,-32,115.41667,2017-11-23 10:05:00,13.44569,FPZ
NRS,NRSROT20190306,904,Rottnest Island,-32,115.41667,2019-03-06 10:24:00,7.48913,FPZ
NRS,NRSYON20110720,100,Yongala,-19.30847,147.61842,2011-07-20 11:37:00,8.37953,PZ
NRS,NRSYON20111213,18,Yongala,-19.30847,147.61842,2011-12-13 12:55:00,12.17309,PZ
NRS,NRSYON20141014,619,Yongala,-19.30847,147.61842,2014-10-14 12:02:00,10.62255,PZ
NRS,NRSYON20150119,622,Yongala,-19.30847,147.61842,2015-01-19 11:25:00,18.76968,PZ
NRS,NRSYON20151111,665,Yongala,-19.30847,147.61842,2015-11-11 10:45:00,11.49303,PZ
NRS,NRSYON20160215,688,Yongala,-19.30847,147.61842,2016-02-15 10:18:00,32.2757,PZ
NRS,NRSYON20160321,689,Yongala,-19.30847,147.61842,2016-03-21 10:31:00,16.68356,PZ
NRS,NRSYON20160601,708,Yongala,-19.30847,147.61842,2016-06-01 10:46:00,26.38637,PZ
NRS,NRSYON20170220,746,Yongala,-19.30847,147.61842,2017-02-20 10:29:00,7.20864,PZ
NRS,NRSYON20170322,780,Yongala,-19.30847,147.61842,2017-03-22 12:00:00,21.50081,PZ
NRS,NRSYON20180220,824,Yongala,-19.30847,147.61842,2018-02-20 10:30:00,21.32671,PZ
NRS,NRSYON20180425,849,Yongala,-19.30847,147.61842,2018-04-26 09:48:00,12.19322,PZ
NRS,NRSYON20181011,858,Yongala,-19.30847,147.61842,2018-10-11 10:54:00,20.98804,PZ
NRS,NRSYON20191107,993,Yongala,-19.30847,147.61842,2019-11-07 10:10:00,31.19032,PZ
NRS,NRSDAR20120114_2130,72,Darwin,-12.4,130.76805,2012-01-15 07:00:00,39.12967,PZ
NRS,NRSDAR20121208_2000,369,Darwin,-12.4,130.76805,2012-12-09 05:30:00,53.57521,PZ
NRS,NRSDAR20150203_0330,551,Darwin,-12.4,130.76805,2015-02-03 13:00:00,26.79564,Z
NRS,NRSDAR20150203_0630,552,Darwin,-12.4,130.76805,2015-02-03 16:00:00,32.54827,Z
NRS,NRSDAR20170714_2130,788,Darwin,-12.4,130.76805,2017-07-15 07:00:00,123.14707,PZ
NRS,NRSDAR20180209_0630,832,Darwin,-12.4,130.76805,2018-02-09 16:00:00,33.61363,PZ
NRS,NRSDAR20200922_0330,1091,Darwin,-12.4,130.76805,2020-09-22 13:00:00,591.36077,PZ
NWS,NRSNWS_9.2,578,North West Shelf,-18.1717,120.6191,2015-01-22 10:57:01,,P
NWS,NRSNWS_11.3,594,North West Shelf,-18.1717,120.6191,2015-01-23 04:02:01,,P
NWS,NRSNWS_13.2,598,North West Shelf,-18.1717,120.6191,2015-01-23 10:00:01,,P
NWS,NRSNWS_14.2,589,North West Shelf,-18.1717,120.6191,2015-01-23 22:02:01,,P
IIOE,NRSIIOE20190517,948,International Indian Ocean Expedition,,,2019-05-17 16:24:00,,PZ
IIOE,NRSIIOE20190526,957,International Indian Ocean Expedition,,,2019-05-26 16:25:00,,PZ
SOTS,NRSSOTS20120718,503,Southern Ocean Time Series,-46.93473,142.25826,2012-07-18 13:30:00,,Z
NRS Ichthyoplankton,NRSNSF20161215,1167,North Stradbroke Ichthyo 30m,-27.3889,153.5802,2016-12-15 10:15:00,,F
NRS Ichthyoplankton,NRSNSF20170627,1169,North Stradbroke Ichthyo 30m,-27.3889,153.5802,2017-06-27 10:20:00,,F
NRS Ichthyoplankton,NRSNSF20170829,1161,North Stradbroke Ichthyo 30m,-27.3889,153.5802,2017-08-29 11:50:00,,F
NRS Ichthyoplankton,NRSNSF20180123,1157,North Stradbroke Ichthyo 30m,-27.3889,153.5802,2018-01-23 10:20:00,,F
NRS Ichthyoplankton,NRSNSF20180530,1176,North Stradbroke Ichthyo 30m,-27.3889,153.5802,2018-05-30 10:20:00,,F
NRS Ichthyoplankton,NRSNSF20180718,1173,North Stradbroke Ichthyo 30m,-27.3889,153.5802,2018-07-18 10:20:00,,F
NRS Ichthyoplankton,NRSNSF20180913,1177,North Stradbroke Ichthyo 30m,-27.3889,153.5802,2018-09-13 10:20:00,,F
NRS Ichthyoplankton,NRSNSF20190118,1194,North Stradbroke Ichthyo 30m,-27.3889,153.5802,2019-01-18 10:40:00,,F
NRS Ichthyoplankton,NRSNSF20190527,1165,North Stradbroke Ichthyo 30m,-27.3889,153.5802,2019-05-27 10:15:00,,F
NRS Ichthyoplankton,NRSNSF20191024,1191,North Stradbroke Ichthyo 30m,-27.3889,153.5802,2019-10-24 10:20:00,,F
NRS Ichthyoplankton,NRSNSF20200228,1193,North Stradbroke Ichthyo 30m,-27.3889,153.5802,2020-02-28 10:30:00,,F
NRS Ichthyoplankton,NRSNSF20200528,1181,North Stradbroke Ichthyo 30m,-27.3889,153.5802,2020-05-28 11:00:00,,F
NRS Ichthyoplankton,NRSPHA20141021,1094,Port Hacking A,-34.08333,151.21667,2014-10-22 09:30:00,,F
NRS Ichthyoplankton,NRSPHA20151013,1098,Port Hacking A,-34.08333,151.21667,2015-10-14 09:42:00,,F
NRS Ichthyoplankton,NRSPHA20170716,1113,Port Hacking A,-34.08333,151.21667,2017-07-17 09:42:00,,F
NRS Ichthyoplankton,NRSPHA20190227,1128,Port Hacking A,-34.08333,151.21667,2019-02-28 10:35:00,,F
NRS Ichthyoplankton,NRSPHA20190827,1133,Port Hacking A,-34.08333,151.21667,2019-08-28 09:59:00,,F
NRS Ichthyoplankton,NRSPHA20191028,1135,Port Hacking A,-34.08333,151.21667,2019-10-29 09:30:00,,F
NRS Ichthyoplankton,NRSROF20190621,1200,Rottnest Island Ichthyo 34m,-31.96666,115.48333,2019-06-21 09:15:00,,F
NRS Ichthyoplankton,NRSROF20191104,1204,Rottnest Island Ichthyo 34m,-31.96666,115.48333,2019-11-04 09:25:00,,F
NRS,NRSDAR20130405,394,Darwin,-12.4,130.76805,2013-04-05 09:40:00,3.21636,PZ
NRS,NRSDAR20140702,495,Darwin,-12.4,130.76805,2014-07-03 09:08:00,31.04592,Z
NRS,NRSDAR20181030,866,Darwin,-12.4,130.76805,2018-10-31 08:26:00,,P
NRS,NRSESP20090512,33,Esperance,-33.93333,121.85,2009-05-12 12:10:00,23.95266,PZ
NRS,NRSESP20120309,384,Esperance,-33.93333,121.85,2012-03-09 09:34:00,23.78763,Z
NRS,NRSKAI20090114,176,Kangaroo Island,-35.83217,136.44733,2009-01-15 08:00:00,,P
NRS,NRSKAI20100419,52,Kangaroo Island,-35.83217,136.44733,2010-04-20 07:00:00,0.96541,PZ
NRS,NRSKAI20170908,792,Kangaroo Island,-35.83217,136.44733,2017-09-08 15:00:00,8.16535,FPZ
NRS,NRSKAI20180820,861,Kangaroo Island,-35.83217,136.44733,2018-08-21 08:00:00,21.02694,FPZ
NRS,NRSKAI20190514,911,Kangaroo Island,-35.83217,136.44733,2019-05-14 15:35:00,6.5245,FPZ
NRS,NRSKAI20190909,980,Kangaroo Island,-35.83217,136.44733,2019-09-10 07:50:00,1.20234,FPZ
NRS,NRSKAI20200204,1011,Kangaroo Island,-35.83217,136.44733,2020-02-04 14:25:00,12.02701,PZ
NRS,NRSKAI20210202,1206,Kangaroo Island,-35.83217,136.44733,2021-02-03 06:55:00,,PZ
NRS,NRSMAI20090907,35,Maria Island,-42.59667,148.23333,2009-09-07 11:25:00,0.50834,PZ
NRS,NRSMAI20100505,153,Maria Island,-42.59667,148.23333,2010-05-05 11:30:00,8.77006,PZ
NRS,NRSMAI20101027,188,Maria Island,-42.59667,148.23333,2010-10-27 12:50:00,13.44684,PZ
NRS,NRSMAI20121112,391,Maria Island,-42.59667,148.23333,2012-11-13 10:45:00,17.11135,PZ
NRS,NRSMAI20130313,397,Maria Island,-42.59667,148.23333,2013-03-14 10:00:00,4.51764,PZ
NRS,NRSMAI20140205,479,Maria Island,-42.59667,148.23333,2014-02-05 11:05:00,21.86546,PZ
NRS,NRSMAI20140915,531,Maria Island,-42.59667,148.23333,2014-09-16 09:20:00,21.9346,PZ
NRS,NRSMAI20171123,803,Maria Island,-42.59667,148.23333,2017-11-24 09:50:00,14.23957,FPZ
NRS,NRSMAI20180301,817,Maria Island,-42.59667,148.23333,2018-03-02 09:30:00,28.73376,FPZ
NRS,NRSMAI20180605,838,Maria Island,-42.59667,148.23333,2018-06-06 09:30:00,17.10634,PZ
NRS,NRSMAI20180711,839,Maria Island,-42.59667,148.23333,2018-07-12 08:40:00,6.27107,PZ
NRS,NRSMAI20181204,867,Maria Island,-42.59667,148.23333,2018-12-05 09:10:00,18.11426,FPZ
NRS,NRSMAI20191015,999,Maria Island,-42.59667,148.23333,2019-10-16 09:40:00,32.86418,PZ
NRS,NRSMAI20201118,1139,Maria Island,-42.59667,148.23333,2020-11-19 09:45:00,35.151,PZ
NRS,NRSMAI20210106,1205,Maria Island,-42.59667,148.23333,2021-01-07 09:54:00,9.68008,PZ
NRS,NRSNIN20111107,92,Ningaloo,-21.99,113.779,2011-11-07 10:00:00,18.36056,PZ
NRS,NRSNSI20090218,289,North Stradbroke,-27.345,153.562,2009-02-18 10:30:00,16.26063,Z
NRS,NRSNSI20090527,292,North Stradbroke,-27.345,153.562,2009-05-27 12:03:00,11.05903,Z
NRS,NRSNSI20100916,184,North Stradbroke,-27.345,153.562,2010-09-16 12:45:00,13.5023,PZ
NRS,NRSNSI20110727,101,North Stradbroke,-27.345,153.562,2011-07-28 09:30:00,6.35251,PZ
NRS,NRSNSI20111013,78,North Stradbroke,-27.345,153.562,2011-10-13 10:30:00,10.08815,PZ
NRS,NRSNSI20130806,415,North Stradbroke,-27.345,153.562,2013-08-06 10:15:00,13.50873,PZ
NRS,NRSNSI20130913,417,North Stradbroke,-27.345,153.562,2013-09-13 10:25:00,10.28201,PZ
NRS,NRSNSI20140306,461,North Stradbroke,-27.345,153.562,2014-03-06 10:15:00,23.1468,PZ
NRS,NRSNSI20140507,484,North Stradbroke,-27.345,153.562,2014-05-07 10:25:00,9.94026,PZ
NRS,NRSNSI20150119,540,North Stradbroke,-27.345,153.562,2015-01-19 10:35:00,12.58286,FPZ
NRS,NRSNSI20161215,733,North Stradbroke,-27.345,153.562,2016-12-15 10:15:00,42.08861,FPZ
NRS,NRSNSI20170117,734,North Stradbroke,-27.345,153.562,2017-01-17 10:30:00,12.67287,FPZ
NRS,NRSNSI20170927,787,North Stradbroke,-27.345,153.562,2017-09-27 10:40:00,16.08703,FPZ
NRS,NRSNSI20190416,900,North Stradbroke,-27.345,153.562,2019-04-16 10:10:00,11.59912,FPZ
NRS,NRSNSI20191220,1002,North Stradbroke,-27.345,153.562,2019-12-20 10:20:00,9.78595,FPZ
NRS,NRSNSI20200817,1074,North Stradbroke,-27.345,153.562,2020-08-18 09:50:00,12.16493,PZ
NRS,NRSNSI20201116,1150,North Stradbroke,-27.345,153.562,2020-11-16 10:10:00,25.98229,PZ
NRS,NRSPH420031027,228,Port Hacking 4,-34.11758,151.21815,2003-10-27 00:00:00,,Z
NRS,NRSPH420031114,229,Port Hacking 4,-34.11758,151.21815,2003-11-14 00:00:00,,Z
NRS,NRSPH420040524,235,Port Hacking 4,-34.11758,151.21815,2004-05-24 00:00:00,,Z
NRS,NRSPH420041222,242,Port Hacking 4,-34.11758,151.21815,2004-12-22 00:00:00,,Z
NRS,NRSPH420050909,249,Port Hacking 4,-34.11758,151.21815,2005-09-09 00:00:00,,Z
NRS,NRSPH420061213,256,Port Hacking 4,-34.11758,151.21815,2006-12-13 00:00:00,,Z
NRS,NRSPH420080620,273,Port Hacking 4,-34.11758,151.21815,2008-06-20 00:00:00,,Z
NRS,NRSPHB20090223,169,Port Hacking,-34.11923,151.22667,2009-02-24 09:27:00,140.08416,PZ
NRS,NRSPHB20100218,61,Port Hacking,-34.11923,151.22667,2010-02-19 09:05:00,26.51177,Z
NRS,NRSPHB20100510,179,Port Hacking,-34.11923,151.22667,2010-05-11 09:13:00,17.7806,PZ
NRS,NRSPHB20100908,126,Port Hacking,-34.11923,151.22667,2010-09-09 09:30:00,67.34917,PZ
NRS,NRSPHB20110420,4,Port Hacking,-34.11923,151.22667,2011-04-21 09:36:00,0.60824,PZ
NRS,NRSPHB20111117,19,Port Hacking,-34.11923,151.22667,2011-11-18 09:36:00,4.8589,PZ
NRS,NRSPHB20120212,43,Port Hacking,-34.11923,151.22667,2012-02-13 10:00:00,12.56453,PZ
NRS,NRSPHB20120917,382,Port Hacking,-34.11923,151.22667,2012-09-18 09:38:00,54.31784,PZ
NRS,NRSPHB20121218,410,Port Hacking,-34.11923,151.22667,2012-12-19 09:31:00,2.48249,PZ
NRS,NRSPHB20130125,411,Port Hacking,-34.11923,151.22667,2013-01-25 10:54:00,13.60421,Z
NRS,NRSPHB20130319,431,Port Hacking,-34.11923,151.22667,2013-03-20 09:27:00,2.04045,PZ
NRS,NRSPHB20131020,475,Port Hacking,-34.11923,151.22667,2013-10-21 09:36:00,4.60782,PZ
NRS,NRSPHB20140120,478,Port Hacking,-34.11923,151.22667,2014-01-21 09:43:00,4.40034,PZ
NRS,NRSPHB20140211,481,Port Hacking,-34.11923,151.22667,2014-02-12 09:57:00,4.54063,PZ
NRS,NRSPHB20141112,549,Port Hacking,-34.11923,151.22667,2014-11-13 09:36:00,5.67246,PZ
NRS,NRSPHB20151013,666,Port Hacking,-34.11923,151.22667,2015-10-14 09:42:00,3.85458,FPZ
NRS,NRSPHB20170821,807,Port Hacking,-34.11923,151.22667,2017-08-22 09:50:00,13.63604,FPZ
NRS,NRSPHB20180626,845,Port Hacking,-34.11923,151.22667,2018-06-27 09:41:00,,FP
NRS,NRSPHB20190121,885,Port Hacking,-34.11923,151.22667,2019-01-22 09:43:00,9.94412,FPZ
NRS,NRSPHB20190729,983,Port Hacking,-34.11923,151.22667,2019-07-29 10:03:00,16.90505,FPZ
NRS,NRSPHB20200812,1070,Port Hacking,-34.11923,151.22667,2020-08-13 09:55:00,3.38369,PZ
NRS,NRSPHB20200831,1071,Port Hacking,-34.11923,151.22667,2020-09-01 09:44:00,7.61015,PZ
NRS,NRSROT20100315,84,Rottnest Island,-32,115.41667,2010-03-15 10:00:00,74.29411,PZ
NRS,NRSROT20100617,17,Rottnest Island,-32,115.41667,2010-06-17 10:05:00,15.62266,PZ
NRS,NRSROT20100924,42,Rottnest Island,-32,115.41667,2010-09-24 12:22:00,6.64041,PZ
NRS,NRSROT20130712,443,Rottnest Island,-32,115.41667,2013-07-12 12:35:00,12.44783,PZ
NRS,NRSROT20140122,482,Rottnest Island,-32,115.41667,2014-01-22 10:10:00,15.87413,PZ
NRS,NRSROT20140519,520,Rottnest Island,-32,115.41667,2014-05-19 12:22:00,6.82902,PZ
NRS,NRSROT20160223,684,Rottnest Island,-32,115.41667,2016-02-23 08:57:00,8.02351,FPZ
NRS,NRSROT20160502,701,Rottnest Island,-32,115.41667,2016-05-02 09:44:00,12.73074,FPZ
NRS,NRSROT20160621,705,Rottnest Island,-32,115.41667,2016-06-21 09:26:00,26.46737,FPZ
NRS,NRSROT20171103,799,Rottnest Island,-32,115.41667,2017-11-03 09:25:00,14.20813,FPZ
NRS,NRSROT20171214,825,Rottnest Island,-32,115.41667,2017-12-14 09:37:00,20.10986,FPZ
NRS,NRSROT20180221,821,Rottnest Island,-32,115.41667,2018-02-21 10:05:00,19.60691,FPZ
NRS,NRSROT20180328,818,Rottnest Island,-32,115.41667,2018-03-28 09:23:00,11.54684,FPZ
NRS,NRSROT20181130,876,Rottnest Island,-32,115.41667,2018-11-30 09:33:00,11.40266,FPZ
NRS,NRSROT20190711,984,Rottnest Island,-32,115.41667,2019-07-11 09:26:00,13.73013,FPZ
NRS,NRSROT20200520,1076,Rottnest Island,-32,115.41667,2020-05-20 09:22:00,18.64523,PZ
NRS,NRSROT20200825,1081,Rottnest Island,-32,115.41667,2020-08-25 10:40:00,20.68746,PZ
NRS,NRSYON20100521,53,Yongala,-19.30847,147.61842,2010-05-21 12:56:00,31.58203,PZ
NRS,NRSYON20101101,70,Yongala,-19.30847,147.61842,2010-11-01 11:45:00,8.55516,PZ
NRS,NRSYON20110414,28,Yongala,-19.30847,147.61842,2011-04-14 11:27:00,25.74711,PZ
NRS,NRSYON20110527,45,Yongala,-19.30847,147.61842,2011-05-27 10:50:00,14.4581,PZ
NRS,NRSYON20110811,99,Yongala,-19.30847,147.61842,2011-08-11 11:00:00,4.44346,PZ
NRS,NRSYON20131114,470,Yongala,-19.30847,147.61842,2013-11-14 10:32:00,14.66211,PZ
NRS,NRSYON20140820,526,Yongala,-19.30847,147.61842,2014-08-20 11:15:00,7.43986,PZ
NRS,NRSYON20141209,621,Yongala,-19.30847,147.61842,2014-12-09 10:04:00,6.92302,PZ
NRS,NRSYON20161207,744,Yongala,-19.30847,147.61842,2016-12-07 10:15:00,18.51126,PZ
NRS,NRSYON20190703,986,Yongala,-19.30847,147.61842,2019-07-03 10:50:00,50.39253,PZ
NRS,NRSYON20190826,990,Yongala,-19.30847,147.61842,2019-08-26 10:40:00,9.68951,PZ
NRS,NRSYON20200116,1020,Yongala,-19.30847,147.61842,2020-01-16 10:05:00,10.50014,PZ
NRS,NRSYON20200611,1084,Yongala,-19.30847,147.61842,2020-06-12 09:09:00,40.80366,PZ
NRS,NRSYON20201026,1148,Yongala,-19.30847,147.61842,2020-10-26 10:40:00,13.29655,PZ
NRS,NRSDAR20120115_0335,93,Darwin,-12.4,130.76805,2012-01-15 13:05:00,48.41338,PZ
NRS,NRSDAR20120729_1630,204,Darwin,-12.4,130.76805,2012-07-30 02:00:00,57.75986,PZ
NRS,NRSDAR20121208_2330,370,Darwin,-12.4,130.76805,2012-12-09 09:00:00,58.09384,PZ
NRS,NRSDAR20121209_0300,371,Darwin,-12.4,130.76805,2012-12-09 12:30:00,12.86546,PZ
NRS,NRSDAR20130617_0800,418,Darwin,-12.4,130.76805,2013-06-17 17:30:00,11.8236,PZ
NRS,NRSDAR20130617_1130,419,Darwin,-12.4,130.76805,2013-06-17 21:00:00,23.55495,PZ
NRS,NRSDAR20150203_0030,554,Darwin,-12.4,130.76805,2015-02-03 10:00:00,48.44755,Z
NRS,NRSDAR20150803_1932,658,Darwin,-12.4,130.76805,2015-08-04 05:02:00,60.0732,Z
NRS,NRSDAR20160202_0330,693,Darwin,-12.4,130.76805,2016-02-02 13:00:00,60.30352,PZ
NRS,NRSDAR20160724_0130,723,Darwin,-12.4,130.76805,2016-07-24 11:01:00,22.83716,PZ
NRS,NRSDAR20170203_0030,759,Darwin,-12.4,130.76805,2017-02-03 10:00:00,64.59674,PZ
NRS,NRSDAR20190723_0030,977,Darwin,-12.4,130.76805,2019-07-23 10:00:00,74.98762,PZ
NWS,NRSNWS_2.3,614,North West Shelf,-18.1717,120.6191,2015-01-19 23:55:02,,P
NWS,NRSNWS_6.2,582,North West Shelf,-18.1717,120.6191,2015-01-22 03:31:00,,P
NWS,NRSNWS_7.1,584,North West Shelf,-18.1717,120.6191,2015-01-22 07:03:00,,P
NWS,NRSNWS_15.1,602,North West Shelf,-18.1717,120.6191,2015-01-24 01:34:00,,P
NWS,NRSNWS_16.3,607,North West Shelf,-18.1717,120.6191,2015-01-24 07:08:00,,P
IIOE,NRSIIOE20190523,954,International Indian Ocean Expedition,,,2019-05-23 15:40:00,,PZ
IIOE,NRSIIOE20190605,967,International Indian Ocean Expedition,,,2019-06-05 16:26:00,,PZ
NRS Ichthyoplankton,NRSNSF20160517,1166,North Stradbroke Ichthyo 30m,-27.3889,153.5802,2016-05-17 10:30:00,,F
NRS Ichthyoplankton,NRSNSF20170717,1184,North Stradbroke Ichthyo 30m,-27.3889,153.5802,2017-07-17 11:05:00,,F
NRS Ichthyoplankton,NRSNSF20170927,1164,North Stradbroke Ichthyo 30m,-27.3889,153.5802,2017-09-27 10:40:00,,F
NRS Ichthyoplankton,NRSPHA20160502,1103,Port Hacking A,-34.08333,151.21667,2016-05-03 09:14:00,,F
NRS Ichthyoplankton,NRSPHA20160615,1104,Port Hacking A,-34.08333,151.21667,2016-06-15 11:06:00,,F
NRS Ichthyoplankton,NRSPHA20170205,1110,Port Hacking A,-34.08333,151.21667,2017-02-06 10:49:00,,F
NRS Ichthyoplankton,NRSPHA20180326,1120,Port Hacking A,-34.08333,151.21667,2018-03-27 09:40:00,,F
NRS Ichthyoplankton,NRSPHA20190923,1134,Port Hacking A,-34.08333,151.21667,2019-09-24 09:36:00,,F
NRS Ichthyoplankton,NRSROF20190527,1199,Rottnest Island Ichthyo 34m,-31.96666,115.48333,2019-05-27 09:28:00,,F
NRS,NRSDAR20121029,380,Darwin,-12.4,130.76805,2012-10-30 07:51:00,47.87781,PZ
NRS,NRSDAR20140403,490,Darwin,-12.4,130.76805,2014-04-04 08:03:00,69.4428,Z
NRS,NRSESP20110818,71,Esperance,-33.93333,121.85,2011-08-18 10:20:00,6.29464,PZ
NRS,NRSESP20111130,129,Esperance,-33.93333,121.85,2011-11-30 14:38:00,11.21405,PZ
NRS,NRSESP20130314,434,Esperance,-33.93333,121.85,2013-03-14 09:24:00,14.29458,PZ
NRS,NRSESP20130725,435,Esperance,-33.93333,121.85,2013-07-25 09:57:00,5.85457,PZ
NRS,NRSKAI20100112,123,Kangaroo Island,-35.83217,136.44733,2010-01-13 07:00:00,12.34528,PZ
NRS,NRSKAI20120215,97,Kangaroo Island,-35.83217,136.44733,2012-02-15 11:50:00,1.61256,PZ
NRS,NRSKAI20170518,769,Kangaroo Island,-35.83217,136.44733,2017-05-18 11:15:00,5.59445,FPZ
NRS,NRSKAI20200527,1063,Kangaroo Island,-35.83217,136.44733,2020-05-28 08:30:00,3.97482,PZ
NRS,NRSMAI20090601,177,Maria Island,-42.59667,148.23333,2009-06-01 11:20:00,36.12348,PZ
NRS,NRSMAI20100330,107,Maria Island,-42.59667,148.23333,2010-03-30 11:40:00,7.06379,PZ
NRS,NRSMAI20110725,197,Maria Island,-42.59667,148.23333,2011-07-25 12:15:00,0.25638,PZ
NRS,NRSMAI20110812,29,Maria Island,-42.59667,148.23333,2011-08-12 10:55:00,0.65421,PZ
NRS,NRSMAI20120119,156,Maria Island,-42.59667,148.23333,2012-01-19 12:00:00,12.92524,PZ
NRS,NRSMAI20120326,117,Maria Island,-42.59667,148.23333,2012-03-27 10:40:00,3.88994,PZ
NRS,NRSMAI20120412,7,Maria Island,-42.59667,148.23333,2012-04-12 10:45:00,2.34723,PZ
NRS,NRSMAI20130214,399,Maria Island,-42.59667,148.23333,2013-02-14 11:00:00,9.89238,PZ
NRS,NRSMAI20130611,445,Maria Island,-42.59667,148.23333,2013-06-11 11:55:00,2.9926,PZ
NRS,NRSMAI20140703,494,Maria Island,-42.59667,148.23333,2014-07-03 11:30:00,0.70254,PZ
NRS,NRSMAI20141208,543,Maria Island,-42.59667,148.23333,2014-12-09 10:05:00,4.19053,FPZ
NRS,NRSMAI20150312,561,Maria Island,-42.59667,148.23333,2015-03-13 09:33:00,1.3768,PZ
NRS,NRSMAI20150421,626,Maria Island,-42.59667,148.23333,2015-04-21 10:50:00,11.95275,FPZ
NRS,NRSMAI20150723,643,Maria Island,-42.59667,148.23333,2015-07-23 10:45:00,2.01334,FPZ
NRS,NRSMAI20160630,697,Maria Island,-42.59667,148.23333,2016-07-01 09:30:00,0.40078,FPZ
NRS,NRSMAI20170601,764,Maria Island,-42.59667,148.23333,2017-06-02 09:00:00,11.73114,FPZ
NRS,NRSMAI20200223,1024,Maria Island,-42.59667,148.23333,2020-02-24 10:30:00,8.65219,PZ
NRS,NRSNIN20120827,357,Ningaloo,-21.99,113.779,2012-08-27 08:05:00,20.43991,PZ
NRS,NRSNSI20091015,82,North Stradbroke,-27.345,153.562,2009-10-15 10:10:00,29.14568,PZ
NRS,NRSNSI20110915,200,North Stradbroke,-27.345,153.562,2011-09-15 11:10:00,9.29087,PZ
NRS,NRSNSI20111220,94,North Stradbroke,-27.345,153.562,2011-12-21 09:15:00,6.10818,PZ
NRS,NRSNSI20130418,396,North Stradbroke,-27.345,153.562,2013-04-18 10:05:00,8.72506,PZ
NRS,NRSNSI20131121,450,North Stradbroke,-27.345,153.562,2013-11-22 09:55:00,14.64035,PZ
NRS,NRSNSI20141107,537,North Stradbroke,-27.345,153.562,2014-11-07 10:35:00,11.34836,FPZ
NRS,NRSNSI20150512,617,North Stradbroke,-27.345,153.562,2015-05-12 10:15:00,9.68951,FPZ
NRS,NRSNSI20160120,674,North Stradbroke,-27.345,153.562,2016-01-20 10:30:00,10.80827,FPZ
NRS,NRSNSI20161019,727,North Stradbroke,-27.345,153.562,2016-10-20 09:40:00,13.02007,FPZ
NRS,NRSNSI20180530,843,North Stradbroke,-27.345,153.562,2018-05-30 10:20:00,9.65736,FPZ
NRS,NRSNSI20191024,987,North Stradbroke,-27.345,153.562,2019-10-24 10:20:00,11.15547,FPZ
NRS,NRSNSI20200917,1075,North Stradbroke,-27.345,153.562,2020-09-17 10:20:00,15.78483,PZ
NRS,NRSNSI20210328,1218,North Stradbroke,-27.345,153.562,2021-03-29 09:00:00,,PZ
NRS,NRSPH420020820,214,Port Hacking 4,-34.11758,151.21815,2002-08-20 00:00:00,,Z
NRS,NRSPH420030818,226,Port Hacking 4,-34.11758,151.21815,2003-08-18 00:00:00,,Z
NRS,NRSPH420031210,230,Port Hacking 4,-34.11758,151.21815,2003-12-10 00:00:00,,Z
NRS,NRSPH420040211,232,Port Hacking 4,-34.11758,151.21815,2004-02-11 00:00:00,,Z
NRS,NRSPH420040914,239,Port Hacking 4,-34.11758,151.21815,2004-09-14 00:00:00,,Z
NRS,NRSPH420050414,245,Port Hacking 4,-34.11758,151.21815,2005-04-14 00:00:00,,Z
NRS,NRSPH420070115,257,Port Hacking 4,-34.11758,151.21815,2007-01-15 00:00:00,,Z
NRS,NRSPH420070319,259,Port Hacking 4,-34.11758,151.21815,2007-03-19 00:00:00,,Z
NRS,NRSPHB20091018,121,Port Hacking,-34.11923,151.22667,2009-10-19 09:55:00,19.84935,PZZ
NRS,NRSPHB20110619,15,Port Hacking,-34.11923,151.22667,2011-06-20 09:34:00,1.35087,PZ
NRS,NRSPHB20110717,196,Port Hacking,-34.11923,151.22667,2011-07-18 09:38:00,0.41374,PZ
NRS,NRSPHB20111206,8,Port Hacking,-34.11923,151.22667,2011-12-07 09:30:00,32.37033,PZ
NRS,NRSPHB20121120,400,Port Hacking,-34.11923,151.22667,2012-11-21 09:30:00,31.17617,PZ
NRS,NRSPHB20130725,422,Port Hacking,-34.11923,151.22667,2013-07-26 09:24:00,3.90055,PZ
NRS,NRSPHB20140427,513,Port Hacking,-34.11923,151.22667,2014-04-28 09:38:00,5.86675,PZ
NRS,NRSPHB20141208,545,Port Hacking,-34.11923,151.22667,2014-12-09 09:51:00,2.95599,PZ
NRS,NRSPHB20150330,639,Port Hacking,-34.11923,151.22667,2015-03-31 09:32:00,4.85341,PZ
NRS,NRSPHB20150819,650,Port Hacking,-34.11923,151.22667,2015-08-19 10:03:00,4.91194,FPZ
NRS,NRSPHB20170321,762,Port Hacking,-34.11923,151.22667,2017-03-22 09:21:00,6.40427,FPZ
NRS,NRSPHB20180221,827,Port Hacking,-34.11923,151.22667,2018-02-22 09:18:00,17.35978,FPZ
NRS,NRSPHB20191028,998,Port Hacking,-34.11923,151.22667,2019-10-29 09:30:00,6.02588,FPZ
NRS,NRSPHB20191216,1013,Port Hacking,-34.11923,151.22667,2019-12-17 09:02:00,4.95791,PZ
NRS,NRSPHB20201110,1142,Port Hacking,-34.11923,151.22667,2020-11-11 08:40:00,,PZ
NRS,NRSROT20111122,163,Rottnest Island,-32,115.41667,2011-11-22 15:08:00,9.37517,PZ
NRS,NRSROT20131001,459,Rottnest Island,-32,115.41667,2013-10-01 11:55:00,96.76937,PZ
NRS,NRSROT20141119,539,Rottnest Island,-32,115.41667,2014-11-19 10:16:00,9.80738,PZ
NRS,NRSROT20150319,559,Rottnest Island,-32,115.41667,2015-03-19 11:47:00,7.34768,PZ
NRS,NRSROT20150701,635,Rottnest Island,-32,115.41667,2015-07-01 09:46:00,16.5421,Z
NRS,NRSROT20151022,670,Rottnest Island,-32,115.41667,2015-10-22 09:36:00,5.96458,PZ
NRS,NRSROT20170407,775,Rottnest Island,-32,115.41667,2017-04-07 09:28:00,46.35719,FPZ
NRS,NRSROT20180727,862,Rottnest Island,-32,115.41667,2018-07-27 09:33:00,18.29455,FPZ
NRS,NRSROT20180831,873,Rottnest Island,-32,115.41667,2018-08-31 10:07:00,38.38869,FPZ
NRS,NRSROT20190125,889,Rottnest Island,-32,115.41667,2019-01-25 09:35:00,9.48519,FPZ
NRS,NRSROT20191011,995,Rottnest Island,-32,115.41667,2019-10-11 10:07:00,53.99073,FPZ
NRS,NRSROT20201106,1144,Rottnest Island,-32,115.41667,2020-11-06 10:06:00,,PZ
NRS,NRSYON20100817,89,Yongala,-19.30847,147.61842,2010-08-17 10:15:00,7.41266,PZ
NRS,NRSYON20100909,9,Yongala,-19.30847,147.61842,2010-09-09 11:00:00,9.42564,PZ
NRS,NRSYON20110323,146,Yongala,-19.30847,147.61842,2011-03-23 10:49:00,19.34093,PZ
NRS,NRSYON20110908,173,Yongala,-19.30847,147.61842,2011-09-08 11:00:00,25.53836,PZ
NRS,NRSYON20111027,143,Yongala,-19.30847,147.61842,2011-10-27 13:44:00,12.66924,PZ
NRS,NRSYON20120615,309,Yongala,-19.30847,147.61842,2012-06-15 10:41:00,25.84232,PZ
NRS,NRSYON20121026,374,Yongala,-19.30847,147.61842,2012-10-26 11:20:00,19.31373,PZ
NRS,NRSYON20130515,406,Yongala,-19.30847,147.61842,2013-05-15 10:30:00,26.54958,PZ
NRS,NRSYON20131205,471,Yongala,-19.30847,147.61842,2013-12-05 11:26:00,191.84525,PZ
NRS,NRSYON20140122,472,Yongala,-19.30847,147.61842,2014-01-22 10:00:00,9.35764,PZ
NRS,NRSYON20140527,523,Yongala,-19.30847,147.61842,2014-05-27 12:12:00,17.02873,PZ
NRS,NRSYON20150804,646,Yongala,-19.30847,147.61842,2015-08-04 11:45:00,3.85851,PZ
NRS,NRSYON20170906,801,Yongala,-19.30847,147.61842,2017-09-06 10:00:00,16.56411,PZ
NRS,NRSYON20180329,837,Yongala,-19.30847,147.61842,2018-03-29 10:27:00,24.19657,PZ
NRS,NRSYON20191009,992,Yongala,-19.30847,147.61842,2019-10-09 10:00:00,10.29068,PZ
NRS,NRSYON20200904,1146,Yongala,-19.30847,147.61842,2020-09-04 11:11:00,12.90756,PZ
NRS,NRSYON20210310,1215,Yongala,-19.30847,147.61842,2021-03-10 10:05:00,,PZ
NRS,NRSDAR20120114_2335,160,Darwin,-12.4,130.76805,2012-01-15 09:05:00,26.32359,PZ
NRS,NRSDAR20120729_1930,205,Darwin,-12.4,130.76805,2012-07-30 05:00:00,49.6622,PZ
NRS,NRSDAR20120730_0130,207,Darwin,-12.4,130.76805,2012-07-30 11:00:00,30.95885,Z
NRS,NRSDAR20130617_1830,430,Darwin,-12.4,130.76805,2013-06-18 04:00:00,19.49395,PZ
NRS,NRSDAR20140117_1950,468,Darwin,-12.4,130.76805,2014-01-18 05:20:00,1.44399,Z
NRS,NRSDAR20140117_2130,465,Darwin,-12.4,130.76805,2014-01-18 07:00:00,36.83664,Z
NRS,NRSDAR20140906_0330,507,Darwin,-12.4,130.76805,2014-09-06 13:00:00,30.50458,Z
NRS,NRSDAR20170203_0330,760,Darwin,-12.4,130.76805,2017-02-03 13:00:00,27.05283,PZ
NRS,NRSDAR20180209_0030,811,Darwin,-12.4,130.76805,2018-02-09 10:00:00,42.65144,PZ
NRS,NRSDAR20180731_0330,853,Darwin,-12.4,130.76805,2018-07-31 13:00:00,207.90013,PZ
NRS,NRSDAR20190722_2130,976,Darwin,-12.4,130.76805,2019-07-23 07:00:00,52.76691,PZ
NRS,NRSDAR20200204_0630,1009,Darwin,-12.4,130.76805,2020-02-04 16:01:00,77.48696,PZ
NRS,NRSDAR20200921_2130,1089,Darwin,-12.4,130.76805,2020-09-22 07:00:00,457.0784,PZ
NWS,NRSNWS_1.1,565,North West Shelf,-18.1717,120.6191,2015-01-18 00:11:00,,P
NWS,NRSNWS_5.2,580,North West Shelf,-18.1717,120.6191,2015-01-22 01:16:01,,P
NWS,NRSNWS_8.2,587,North West Shelf,-18.1717,120.6191,2015-01-22 10:04:01,,P
NWS,NRSNWS_13.1,597,North West Shelf,-18.1717,120.6191,2015-01-23 10:00:00,,P
NWS,NRSNWS_15.3,604,North West Shelf,-18.1717,120.6191,2015-01-24 01:34:02,,P
NWS,NRSNWS_16.2,606,North West Shelf,-18.1717,120.6191,2015-01-24 04:04:01,,P
NWS,NRSNWS_17.1,608,North West Shelf,-18.1717,120.6191,2015-01-24 07:08:01,,P
IIOE,NRSIIOE20190525,956,International Indian Ocean Expedition,,,2019-05-25 16:26:00,,PZ
IIOE,NRSIIOE20190527,958,International Indian Ocean Expedition,,,2019-05-27 17:26:00,,PZ
IIOE,NRSIIOE20190530,961,International Indian Ocean Expedition,,,2019-05-30 16:40:00,,PZ
IIOE,NRSIIOE20190602,964,International Indian Ocean Expedition,,,2019-06-02 16:25:00,,PZ
IIOE,NRSIIOE20190607,969,International Indian Ocean Expedition,,,2019-06-07 18:14:00,,PZ
SOTS,NRSSOTS20120722,505,Southern Ocean Time Series,-46.93473,142.25826,2012-07-23 00:30:00,,Z
NRS Ichthyoplankton,NRSNSF20151216,1189,North Stradbroke Ichthyo 30m,-27.3889,153.5802,2015-12-16 10:30:00,,F
NRS Ichthyoplankton,NRSNSF20180302,1197,North Stradbroke Ichthyo 30m,-27.3889,153.5802,2018-03-02 10:25:00,,F
NRS Ichthyoplankton,NRSNSF20180320,1156,North Stradbroke Ichthyo 30m,-27.3889,153.5802,2018-03-20 10:40:00,,F
NRS Ichthyoplankton,NRSPHA20160407,1102,Port Hacking A,-34.08333,151.21667,2016-04-08 09:13:00,,F
NRS Ichthyoplankton,NRSPHA20170321,1111,Port Hacking A,-34.08333,151.21667,2017-03-22 09:21:00,,F
NRS Ichthyoplankton,NRSPHA20180123,1118,Port Hacking A,-34.08333,151.21667,2018-01-24 09:41:00,,F
NRS Ichthyoplankton,NRSPHA20180927,1124,Port Hacking A,-34.08333,151.21667,2018-09-27 10:43:00,,F
NRS,NRSDAR20110627,46,Darwin,-12.4,130.76805,2011-06-27 13:48:00,5.56585,PZ
NRS,NRSDAR20150505,623,Darwin,-12.4,130.76805,2015-05-06 08:24:00,30.54985,Z
NRS,NRSDAR20160723,722,Darwin,-12.4,130.76805,2016-07-24 08:00:00,25.98153,PZ
NRS,NRSDAR20180509,840,Darwin,-12.4,130.76805,2018-05-10 07:02:00,16.84171,PZ
NRS,NRSESP20090623,64,Esperance,-33.93333,121.85,2009-06-23 09:20:00,10.45178,PZ
NRS,NRSESP20120229,95,Esperance,-33.93333,121.85,2012-02-29 10:00:00,,P
NRS,NRSESP20120910,364,Esperance,-33.93333,121.85,2012-09-10 12:51:00,6.56183,PZ
NRS,NRSKAI20090205,134,Kangaroo Island,-35.83217,136.44733,2009-02-05 14:05:00,,P
NRS,NRSKAI20091115,175,Kangaroo Island,-35.83217,136.44733,2009-11-16 08:30:00,3.18268,PZ
NRS,NRSKAI20101213,85,Kangaroo Island,-35.83217,136.44733,2010-12-14 08:30:00,4.15517,PZ
NRS,NRSKAI20110427,2,Kangaroo Island,-35.83217,136.44733,2011-04-28 07:35:00,0.00176,PZ
NRS,NRSKAI20120415,59,Kangaroo Island,-35.83217,136.44733,2012-04-15 10:42:00,1.77876,PZ
NRS,NRSKAI20130423,401,Kangaroo Island,-35.83217,136.44733,2013-04-23 13:16:00,1.79998,Z
NRS,NRSKAI20160525,695,Kangaroo Island,-35.83217,136.44733,2016-05-26 07:35:00,7.49427,PZ
NRS,NRSMAI20100722,41,Maria Island,-42.59667,148.23333,2010-07-22 11:10:00,0.49066,PZ
NRS,NRSMAI20101214,91,Maria Island,-42.59667,148.23333,2010-12-14 11:05:00,26.42513,PZ
NRS,NRSMAI20110328,44,Maria Island,-42.59667,148.23333,2011-03-29 10:30:00,8.9292,PZ
NRS,NRSMAI20111026,150,Maria Island,-42.59667,148.23333,2011-10-26 11:00:00,14.92326,PZ
NRS,NRSMAI20120222,96,Maria Island,-42.59667,148.23333,2012-02-22 11:00:00,2.52846,PZ
NRS,NRSMAI20120621,280,Maria Island,-42.59667,148.23333,2012-06-21 11:00:00,1.32611,Z
NRS,NRSMAI20120724,281,Maria Island,-42.59667,148.23333,2012-07-24 10:50:00,1.76815,PZ
NRS,NRSMAI20121002,365,Maria Island,-42.59667,148.23333,2012-10-02 10:15:00,11.35158,PZ
NRS,NRSMAI20140318,485,Maria Island,-42.59667,148.23333,2014-03-19 10:55:00,41.08258,PZ
NRS,NRSMAI20140619,493,Maria Island,-42.59667,148.23333,2014-06-19 11:30:00,1.29193,PZ
NRS,NRSMAI20150526,627,Maria Island,-42.59667,148.23333,2015-05-26 10:35:00,0.70726,FPZ
NRS,NRSMAI20170412,755,Maria Island,-42.59667,148.23333,2017-04-12 10:15:00,10.2506,FPZ
NRS,NRSMAI20171217,834,Maria Island,-42.59667,148.23333,2017-12-18 09:40:00,13.98024,FPZ
NRS,NRSMAI20180315,835,Maria Island,-42.59667,148.23333,2018-03-16 08:45:00,23.33969,FPZ
NRS,NRSMAI20190320,891,Maria Island,-42.59667,148.23333,2019-03-21 09:35:00,15.19202,FPZ
NRS,NRSMAI20190624,898,Maria Island,-42.59667,148.23333,2019-06-24 10:10:00,24.32986,FPZ
NRS,NRSMAI20191210,1001,Maria Island,-42.59667,148.23333,2019-12-11 09:30:00,9.58106,FPZ
NRS,NRSMAI20200909,1082,Maria Island,-42.59667,148.23333,2020-09-10 09:00:00,6.37951,PZ
NRS,NRSNSI20090819,295,North Stradbroke,-27.345,153.562,2009-08-20 08:45:00,52.6847,Z
NRS,NRSNSI20100618,87,North Stradbroke,-27.345,153.562,2010-06-18 12:30:00,21.73871,PZ
NRS,NRSNSI20100817,182,North Stradbroke,-27.345,153.562,2010-08-18 08:25:00,17.76517,PZ
NRS,NRSNSI20101018,187,North Stradbroke,-27.345,153.562,2010-10-18 10:00:00,25.14643,PZ
NRS,NRSNSI20110623,131,North Stradbroke,-27.345,153.562,2011-06-23 10:25:00,6.53897,PZ
NRS,NRSNSI20120821,300,North Stradbroke,-27.345,153.562,2012-08-21 10:15:00,14.00381,PZ
NRS,NRSNSI20130111,376,North Stradbroke,-27.345,153.562,2013-01-11 10:40:00,14.47318,PZ
NRS,NRSNSI20130326,395,North Stradbroke,-27.345,153.562,2013-03-26 11:10:00,8.80864,PZ
NRS,NRSNSI20140623,487,North Stradbroke,-27.345,153.562,2014-06-23 10:20:00,10.12672,PZ
NRS,NRSNSI20140725,492,North Stradbroke,-27.345,153.562,2014-07-25 10:35:00,12.31924,PZ
NRS,NRSNSI20140917,498,North Stradbroke,-27.345,153.562,2014-09-17 10:30:00,20.42062,FPZ
NRS,NRSNSI20150323,564,North Stradbroke,-27.345,153.562,2015-03-23 11:40:00,16.22205,FPZ
NRS,NRSNSI20150907,638,North Stradbroke,-27.345,153.562,2015-09-07 10:40:00,13.75306,FPZ
NRS,NRSNSI20151027,644,North Stradbroke,-27.345,153.562,2015-10-27 10:50:00,4.89297,FPZ
NRS,NRSNSI20160623,696,North Stradbroke,-27.345,153.562,2016-06-23 10:30:00,13.65661,FPZ
NRS,NRSNSI20170717,771,North Stradbroke,-27.345,153.562,2017-07-17 11:05:00,9.73451,FPZ
NRS,NRSNSI20180302,815,North Stradbroke,-27.345,153.562,2018-03-02 10:25:00,10.2939,FPZ
NRS,NRSNSI20190118,888,North Stradbroke,-27.345,153.562,2019-01-18 10:40:00,15.28396,FPZ
NRS,NRSNSI20190618,902,North Stradbroke,-27.345,153.562,2019-06-18 10:00:00,5.00871,FPZ
NRS,NRSNSI20201221,1151,North Stradbroke,-27.345,153.562,2020-12-21 10:30:00,16.96146,PZ
NRS,NRSPH420020426,210,Port Hacking 4,-34.11758,151.21815,2002-04-26 00:00:00,,Z
NRS,NRSPH420020926,215,Port Hacking 4,-34.11758,151.21815,2002-09-26 00:00:00,,Z
NRS,NRSPH420030211,220,Port Hacking 4,-34.11758,151.21815,2003-02-11 00:00:00,,Z
NRS,NRSPH420040625,236,Port Hacking 4,-34.11758,151.21815,2004-06-25 00:00:00,,Z
NRS,NRSPH420040823,238,Port Hacking 4,-34.11758,151.21815,2004-08-23 00:00:00,,Z
NRS,NRSPH420050131,243,Port Hacking 4,-34.11758,151.21815,2005-01-31 00:00:00,,Z
NRS,NRSPH420070516,261,Port Hacking 4,-34.11758,151.21815,2007-05-16 00:00:00,,Z
NRS,NRSPH420070723,263,Port Hacking 4,-34.11758,151.21815,2007-07-23 00:00:00,,Z
NRS,NRSPH420071128,267,Port Hacking 4,-34.11758,151.21815,2007-11-28 00:00:00,,Z
NRS,NRSPH420080825,275,Port Hacking 4,-34.11758,151.21815,2008-08-25 00:00:00,,Z
NRS,NRSPH420081017,277,Port Hacking 4,-34.11758,151.21815,2008-10-17 00:00:00,,Z
NRS,NRSPHB20090920,136,Port Hacking,-34.11923,151.22667,2009-09-21 09:17:00,15.9205,PZZ
NRS,NRSPHB20091011,103,Port Hacking,-34.11923,151.22667,2009-10-12 09:28:00,93.34464,PZZ
NRS,NRSPHB20091206,81,Port Hacking,-34.11923,151.22667,2009-12-07 09:14:00,65.55979,PZ
NRS,NRSPHB20101213,109,Port Hacking,-34.11923,151.22667,2010-12-14 09:30:00,23.30079,PZ
NRS,NRSPHB20110329,193,Port Hacking,-34.11923,151.22667,2011-03-30 09:33:00,3.41961,PZ
NRS,NRSPHB20110829,198,Port Hacking,-34.11923,151.22667,2011-08-29 10:03:00,3.56814,PZ
NRS,NRSPHB20110914,199,Port Hacking,-34.11923,151.22667,2011-09-15 09:43:00,1.45696,PZ
NRS,NRSPHB20130422,432,Port Hacking,-34.11923,151.22667,2013-04-23 09:32:00,1.26246,PZ
NRS,NRSPHB20130915,424,Port Hacking,-34.11923,151.22667,2013-09-16 08:15:00,4.36538,PZ
NRS,NRSPHB20131027,476,Port Hacking,-34.11923,151.22667,2013-10-28 10:17:00,8.93981,PZ
NRS,NRSPHB20140716,516,Port Hacking,-34.11923,151.22667,2014-07-16 10:00:00,5.15595,PZ
NRS,NRSPHB20160201,700,Port Hacking,-34.11923,151.22667,2016-02-02 10:52:00,7.62076,FPZ
NRS,NRSPHB20160829,730,Port Hacking,-34.11923,151.22667,2016-08-30 09:20:00,9.39953,FPZ
NRS,NRSPHB20160926,742,Port Hacking,-34.11923,151.22667,2016-09-27 09:54:00,10.68675,FPZ
NRS,NRSPHB20170419,763,Port Hacking,-34.11923,151.22667,2017-04-19 10:00:00,9.12723,Z
NRS,NRSPHB20170614,773,Port Hacking,-34.11923,151.22667,2017-06-15 08:52:00,6.09307,PZ
NRS,NRSPHB20190227,886,Port Hacking,-34.11923,151.22667,2019-02-28 10:35:00,5.66579,FPZ
NRS,NRSPHB20191118,1012,Port Hacking,-34.11923,151.22667,2019-11-19 09:15:00,7.86123,FPZ
NRS,NRSROT20101215,127,Rottnest Island,-32,115.41667,2010-12-15 10:20:00,5.6974,PZ
NRS,NRSROT20110125,128,Rottnest Island,-32,115.41667,2011-01-25 09:10:00,4.51077,PZ
NRS,NRSROT20120727,360,Rottnest Island,-32,115.41667,2012-07-27 09:55:00,13.95666,PZ
NRS,NRSROT20120928,387,Rottnest Island,-32,115.41667,2012-09-28 11:41:00,14.89182,PZ
NRS,NRSROT20130221,439,Rottnest Island,-32,115.41667,2013-02-21 12:55:00,16.02344,PZ
NRS,NRSROT20130423,441,Rottnest Island,-32,115.41667,2013-04-23 10:38:00,6.64827,PZ
NRS,NRSROT20140902,532,Rottnest Island,-32,115.41667,2014-09-02 11:55:00,11.26906,PZ
NRS,NRSROT20150224,558,Rottnest Island,-32,115.41667,2015-02-24 10:17:00,12.77003,PZ
NRS,NRSROT20150724,653,Rottnest Island,-32,115.41667,2015-07-24 09:20:00,5.10801,PZ
NRS,NRSROT20170331,786,Rottnest Island,-32,115.41667,2017-03-31 10:24:00,9.1237,FPZ
NRS,NRSROT20170802,779,Rottnest Island,-32,115.41667,2017-08-02 09:33:00,22.00375,FPZ
NRS,NRSROT20200710,1078,Rottnest Island,-32,115.41667,2020-07-10 10:25:00,25.40844,PZ
NRS,NRSYON20091215,20,Yongala,-19.30847,147.61842,2009-12-15 11:25:00,20.24188,PZ
NRS,NRSYON20100119,16,Yongala,-19.30847,147.61842,2010-01-19 10:45:00,43.76873,PZ
NRS,NRSYON20110217,157,Yongala,-19.30847,147.61842,2011-02-17 11:30:00,25.29236,PZ
NRS,NRSYON20110616,148,Yongala,-19.30847,147.61842,2011-06-16 11:25:00,16.96072,PZ
NRS,NRSYON20120424,307,Yongala,-19.30847,147.61842,2012-04-24 10:50:00,24.04696,PZ
NRS,NRSYON20120726,310,Yongala,-19.30847,147.61842,2012-07-26 11:00:00,19.04171,PZ
NRS,NRSYON20130416,405,Yongala,-19.30847,147.61842,2013-04-16 11:35:00,32.22129,PZ
NRS,NRSYON20130611,425,Yongala,-19.30847,147.61842,2013-06-11 13:34:00,37.72979,PZ
NRS,NRSYON20140624,524,Yongala,-19.30847,147.61842,2014-06-24 10:53:00,1.27851,PZ
NRS,NRSYON20140910,527,Yongala,-19.30847,147.61842,2014-09-10 10:35:00,6.51498,PZ
NRS,NRSYON20150618,631,Yongala,-19.30847,147.61842,2015-06-18 10:55:00,17.24635,PZ
NRS,NRSYON20160503,690,Yongala,-19.30847,147.61842,2016-05-03 10:01:00,14.90694,PZ
NRS,NRSYON20161108,743,Yongala,-19.30847,147.61842,2016-11-08 10:50:00,22.71404,PZ
NRS,NRSYON20170705,783,Yongala,-19.30847,147.61842,2017-07-05 10:21:00,22.60414,PZ
NRS,NRSYON20190313,912,Yongala,-19.30847,147.61842,2019-03-13 10:10:00,9.60463,PZ
NRS,NRSYON20200422,1083,Yongala,-19.30847,147.61842,2020-04-22 11:24:00,55.15295,PZ
NRS,NRSDAR20120729_2230,206,Darwin,-12.4,130.76805,2012-07-30 08:00:00,29.32068,PZ
NRS,NRSDAR20121208_1630,368,Darwin,-12.4,130.76805,2012-12-09 02:00:00,60.47103,PZ
NRS,NRSDAR20140906_0630,510,Darwin,-12.4,130.76805,2014-09-06 16:00:00,32.76988,Z
NRS,NRSDAR20160724_0430,724,Darwin,-12.4,130.76805,2016-07-24 14:00:00,27.8485,PZ
NRS,NRSDAR20190213_2130,892,Darwin,-12.4,130.76805,2019-02-14 07:00:00,14.45175,PZ
NRS,NRSDAR20190214_0630,895,Darwin,-12.4,130.76805,2019-02-14 16:00:00,8.17513,PZ
NRS,NRSDAR20200922_0030,1090,Darwin,-12.4,130.76805,2020-09-22 10:00:00,60.57207,PZ
NRS,NRSDAR20200922_0630,1092,Darwin,-12.4,130.76805,2020-09-22 16:00:00,116.2034,PZ
NWS,NRSNWS_1.2,611,North West Shelf,-18.1717,120.6191,2015-01-18 00:11:01,,P
NWS,NRSNWS_10.1,590,North West Shelf,-18.1717,120.6191,2015-01-23 00:00:00,,P
NWS,NRSNWS_12.2,596,North West Shelf,-18.1717,120.6191,2015-01-23 07:01:01,,P
NWS,NRSNWS_18.1,610,North West Shelf,-18.1717,120.6191,2015-01-24 10:02:01,,P
NWS,NRSNWS_18.2,599,North West Shelf,-18.1717,120.6191,2015-01-24 22:04:00,,P
IIOE,NRSIIOE20190608,970,International Indian Ocean Expedition,,,2019-06-08 15:45:00,,PZ
IIOE,NRSIIOE20190610,971,International Indian Ocean Expedition,,,2019-06-10 01:00:00,,Z
SOTS,NRSSOTS20120714,502,Southern Ocean Time Series,-46.93473,142.25826,2012-07-14 16:48:00,,Z
NRS Ichthyoplankton,NRSNSF20160412,1153,North Stradbroke Ichthyo 30m,-27.3889,153.5802,2016-04-12 10:45:00,,F
NRS Ichthyoplankton,NRSNSF20160920,1196,North Stradbroke Ichthyo 30m,-27.3889,153.5802,2016-09-20 10:15:00,,F
NRS Ichthyoplankton,NRSNSF20161019,1195,North Stradbroke Ichthyo 30m,-27.3889,153.5802,2016-10-20 09:40:00,,F
NRS Ichthyoplankton,NRSNSF20161116,1183,North Stradbroke Ichthyo 30m,-27.3889,153.5802,2016-11-16 10:15:00,,F
NRS Ichthyoplankton,NRSNSF20170217,1160,North Stradbroke Ichthyo 30m,-27.3889,153.5802,2017-02-17 10:30:00,,F
NRS Ichthyoplankton,NRSNSF20170424,1172,North Stradbroke Ichthyo 30m,-27.3889,153.5802,2017-04-24 11:00:00,,F
NRS Ichthyoplankton,NRSNSF20190322,1188,North Stradbroke Ichthyo 30m,-27.3889,153.5802,2019-03-22 10:50:00,,F
NRS Ichthyoplankton,NRSNSF20190416,1179,North Stradbroke Ichthyo 30m,-27.3889,153.5802,2019-04-16 10:10:00,,F
NRS Ichthyoplankton,NRSNSF20190723,1170,North Stradbroke Ichthyo 30m,-27.3889,153.5802,2019-07-23 10:20:00,,F
NRS Ichthyoplankton,NRSPHA20150723,1096,Port Hacking A,-34.08333,151.21667,2015-07-23 10:07:00,,F
NRS Ichthyoplankton,NRSPHA20170517,1112,Port Hacking A,-34.08333,151.21667,2017-05-18 09:45:00,,F
NRS Ichthyoplankton,NRSPHA20171024,1116,Port Hacking A,-34.08333,151.21667,2017-10-25 09:01:00,,F
NRS Ichthyoplankton,NRSPHA20180724,1122,Port Hacking A,-34.08333,151.21667,2018-07-25 09:33:00,,F
NRS Ichthyoplankton,NRSPHA20190408,1129,Port Hacking A,-34.08333,151.21667,2019-04-09 08:50:00,,F
NRS,NRSDAR20130916,420,Darwin,-12.4,130.76805,2013-09-16 11:26:00,32.88775,PZ
NRS,NRSDAR20200810,1088,Darwin,-12.4,130.76805,2020-08-11 08:25:00,28.66627,PZ
NRS,NRSESP20110120,90,Esperance,-33.93333,121.85,2011-01-20 08:50:00,3.66205,PZ
NRS,NRSESP20121212,383,Esperance,-33.93333,121.85,2012-12-12 09:10:00,5.80741,PZ
NRS,NRSKAI20090601,120,Kangaroo Island,-35.83217,136.44733,2009-06-02 08:00:00,,P
NRS,NRSKAI20091215,174,Kangaroo Island,-35.83217,136.44733,2009-12-16 07:15:00,0.76738,PZ
NRS,NRSKAI20111026,201,Kangaroo Island,-35.83217,136.44733,2011-10-26 14:40:00,0.5941,PZ
NRS,NRSKAI20140313,500,Kangaroo Island,-35.83217,136.44733,2014-03-13 14:00:00,2.46127,PZ
NRS,NRSKAI20141201,547,Kangaroo Island,-35.83217,136.44733,2014-12-02 06:05:00,45.93323,FPZ
NRS,NRSKAI20170315,753,Kangaroo Island,-35.83217,136.44733,2017-03-15 12:27:00,33.89914,FPZ
NRS,NRSKAI20191127,1010,Kangaroo Island,-35.83217,136.44733,2019-11-27 14:25:00,9.37477,FPZ
NRS,NRSMAI20090421,31,Maria Island,-42.59667,148.23333,2009-04-21 11:45:00,3.13848,PZ
NRS,NRSMAI20090820,67,Maria Island,-42.59667,148.23333,2009-08-20 11:30:00,1.94055,PZ
NRS,NRSMAI20091207,152,Maria Island,-42.59667,148.23333,2009-12-07 11:10:00,57.09827,PZ
NRS,NRSMAI20101001,185,Maria Island,-42.59667,148.23333,2010-10-01 12:40:00,2.71854,PZ
NRS,NRSMAI20111214,133,Maria Island,-42.59667,148.23333,2011-12-15 10:35:00,6.97538,PZ
NRS,NRSMAI20120820,283,Maria Island,-42.59667,148.23333,2012-08-20 11:15:00,1.94939,PZ
NRS,NRSMAI20121017,379,Maria Island,-42.59667,148.23333,2012-10-18 10:52:00,22.72084,PZ
NRS,NRSMAI20130807,446,Maria Island,-42.59667,148.23333,2013-08-07 11:30:00,2.81431,PZ
NRS,NRSMAI20141029,535,Maria Island,-42.59667,148.23333,2014-10-30 09:27:00,11.66984,PZ
NRS,NRSMAI20150811,651,Maria Island,-42.59667,148.23333,2015-08-12 09:35:00,1.36737,FPZ
NRS,NRSMAI20170801,770,Maria Island,-42.59667,148.23333,2017-08-01 10:01:00,13.34842,PZ
NRS,NRSMAI20180919,859,Maria Island,-42.59667,148.23333,2018-09-20 09:50:00,12.25923,FPZ
NRS,NRSMAI20190731,915,Maria Island,-42.59667,148.23333,2019-07-31 10:20:00,8.99167,FPZ
NRS,NRSMAI20200928,1149,Maria Island,-42.59667,148.23333,2020-09-29 09:00:00,4.99328,PZ
NRS,NRSMAI20201020,1138,Maria Island,-42.59667,148.23333,2020-10-21 10:10:00,22.48626,PZ
NRS,NRSMAI20210215,1207,Maria Island,-42.59667,148.23333,2021-02-16 09:50:00,,PZ
NRS,NRSNIN20121107,385,Ningaloo,-21.99,113.779,2012-11-07 12:00:00,8.19011,PZ
NRS,NRSNSI20090916,165,North Stradbroke,-27.345,153.562,2009-09-17 08:30:00,15.22545,PZ
NRS,NRSNSI20091006,36,North Stradbroke,-27.345,153.562,2009-10-07 09:07:00,38.4237,PZ
NRS,NRSNSI20100214,3,North Stradbroke,-27.345,153.562,2010-02-15 09:30:00,38.37869,PZ
NRS,NRSNSI20110220,190,North Stradbroke,-27.345,153.562,2011-02-21 09:40:00,7.1305,PZ
NRS,NRSNSI20140213,456,North Stradbroke,-27.345,153.562,2014-02-13 10:20:00,13.02007,PZ
NRS,NRSNSI20160517,681,North Stradbroke,-27.345,153.562,2016-05-17 10:30:00,9.90169,FPZ
NRS,NRSNSI20160822,711,North Stradbroke,-27.345,153.562,2016-08-22 10:50:00,17.55942,FPZ
NRS,NRSNSI20161116,732,North Stradbroke,-27.345,153.562,2016-11-16 10:15:00,13.11009,FPZ
NRS,NRSNSI20170217,741,North Stradbroke,-27.345,153.562,2017-02-17 10:30:00,18.26668,FPZ
NRS,NRSNSI20180913,870,North Stradbroke,-27.345,153.562,2018-09-13 10:20:00,20.56851,FPZ
NRS,NRSNSI20181115,887,North Stradbroke,-27.345,153.562,2018-11-15 10:40:00,15.10007,FPZ
NRS,NRSNSI20190527,901,North Stradbroke,-27.345,153.562,2019-05-27 10:15:00,13.87522,FPZ
NRS,NRSNSI20190723,973,North Stradbroke,-27.345,153.562,2019-07-23 10:20:00,12.10063,FPZ
NRS,NRSNSI20190821,974,North Stradbroke,-27.345,153.562,2019-08-21 10:40:00,10.04314,FPZ
NRS,NRSNSI20200122,1003,North Stradbroke,-27.345,153.562,2020-01-22 10:35:00,22.25308,FPZ
NRS,NRSPH420021120,217,Port Hacking 4,-34.11758,151.21815,2002-11-20 00:00:00,,Z
NRS,NRSPH420030120,219,Port Hacking 4,-34.11758,151.21815,2003-01-20 00:00:00,,Z
NRS,NRSPH420030721,225,Port Hacking 4,-34.11758,151.21815,2003-07-21 00:00:00,,Z
NRS,NRSPH420040120,231,Port Hacking 4,-34.11758,151.21815,2004-01-20 00:00:00,,Z
NRS,NRSPH420060614,254,Port Hacking 4,-34.11758,151.21815,2006-06-14 00:00:00,,Z
NRS,NRSPH420070219,258,Port Hacking 4,-34.11758,151.21815,2007-02-19 00:00:00,,Z
NRS,NRSPH420070924,265,Port Hacking 4,-34.11758,151.21815,2007-09-24 00:00:00,,Z
NRS,NRSPHB20090714,79,Port Hacking,-34.11923,151.22667,2009-07-15 09:15:00,2.75832,PZ
NRS,NRSPHB20100609,145,Port Hacking,-34.11923,151.22667,2010-06-09 10:53:00,9.82035,Z
NRS,NRSPHB20101013,186,Port Hacking,-34.11923,151.22667,2010-10-14 10:18:00,,P
NRS,NRSPHB20110228,113,Port Hacking,-34.11923,151.22667,2011-03-01 09:30:00,1.35087,PZ
NRS,NRSPHB20120517,21,Port Hacking,-34.11923,151.22667,2012-05-18 09:33:00,5.6581,PZ
NRS,NRSPHB20130227,409,Port Hacking,-34.11923,151.22667,2013-02-28 08:03:00,1.79998,PZ
NRS,NRSPHB20131202,477,Port Hacking,-34.11923,151.22667,2013-12-03 09:30:00,3.12964,PZ
NRS,NRSPHB20150225,560,Port Hacking,-34.11923,151.22667,2015-02-26 09:37:00,7.26713,PZ
NRS,NRSPHB20150723,647,Port Hacking,-34.11923,151.22667,2015-07-23 10:07:00,3.64096,FPZ
NRS,NRSPHB20170205,749,Port Hacking,-34.11923,151.22667,2017-02-06 10:49:00,8.86908,FPZ
NRS,NRSPHB20170921,796,Port Hacking,-34.11923,151.22667,2017-09-22 08:48:00,16.79751,FPZ
NRS,NRSPHB20180326,829,Port Hacking,-34.11923,151.22667,2018-03-27 09:40:00,9.32173,FPZ
NRS,NRSPHB20181120,872,Port Hacking,-34.11923,151.22667,2018-11-21 09:24:00,4.81292,FPZ
NRS,NRSPHB20200224,1014,Port Hacking,-34.11923,151.22667,2020-02-25 08:52:00,2.93868,PZ
NRS,NRSROT20101124,51,Rottnest Island,-32,115.41667,2010-11-24 11:07:00,10.92329,PZ
NRS,NRSROT20131122,463,Rottnest Island,-32,115.41667,2013-11-22 10:26:00,9.98813,PZ
NRS,NRSROT20150924,669,Rottnest Island,-32,115.41667,2015-09-24 10:08:00,5.2416,PZ
NRS,NRSROT20151215,671,Rottnest Island,-32,115.41667,2015-12-15 08:22:00,7.35554,PZ
NRS,NRSROT20160413,699,Rottnest Island,-32,115.41667,2016-04-13 09:30:00,28.77776,FPZ
NRS,NRSROT20160527,702,Rottnest Island,-32,115.41667,2016-05-27 09:30:00,25.02927,FPZ
NRS,NRSROT20160722,719,Rottnest Island,-32,115.41667,2016-07-22 13:20:00,20.89571,FZ
NRS,NRSROT20161004,720,Rottnest Island,-32,115.41667,2016-10-04 10:38:00,19.42617,FPZ
NRS,NRSROT20170120,757,Rottnest Island,-32,115.41667,2017-01-20 10:20:00,10.83527,FPZ
NRS,NRSROT20170303,758,Rottnest Island,-32,115.41667,2017-03-03 10:30:00,14.10283,FPZ
NRS,NRSROT20180719,848,Rottnest Island,-32,115.41667,2018-07-19 09:35:00,12.57357,FPZ
NRS,NRSROT20190621,907,Rottnest Island,-32,115.41667,2019-06-21 09:15:00,3.76421,FPZ
NRS,NRSROT20200730,1079,Rottnest Island,-32,115.41667,2020-07-30 09:27:00,40.45547,PZ
NRS,NRSYON20091123,170,Yongala,-19.30847,147.61842,2009-11-23 11:45:00,24.45499,PZ
NRS,NRSYON20120112,73,Yongala,-19.30847,147.61842,2012-01-12 11:30:00,17.31435,PZ
NRS,NRSYON20120816,311,Yongala,-19.30847,147.61842,2012-08-16 00:00:00,4.13477,PZ
NRS,NRSYON20121219,372,Yongala,-19.30847,147.61842,2012-12-19 10:20:00,43.52391,PZ
NRS,NRSYON20130220,404,Yongala,-19.30847,147.61842,2013-02-20 10:42:00,11.95547,PZ
NRS,NRSYON20141120,620,Yongala,-19.30847,147.61842,2014-11-21 08:48:00,7.00462,PZ
NRS,NRSYON20150224,633,Yongala,-19.30847,147.61842,2015-02-24 10:40:00,32.96936,PZ
NRS,NRSYON20160122,687,Yongala,-19.30847,147.61842,2016-01-22 10:39:00,25.36628,PZ
NRS,NRSYON20160927,731,Yongala,-19.30847,147.61842,2016-09-27 10:33:00,11.69705,PZ
NRS,NRSYON20170120,745,Yongala,-19.30847,147.61842,2017-01-20 10:00:00,21.88436,PZ
NRS,NRSYON20170426,781,Yongala,-19.30847,147.61842,2017-04-26 10:20:00,29.87481,PZ
NRS,NRSYON20171025,812,Yongala,-19.30847,147.61842,2017-10-26 09:56:00,17.73599,PZ
NRS,NRSYON20180130,820,Yongala,-19.30847,147.61842,2018-01-30 10:05:00,18.53846,PZ
NRS,NRSYON20180927,857,Yongala,-19.30847,147.61842,2018-09-27 10:52:00,11.86434,PZ
NRS,NRSYON20181123,880,Yongala,-19.30847,147.61842,2018-11-23 10:05:00,18.65761,PZ
NRS,NRSYON20181213,881,Yongala,-19.30847,147.61842,2018-12-13 10:30:00,12.27809,PZ
NRS,NRSYON20200212,1021,Yongala,-19.30847,147.61842,2020-02-13 09:47:00,33.71743,PZ
NRS,NRSYON20200802,1086,Yongala,-19.30847,147.61842,2020-08-03 09:15:00,2.99226,PZ
NRS,NRSDAR20150804_0130,660,Darwin,-12.4,130.76805,2015-08-04 11:00:00,56.86027,Z
NRS,NRSDAR20150804_0430,661,Darwin,-12.4,130.76805,2015-08-04 14:00:00,20.51064,Z
NRS,NRSDAR20160201_2130,691,Darwin,-12.4,130.76805,2016-02-02 07:00:00,20.39276,PZ
NRS,NRSDAR20180208_2130,810,Darwin,-12.4,130.76805,2018-02-09 07:00:00,56.75541,PZ
NRS,NRSDAR20180730_2130,851,Darwin,-12.4,130.76805,2018-07-31 07:03:00,97.76151,PZ
NRS,NRSDAR20180731_0630,854,Darwin,-12.4,130.76805,2018-07-31 16:00:00,25.93889,PZ
NRS,NRSDAR20190214_0030,893,Darwin,-12.4,130.76805,2019-02-14 10:00:00,10.15131,PZ
NWS,NRSNWS_1.3,612,North West Shelf,-18.1717,120.6191,2015-01-18 00:11:02,,P
NWS,NRSNWS_2.1,568,North West Shelf,-18.1717,120.6191,2015-01-19 23:55:00,,P
NWS,NRSNWS_2.2,613,North West Shelf,-18.1717,120.6191,2015-01-19 23:55:01,,P
NWS,NRSNWS_5.1,579,North West Shelf,-18.1717,120.6191,2015-01-22 01:16:00,,P
NWS,NRSNWS_7.2,585,North West Shelf,-18.1717,120.6191,2015-01-22 07:03:01,,P
NWS,NRSNWS_10.2,591,North West Shelf,-18.1717,120.6191,2015-01-23 00:00:01,,P
NWS,NRSNWS_11.2,593,North West Shelf,-18.1717,120.6191,2015-01-23 04:02:00,,P
IIOE,NRSIIOE20190522,953,International Indian Ocean Expedition,,,2019-05-22 15:55:00,,PZ
IIOE,NRSIIOE20190524,955,International Indian Ocean Expedition,,,2019-05-24 16:28:00,,PZ
IIOE,NRSIIOE20190529,960,International Indian Ocean Expedition,,,2019-05-29 16:30:00,,PZ
IIOE,NRSIIOE20190531,962,International Indian Ocean Expedition,,,2019-05-31 14:50:00,,PZ
IIOE,NRSIIOE20190601,963,International Indian Ocean Expedition,,,2019-06-01 16:26:00,,PZ
NRS Ichthyoplankton,NRSNSF20160623,1152,North Stradbroke Ichthyo 30m,-27.3889,153.5802,2016-06-23 10:30:00,,F
NRS Ichthyoplankton,NRSNSF20170117,1154,North Stradbroke Ichthyo 30m,-27.3889,153.5802,2017-01-17 10:30:00,,F
NRS Ichthyoplankton,NRSNSF20171023,1162,North Stradbroke Ichthyo 30m,-27.3889,153.5802,2017-10-23 10:25:00,,F
NRS Ichthyoplankton,NRSNSF20171219,1185,North Stradbroke Ichthyo 30m,-27.3889,153.5802,2017-12-19 10:45:00,,F
NRS Ichthyoplankton,NRSNSF20180417,1155,North Stradbroke Ichthyo 30m,-27.3889,153.5802,2018-04-17 10:15:00,,F
NRS Ichthyoplankton,NRSNSF20181023,1178,North Stradbroke Ichthyo 30m,-27.3889,153.5802,2018-10-23 10:30:00,,F
NRS Ichthyoplankton,NRSPHA20151115,1099,Port Hacking A,-34.08333,151.21667,2015-11-16 09:33:00,,F
NRS Ichthyoplankton,NRSPHA20160201,1100,Port Hacking A,-34.08333,151.21667,2016-02-02 10:52:00,,F
NRS Ichthyoplankton,NRSPHA20190522,1130,Port Hacking A,-34.08333,151.21667,2019-05-23 08:50:00,,F
NRS Ichthyoplankton,NRSROF20190819,1202,Rottnest Island Ichthyo 34m,-31.96666,115.48333,2019-08-19 08:31:00,,F
NRS,NRSDAR20120417,203,Darwin,-12.4,130.76805,2012-04-17 09:42:00,27.03073,PZ
NRS,NRSDAR20161107,751,Darwin,-12.4,130.76805,2016-11-08 08:11:00,22.03568,PZ
NRS,NRSDAR20170516,768,Darwin,-12.4,130.76805,2017-05-17 08:47:00,58.26603,PZ
NRS,NRSDAR20190529,896,Darwin,-12.4,130.76805,2019-05-30 08:39:00,93.93976,PZ
NRS,NRSDAR20200511,1062,Darwin,-12.4,130.76805,2020-05-12 08:20:00,205.66809,PZ
NRS,NRSESP20091216,50,Esperance,-33.93333,121.85,2009-12-16 09:45:00,7.3241,PZ
NRS,NRSESP20101013,141,Esperance,-33.93333,121.85,2010-10-13 08:15:00,4.1257,PZ
NRS,NRSKAI20101120,108,Kangaroo Island,-35.83217,136.44733,2010-11-21 05:00:00,1.13515,PZ
NRS,NRSKAI20110319,55,Kangaroo Island,-35.83217,136.44733,2011-03-20 09:40:00,0.31826,PZ
NRS,NRSKAI20111219,172,Kangaroo Island,-35.83217,136.44733,2011-12-20 09:30:00,0.3996,PZ
NRS,NRSKAI20130827,454,Kangaroo Island,-35.83217,136.44733,2013-08-28 08:55:00,1.71865,PZ
NRS,NRSKAI20140122,497,Kangaroo Island,-35.83217,136.44733,2014-01-22 15:15:00,40.46962,PZ
NRS,NRSKAI20150224,624,Kangaroo Island,-35.83217,136.44733,2015-02-25 08:55:00,9.69304,FPZ
NRS,NRSKAI20150909,654,Kangaroo Island,-35.83217,136.44733,2015-09-09 12:50:00,15.80734,FPZ
NRS,NRSKAI20160223,683,Kangaroo Island,-35.83217,136.44733,2016-02-24 07:55:00,14.23721,PZ
NRS,NRSKAI20160915,728,Kangaroo Island,-35.83217,136.44733,2016-09-15 11:18:00,17.11931,FPZ
NRS,NRSKAI20181204,879,Kangaroo Island,-35.83217,136.44733,2018-12-04 15:39:00,10.77869,FPZ
NRS,NRSMAI20110407,194,Maria Island,-42.59667,148.23333,2011-04-07 10:30:00,4.26568,PZ
NRS,NRSMAI20111005,77,Maria Island,-42.59667,148.23333,2011-10-05 12:24:00,11.93507,PZ
NRS,NRSMAI20130129,392,Maria Island,-42.59667,148.23333,2013-01-30 10:33:00,18.95908,PZ
NRS,NRSMAI20130528,414,Maria Island,-42.59667,148.23333,2013-05-28 10:56:00,,P
NRS,NRSMAI20130924,447,Maria Island,-42.59667,148.23333,2013-09-24 11:40:00,0.21723,PZ
NRS,NRSMAI20140516,489,Maria Island,-42.59667,148.23333,2014-05-16 10:20:00,7.83501,PZ
NRS,NRSMAI20150224,562,Maria Island,-42.59667,148.23333,2015-02-25 10:20:00,4.54534,FPZ
NRS,NRSMAI20161117,735,Maria Island,-42.59667,148.23333,2016-11-18 09:10:00,5.67696,FPZ
NRS,NRSMAI20170104,736,Maria Island,-42.59667,148.23333,2017-01-05 09:45:00,10.92486,FPZ
NRS,NRSMAI20190430,897,Maria Island,-42.59667,148.23333,2019-05-01 09:47:00,24.60334,FPZ
NRS,NRSMAI20190925,972,Maria Island,-42.59667,148.23333,2019-09-25 10:03:00,9.08597,PZ
NRS,NRSMAI20191121,1000,Maria Island,-42.59667,148.23333,2019-11-22 09:23:00,10.08557,FPZ
NRS,NRSNIN20110209,112,Ningaloo,-21.99,113.779,2011-02-09 10:15:00,59.31112,PZ
NRS,NRSNIN20120226,24,Ningaloo,-21.99,113.779,2012-02-26 09:54:00,26.25362,PZ
NRS,NRSNIN20120509,366,Ningaloo,-21.99,113.779,2012-05-09 10:50:00,25.84341,PZ
NRS,NRSNIN20130209,386,Ningaloo,-21.99,113.779,2013-02-09 09:22:00,49.52259,PZ
NRS,NRSNIN20130806,437,Ningaloo,-21.99,113.779,2013-08-06 14:03:00,26.50823,PZ
NRS,NRSNSI20080929,284,North Stradbroke,-27.345,153.562,2008-09-29 10:30:00,13.02007,Z
NRS,NRSNSI20081217,287,North Stradbroke,-27.345,153.562,2008-12-17 11:00:00,32.91347,Z
NRS,NRSNSI20090416,291,North Stradbroke,-27.345,153.562,2009-04-16 10:30:00,10.14601,Z
NRS,NRSNSI20090618,293,North Stradbroke,-27.345,153.562,2009-06-18 13:30:00,23.54544,Z
NRS,NRSNSI20090720,294,North Stradbroke,-27.345,153.562,2009-07-20 11:07:00,45.98499,Z
NRS,NRSNSI20100411,5,North Stradbroke,-27.345,153.562,2010-04-12 08:35:00,17.15435,PZ
NRS,NRSNSI20110412,98,North Stradbroke,-27.345,153.562,2011-04-13 09:25:00,9.83739,PZ
NRS,NRSNSI20120229,296,North Stradbroke,-27.345,153.562,2012-03-01 09:45:00,9.09155,PZ
NRS,NRSNSI20120511,297,North Stradbroke,-27.345,153.562,2012-05-11 10:05:00,12.21637,PZ
NRS,NRSNSI20120620,298,North Stradbroke,-27.345,153.562,2012-06-20 10:20:00,7.7156,PZ
NRS,NRSNSI20120912,301,North Stradbroke,-27.345,153.562,2012-09-12 10:20:00,19.01896,PZ
NRS,NRSNSI20130520,407,North Stradbroke,-27.345,153.562,2013-05-20 10:05:00,11.20691,PZ
NRS,NRSNSI20131016,451,North Stradbroke,-27.345,153.562,2013-10-16 10:40:00,17.93877,PZ
NRS,NRSNSI20131212,453,North Stradbroke,-27.345,153.562,2013-12-12 10:20:00,11.07831,PZ
NRS,NRSNSI20141223,538,North Stradbroke,-27.345,153.562,2014-12-23 10:35:00,10.52536,FPZ
NRS,NRSNSI20150304,563,North Stradbroke,-27.345,153.562,2015-03-04 10:30:00,6.30107,FPZ
NRS,NRSNSI20150731,636,North Stradbroke,-27.345,153.562,2015-07-31 10:15:00,14.05525,FPZ
NRS,NRSNSI20160720,710,North Stradbroke,-27.345,153.562,2016-07-20 10:30:00,9.09155,FZ
NRS,NRSNSI20170424,750,North Stradbroke,-27.345,153.562,2017-04-24 11:00:00,11.30335,FPZ
NRS,NRSNSI20180817,868,North Stradbroke,-27.345,153.562,2018-08-17 10:20:00,11.82416,FPZ
NRS,NRSNSI20181023,871,North Stradbroke,-27.345,153.562,2018-10-23 10:30:00,15.18044,FPZ
NRS,NRSNSI20190916,975,North Stradbroke,-27.345,153.562,2019-09-16 10:20:00,8.55788,FPZ
NRS,NRSNSI20200625,1072,North Stradbroke,-27.345,153.562,2020-06-25 10:35:00,14.17099,PZ
NRS,NRSPH420020625,212,Port Hacking 4,-34.11758,151.21815,2002-06-25 00:00:00,,Z
NRS,NRSPH420021218,218,Port Hacking 4,-34.11758,151.21815,2002-12-18 00:00:00,,Z
NRS,NRSPH420050706,247,Port Hacking 4,-34.11758,151.21815,2005-07-06 00:00:00,,Z
NRS,NRSPH420051115,250,Port Hacking 4,-34.11758,151.21815,2005-11-15 00:00:00,,Z
NRS,NRSPH420060130,252,Port Hacking 4,-34.11758,151.21815,2006-01-30 00:00:00,,Z
NRS,NRSPH420071026,266,Port Hacking 4,-34.11758,151.21815,2007-10-26 00:00:00,,Z
NRS,NRSPH420080430,271,Port Hacking 4,-34.11758,151.21815,2008-04-30 00:00:00,,Z
NRS,NRSPH420080529,272,Port Hacking 4,-34.11758,151.21815,2008-05-29 00:00:00,,Z
NRS,NRSPH420081202,278,Port Hacking 4,-34.11758,151.21815,2008-12-02 00:00:00,,Z
NRS,NRSPHB20090318,102,Port Hacking,-34.11923,151.22667,2009-03-19 09:39:00,17.84779,PZ
NRS,NRSPHB20090422,11,Port Hacking,-34.11923,151.22667,2009-04-23 09:38:00,39.05509,PZ
NRS,NRSPHB20090623,47,Port Hacking,-34.11923,151.22667,2009-06-24 09:10:00,3.38425,PZ
NRS,NRSPHB20100702,181,Port Hacking,-34.11923,151.22667,2010-07-02 11:35:00,56.22745,PZ
NRS,NRSPHB20111018,63,Port Hacking,-34.11923,151.22667,2011-10-19 09:31:00,8.30681,PZ
NRS,NRSPHB20120628,304,Port Hacking,-34.11923,151.22667,2012-06-28 10:00:00,3.88994,Z
NRS,NRSPHB20151115,667,Port Hacking,-34.11923,151.22667,2015-11-16 09:33:00,8.14414,FPZ
NRS,NRSPHB20161204,748,Port Hacking,-34.11923,151.22667,2016-12-05 09:45:00,16.92128,FPZ
NRS,NRSPHB20171211,822,Port Hacking,-34.11923,151.22667,2017-12-12 08:54:00,23.96916,FPZ
NRS,NRSPHB20180724,847,Port Hacking,-34.11923,151.22667,2018-07-25 09:33:00,6.05417,FPZ
NRS,NRSPHB20190408,903,Port Hacking,-34.11923,151.22667,2019-04-09 08:50:00,11.1005,FPZ
NRS,NRSPHB20190522,908,Port Hacking,-34.11923,151.22667,2019-05-23 08:50:00,8.25498,FPZ
NRS,NRSPHB20200520,1065,Port Hacking,-34.11923,151.22667,2020-05-20 10:01:00,1.13162,PZ
NRS,NRSPHB20200922,1140,Port Hacking,-34.11923,151.22667,2020-09-23 09:19:00,9.45423,PZ
NRS,NRSPHB20201013,1141,Port Hacking,-34.11923,151.22667,2020-10-14 09:48:00,,P
NRS,NRSPHB20210310,1210,Port Hacking,-34.11923,151.22667,2021-03-11 09:26:00,,PZ
NRS,NRSROT20100820,140,Rottnest Island,-32,115.41667,2010-08-20 14:30:00,20.92714,PZ
NRS,NRSROT20110826,115,Rottnest Island,-32,115.41667,2011-08-26 09:43:00,8.27498,PZ
NRS,NRSROT20120130,57,Rottnest Island,-32,115.41667,2012-01-30 11:09:00,13.79949,PZ
NRS,NRSROT20120523,359,Rottnest Island,-32,115.41667,2012-05-23 12:22:00,15.18259,PZ
NRS,NRSROT20141014,534,Rottnest Island,-32,115.41667,2014-10-14 11:52:00,6.60898,PZ
NRS,NRSROT20161024,721,Rottnest Island,-32,115.41667,2016-10-24 09:35:00,7.74846,FPZ
NRS,NRSROT20161114,738,Rottnest Island,-32,115.41667,2016-11-14 09:45:00,13.05294,FPZ
NRS,NRSROT20170428,776,Rottnest Island,-32,115.41667,2017-04-28 09:52:00,4.29859,FPZ
NRS,NRSROT20170626,778,Rottnest Island,-32,115.41667,2017-06-26 09:46:00,13.58731,FPZ
NRS,NRSROT20170914,798,Rottnest Island,-32,115.41667,2017-09-14 09:45:00,4.74652,FPZ
NRS,NRSROT20181211,877,Rottnest Island,-32,115.41667,2018-12-11 09:24:00,15.15115,FPZ
NRS,NRSROT20190221,890,Rottnest Island,-32,115.41667,2019-02-21 09:30:00,8.74649,FPZ
NRS,NRSROT20190527,906,Rottnest Island,-32,115.41667,2019-05-27 09:28:00,11.15118,FPZ
NRS,NRSYON20110118,142,Yongala,-19.30847,147.61842,2011-01-18 11:30:00,28.60337,PZ
NRS,NRSYON20130719,426,Yongala,-19.30847,147.61842,2013-07-19 11:08:00,11.32981,PZ
NRS,NRSYON20130808,427,Yongala,-19.30847,147.61842,2013-08-08 10:58:00,9.79288,PZ
NRS,NRSYON20131015,469,Yongala,-19.30847,147.61842,2013-10-15 11:40:00,50.56934,PZ
NRS,NRSYON20140501,522,Yongala,-19.30847,147.61842,2014-05-01 11:25:00,18.40245,PZ
NRS,NRSYON20150324,628,Yongala,-19.30847,147.61842,2015-03-24 15:15:00,30.20831,PZ
NRS,NRSYON20151027,656,Yongala,-19.30847,147.61842,2015-10-27 10:10:00,7.42626,PZ
NRS,NRSYON20160725,717,Yongala,-19.30847,147.61842,2016-07-25 10:25:00,12.14589,PZ
NRS,NRSYON20170816,800,Yongala,-19.30847,147.61842,2017-08-16 10:24:00,6.06832,PZ
NRS,NRSYON20180621,865,Yongala,-19.30847,147.61842,2018-06-21 11:30:00,21.86859,PZ
NRS,NRSYON20190528,913,Yongala,-19.30847,147.61842,2019-05-28 10:25:00,23.97623,PZ
NRS,NRSYON20190808,989,Yongala,-19.30847,147.61842,2019-08-08 10:04:00,16.7091,PZ
NRS,NRSYON20210127,1213,Yongala,-19.30847,147.61842,2021-01-27 10:46:00,,P
NRS,NRSYON20210209,1214,Yongala,-19.30847,147.61842,2021-02-09 11:46:00,,PZ
NRS,NRSDAR20140118_0330,467,Darwin,-12.4,130.76805,2014-01-18 13:00:00,112.3717,Z
NRS,NRSDAR20140906_0030,506,Darwin,-12.4,130.76805,2014-09-06 10:00:00,43.22345,Z
NRS,NRSDAR20140906_0930,511,Darwin,-12.4,130.76805,2014-09-06 19:00:00,32.25737,Z
NRS,NRSDAR20150202_2130,550,Darwin,-12.4,130.76805,2015-02-03 07:00:00,29.88895,Z
NRS,NRSDAR20160202_0030,692,Darwin,-12.4,130.76805,2016-02-02 10:00:00,9.07654,PZ
NRS,NRSDAR20160202_0630,694,Darwin,-12.4,130.76805,2016-02-02 16:00:00,11.1001,PZ
NRS,NRSDAR20160724_0730,726,Darwin,-12.4,130.76805,2016-07-24 17:00:00,31.06065,PZ
NRS,NRSDAR20170715_0030,789,Darwin,-12.4,130.76805,2017-07-15 10:00:00,170.11654,PZ
NRS,NRSDAR20200203_2130,1006,Darwin,-12.4,130.76805,2020-02-04 07:00:00,60.1174,PZ
NWS,NRSNWS_4.1,574,North West Shelf,-18.1717,120.6191,2015-01-21 00:15:00,,P
NWS,NRSNWS_4.2,575,North West Shelf,-18.1717,120.6191,2015-01-21 00:15:01,,P
NWS,NRSNWS_6.1,581,North West Shelf,-18.1717,120.6191,2015-01-22 01:16:02,,P
NWS,NRSNWS_9.1,577,North West Shelf,-18.1717,120.6191,2015-01-22 10:57:00,,P
NWS,NRSNWS_19.1,600,North West Shelf,-18.1717,120.6191,2015-01-24 22:04:01,,P
NWS,NRSNWS_19.2,601,North West Shelf,-18.1717,120.6191,2015-01-24 22:04:02,,P
IIOE,NRSIIOE20190519,950,International Indian Ocean Expedition,,,2019-05-19 16:10:00,,PZ
SOTS,NRSSOTS20120717,504,Southern Ocean Time Series,-46.93473,142.25826,2012-07-17 16:30:00,,Z
NRS Ichthyoplankton,NRSNSF20170516,1190,North Stradbroke Ichthyo 30m,-27.3889,153.5802,2017-05-16 10:20:00,,F
NRS Ichthyoplankton,NRSNSF20171116,1163,North Stradbroke Ichthyo 30m,-27.3889,153.5802,2017-11-16 10:30:00,,F
NRS Ichthyoplankton,NRSNSF20190618,1159,North Stradbroke Ichthyo 30m,-27.3889,153.5802,2019-06-18 10:00:00,,F
NRS Ichthyoplankton,NRSNSF20190916,1180,North Stradbroke Ichthyo 30m,-27.3889,153.5802,2019-09-16 10:20:00,,F
NRS Ichthyoplankton,NRSNSF20191220,1158,North Stradbroke Ichthyo 30m,-27.3889,153.5802,2019-12-20 10:20:00,,F
NRS Ichthyoplankton,NRSPHA20160719,1105,Port Hacking A,-34.08333,151.21667,2016-07-19 10:19:00,,F
NRS Ichthyoplankton,NRSPHA20170821,1114,Port Hacking A,-34.08333,151.21667,2017-08-22 09:50:00,,F
NRS Ichthyoplankton,NRSPHA20180626,1121,Port Hacking A,-34.08333,151.21667,2018-06-27 09:41:00,,F
NRS Ichthyoplankton,NRSPHA20181120,1125,Port Hacking A,-34.08333,151.21667,2018-11-21 09:24:00,,F
NRS Ichthyoplankton,NRSPHA20181218,1126,Port Hacking A,-34.08333,151.21667,2018-12-19 09:40:00,,F
NRS Ichthyoplankton,NRSPHA20190626,1131,Port Hacking A,-34.08333,151.21667,2019-06-27 09:38:00,,F
NRS,NRSDAR20141130,542,Darwin,-12.4,130.76805,2014-12-01 07:18:00,28.52629,Z
NRS,NRSDAR20151117,662,Darwin,-12.4,130.76805,2015-11-18 08:16:00,12.2731,PZ
NRS,NRSDAR20160530,706,Darwin,-12.4,130.76805,2016-05-31 07:50:00,29.30428,PZ
NRS,NRSESP20090917,135,Esperance,-33.93333,121.85,2009-09-17 09:40:00,7.84276,PZ
NRS,NRSESP20120612,363,Esperance,-33.93333,121.85,2012-06-12 09:24:00,9.70522,PZ
NRS,NRSKAI20120116,10,Kangaroo Island,-35.83217,136.44733,2012-01-17 07:00:00,3.46735,PZ
NRS,NRSKAI20130220,393,Kangaroo Island,-35.83217,136.44733,2013-02-21 07:20:00,4.10212,Z
NRS,NRSKAI20151116,663,Kangaroo Island,-35.83217,136.44733,2015-11-17 09:50:00,6.52097,FPZ
NRS,NRSKAI20180307,831,Kangaroo Island,-35.83217,136.44733,2018-03-07 12:20:00,15.54919,PZ
NRS,NRSKAI20180515,841,Kangaroo Island,-35.83217,136.44733,2018-05-16 08:15:00,4.44161,FPZ
NRS,NRSKAI20190320,910,Kangaroo Island,-35.83217,136.44733,2019-03-20 13:40:00,12.09774,FPZ
NRS,NRSMAI20110223,158,Maria Island,-42.59667,148.23333,2011-02-23 11:15:00,8.83637,PZ
NRS,NRSMAI20110531,30,Maria Island,-42.59667,148.23333,2011-05-31 11:38:00,2.0378,PZ
NRS,NRSMAI20131217,458,Maria Island,-42.59667,148.23333,2013-12-17 11:05:00,19.56467,PZ
NRS,NRSMAI20151118,642,Maria Island,-42.59667,148.23333,2015-11-19 10:45:00,24.51847,FPZ
NRS,NRSMAI20160321,677,Maria Island,-42.59667,148.23333,2016-03-22 10:11:00,6.08246,FPZ
NRS,NRSMAI20160927,713,Maria Island,-42.59667,148.23333,2016-09-27 10:10:00,10.4675,FPZ
NRS,NRSMAI20170626,765,Maria Island,-42.59667,148.23333,2017-06-27 09:25:00,0.74969,PZ
NRS,NRSMAI20171015,794,Maria Island,-42.59667,148.23333,2017-10-16 09:50:00,18.24268,PZ
NRS,NRSMAI20180116,806,Maria Island,-42.59667,148.23333,2018-01-17 10:30:00,51.00785,FPZ
NRS,NRSMAI20180418,819,Maria Island,-42.59667,148.23333,2018-04-19 09:30:00,21.11889,FPZ
NRS,NRSMAI20180627,842,Maria Island,-42.59667,148.23333,2018-06-28 09:00:00,7.0632,PZ
NRS,NRSMAI20190106,878,Maria Island,-42.59667,148.23333,2019-01-07 08:50:00,18.43747,FPZ
NRS,NRSMAI20200106,1023,Maria Island,-42.59667,148.23333,2020-01-07 09:45:00,64.62503,PZ
NRS,NRSMAI20200526,1053,Maria Island,-42.59667,148.23333,2020-05-26 10:10:00,8.75592,PZ
NRS,NRSMAI20200810,1064,Maria Island,-42.59667,148.23333,2020-08-10 10:05:00,4.84239,PZ
NRS,NRSNIN20110706,25,Ningaloo,-21.99,113.779,2011-07-06 11:04:00,10.22703,PZ
NRS,NRSNSI20091021,137,North Stradbroke,-27.345,153.562,2009-10-22 09:20:00,19.10254,PZ
NRS,NRSNSI20091101,122,North Stradbroke,-27.345,153.562,2009-11-02 09:02:00,15.22545,PZ
NRS,NRSNSI20091115,38,North Stradbroke,-27.345,153.562,2009-11-16 08:20:00,31.31891,PZ
NRS,NRSNSI20091215,66,North Stradbroke,-27.345,153.562,2009-12-16 09:00:00,25.58365,PZ
NRS,NRSNSI20111116,132,North Stradbroke,-27.345,153.562,2011-11-16 10:00:00,17.09006,PZ
NRS,NRSNSI20120213,116,North Stradbroke,-27.345,153.562,2012-02-14 08:00:00,6.75115,PZ
NRS,NRSNSI20121114,367,North Stradbroke,-27.345,153.562,2012-11-14 10:45:00,19.54619,PZ
NRS,NRSNSI20160412,680,North Stradbroke,-27.345,153.562,2016-04-12 10:45:00,7.38126,FPZ
NRS,NRSNSI20170516,766,North Stradbroke,-27.345,153.562,2017-05-16 10:20:00,10.49964,FPZ
NRS,NRSNSI20171023,795,North Stradbroke,-27.345,153.562,2017-10-23 10:25:00,11.76886,FPZ
NRS,NRSNSI20180123,816,North Stradbroke,-27.345,153.562,2018-01-23 10:20:00,13.9138,FPZ
NRS,NRSNSI20180417,813,North Stradbroke,-27.345,153.562,2018-04-17 10:15:00,9.41303,FPZ
NRS,NRSNSI20201022,1087,North Stradbroke,-27.345,153.562,2020-10-22 10:05:00,7.16908,PZ
NRS,NRSNSI20210119,1216,North Stradbroke,-27.345,153.562,2021-01-19 11:00:00,27.83082,PZ
NRS,NRSNSI20210226,1208,North Stradbroke,-27.345,153.562,2021-02-26 10:40:00,,PZ
NRS,NRSPH420020318,209,Port Hacking 4,-34.11758,151.21815,2002-03-18 00:00:00,,Z
NRS,NRSPH420020729,213,Port Hacking 4,-34.11758,151.21815,2002-07-29 00:00:00,,Z
NRS,NRSPH420030319,221,Port Hacking 4,-34.11758,151.21815,2003-03-19 00:00:00,,Z
NRS,NRSPH420030423,222,Port Hacking 4,-34.11758,151.21815,2003-04-23 00:00:00,,Z
NRS,NRSPH420040326,233,Port Hacking 4,-34.11758,151.21815,2004-03-26 00:00:00,,Z
NRS,NRSPH420041027,240,Port Hacking 4,-34.11758,151.21815,2004-10-27 00:00:00,,Z
NRS,NRSPH420041116,241,Port Hacking 4,-34.11758,151.21815,2004-11-16 00:00:00,,Z
NRS,NRSPH420050510,246,Port Hacking 4,-34.11758,151.21815,2005-05-10 00:00:00,,Z
NRS,NRSPH420050817,248,Port Hacking 4,-34.11758,151.21815,2005-08-17 00:00:00,,Z
NRS,NRSPH420070703,262,Port Hacking 4,-34.11758,151.21815,2007-07-03 00:00:00,,Z
NRS,NRSPH420080130,268,Port Hacking 4,-34.11758,151.21815,2008-01-30 00:00:00,,Z
NRS,NRSPH420080318,270,Port Hacking 4,-34.11758,151.21815,2008-03-18 00:00:00,,Z
NRS,NRSPH420080805,274,Port Hacking 4,-34.11758,151.21815,2008-08-05 00:00:00,,Z
NRS,NRSPH420080924,276,Port Hacking 4,-34.11758,151.21815,2008-09-24 00:00:00,,Z
NRS,NRSPH420090119,279,Port Hacking 4,-34.11758,151.21815,2009-01-20 09:00:00,,Z
NRS,NRSPHB20090819,34,Port Hacking,-34.11923,151.22667,2009-08-20 09:19:00,9.48086,PZ
NRS,NRSPHB20100316,12,Port Hacking,-34.11923,151.22667,2010-03-17 09:05:00,30.88973,PZ
NRS,NRSPHB20101110,1,Port Hacking,-34.11923,151.22667,2010-11-11 09:10:00,10.41799,PZ
NRS,NRSPHB20120311,62,Port Hacking,-34.11923,151.22667,2012-03-12 09:00:00,4.44161,PZ
NRS,NRSPHB20120821,378,Port Hacking,-34.11923,151.22667,2012-08-22 09:19:00,14.08869,PZ
NRS,NRSPHB20130826,423,Port Hacking,-34.11923,151.22667,2013-08-27 09:30:00,14.99107,PZ
NRS,NRSPHB20140317,488,Port Hacking,-34.11923,151.22667,2014-03-18 09:48:00,4.66508,PZ
NRS,NRSPHB20140515,514,Port Hacking,-34.11923,151.22667,2014-05-16 09:35:00,4.44515,Z
NRS,NRSPHB20150121,544,Port Hacking,-34.11923,151.22667,2015-01-22 09:48:00,4.59721,PZ
NRS,NRSPHB20160719,729,Port Hacking,-34.11923,151.22667,2016-07-19 10:19:00,6.17087,FPZ
NRS,NRSPHB20161030,747,Port Hacking,-34.11923,151.22667,2016-10-31 09:35:00,8.91152,FPZ
NRS,NRSPHB20170517,772,Port Hacking,-34.11923,151.22667,2017-05-18 09:45:00,5.27265,FPZ
NRS,NRSPHB20171024,797,Port Hacking,-34.11923,151.22667,2017-10-25 09:01:00,8.19718,FPZ
NRS,NRSPHB20180123,826,Port Hacking,-34.11923,151.22667,2018-01-24 09:41:00,16.66313,FPZ
NRS,NRSPHB20180927,875,Port Hacking,-34.11923,151.22667,2018-09-27 10:43:00,12.41601,FPZ
NRS,NRSPHB20200609,1066,Port Hacking,-34.11923,151.22667,2020-06-10 09:32:00,4.45222,PZ
NRS,NRSPHB20200630,1069,Port Hacking,-34.11923,151.22667,2020-07-01 09:18:00,3.18948,PZ
NRS,NRSROT20091026,138,Rottnest Island,-32,115.41667,2009-10-26 09:53:00,11.3555,PZ
NRS,NRSROT20110622,168,Rottnest Island,-32,115.41667,2011-06-22 10:00:00,5.90958,PZ
NRS,NRSROT20110923,56,Rottnest Island,-32,115.41667,2011-09-23 09:40:00,7.52056,PZ
NRS,NRSROT20111020,144,Rottnest Island,-32,115.41667,2011-10-20 12:00:00,5.27304,PZ
NRS,NRSROT20111221,114,Rottnest Island,-32,115.41667,2011-12-21 15:45:00,14.66393,PZ
NRS,NRSROT20130517,442,Rottnest Island,-32,115.41667,2013-05-17 10:00:00,14.39674,PZ
NRS,NRSROT20140319,519,Rottnest Island,-32,115.41667,2014-03-19 12:30:00,11.42623,PZ
NRS,NRSROT20140919,533,Rottnest Island,-32,115.41667,2014-09-19 12:57:00,6.76615,PZ
NRS,NRSROT20141216,556,Rottnest Island,-32,115.41667,2014-12-16 09:37:00,10.51465,Z
NRS,NRSROT20150128,557,Rottnest Island,-32,115.41667,2015-01-28 10:15:00,6.32607,PZ
NRS,NRSROT20150507,634,Rottnest Island,-32,115.41667,2015-05-07 09:36:00,11.04902,PZ
NRS,NRSROT20160324,685,Rottnest Island,-32,115.41667,2016-03-24 09:47:00,5.34376,FPZ
NRS,NRSROT20180125,823,Rottnest Island,-32,115.41667,2018-01-25 10:00:00,12.55392,FPZ
NRS,NRSROT20180511,836,Rottnest Island,-32,115.41667,2018-05-11 09:21:00,7.94934,FPZ
NRS,NRSROT20180620,846,Rottnest Island,-32,115.41667,2018-06-20 09:56:00,15.90557,FPZ
NRS,NRSROT20190507,905,Rottnest Island,-32,115.41667,2019-05-07 09:40:00,25.84655,FPZ
NRS,NRSROT20190819,985,Rottnest Island,-32,115.41667,2019-08-19 08:31:00,13.23044,FPZ
NRS,NRSROT20200128,1016,Rottnest Island,-32,115.41667,2020-01-28 09:39:00,9.95669,PZ
NRS,NRSROT20200304,1017,Rottnest Island,-32,115.41667,2020-03-04 09:25:00,13.99596,PZ
NRS,NRSROT20201127,1145,Rottnest Island,-32,115.41667,2020-11-27 09:05:00,,PZ
NRS,NRSROT20210121,1217,Rottnest Island,-32,115.41667,2021-01-21 10:04:00,,PZ
NRS,NRSYON20100224,139,Yongala,-19.30847,147.61842,2010-02-24 10:58:00,35.6488,PZ
NRS,NRSYON20100413,166,Yongala,-19.30847,147.61842,2010-04-13 14:14:00,27.09363,PZ
NRS,NRSYON20101208,125,Yongala,-19.30847,147.61842,2010-12-08 10:45:00,9.08561,PZ
NRS,NRSYON20120208,14,Yongala,-19.30847,147.61842,2012-02-08 10:49:00,39.13071,PZ
NRS,NRSYON20120402,306,Yongala,-19.30847,147.61842,2012-04-02 10:44:00,28.03212,PZ
NRS,NRSYON20120604,308,Yongala,-19.30847,147.61842,2012-06-04 10:30:00,13.60122,PZ
NRS,NRSYON20130131,403,Yongala,-19.30847,147.61842,2013-01-31 10:15:00,80.53284,PZ
NRS,NRSYON20130912,428,Yongala,-19.30847,147.61842,2013-09-12 11:26:00,50.33812,PZ
NRS,NRSYON20140717,525,Yongala,-19.30847,147.61842,2014-07-17 10:28:00,2.40061,PZ
NRS,NRSYON20150430,629,Yongala,-19.30847,147.61842,2015-04-30 12:10:00,6.59659,PZ
NRS,NRSYON20150601,630,Yongala,-19.30847,147.61842,2015-06-01 12:55:00,10.48654,PZ
NRS,NRSYON20150825,652,Yongala,-19.30847,147.61842,2015-08-25 10:45:00,6.80061,PZ
NRS,NRSYON20161012,740,Yongala,-19.30847,147.61842,2016-10-12 10:26:00,14.40369,PZ
NRS,NRSYON20171130,805,Yongala,-19.30847,147.61842,2017-11-30 10:34:00,9.90169,PZ
NRS,NRSYON20171215,833,Yongala,-19.30847,147.61842,2017-12-15 10:44:00,34.71906,PZ
NRS,NRSYON20180602,850,Yongala,-19.30847,147.61842,2018-06-03 09:10:00,18.16252,PZ
NRS,NRSYON20190507,914,Yongala,-19.30847,147.61842,2019-05-07 11:30:00,36.64169,PZ
NRS,NRSYON20200306,1022,Yongala,-19.30847,147.61842,2020-03-06 10:25:00,53.98325,PZ
NRS,NRSYON20200926,1147,Yongala,-19.30847,147.61842,2020-09-26 12:33:00,18.49494,PZ
NRS,NRSYON20201120,1211,Yongala,-19.30847,147.61842,2020-11-20 11:30:00,8.00976,PZ
NRS,NRSYON20201209,1212,Yongala,-19.30847,147.61842,2020-12-10 08:00:00,17.34563,PZ
NRS,NRSDAR20120115_0540,161,Darwin,-12.4,130.76805,2012-01-15 15:10:00,219.85591,PZ
NRS,NRSDAR20150803_2230,659,Darwin,-12.4,130.76805,2015-08-04 08:00:00,30.58073,PZ
NRS,NRSDAR20170202_2130,752,Darwin,-12.4,130.76805,2017-02-03 07:00:00,56.44356,PZ
NRS,NRSDAR20170203_0630,761,Darwin,-12.4,130.76805,2017-02-03 16:00:00,47.67788,PZ
NRS,NRSDAR20180209_0330,830,Darwin,-12.4,130.76805,2018-02-09 13:00:00,30.66773,PZ
NRS,NRSDAR20190214_0330,894,Darwin,-12.4,130.76805,2019-02-14 13:00:00,10.98338,PZ
NRS,NRSDAR20190723_0330,978,Darwin,-12.4,130.76805,2019-07-23 13:00:00,44.43279,PZ
NRS,NRSDAR20200204_0330,1008,Darwin,-12.4,130.76805,2020-02-04 13:00:00,59.0357,PZ
NWS,NRSNWS_3.1,571,North West Shelf,-18.1717,120.6191,2015-01-20 00:10:00,,P
NWS,NRSNWS_3.2,615,North West Shelf,-18.1717,120.6191,2015-01-20 00:10:01,,P
NWS,NRSNWS_3.3,616,North West Shelf,-18.1717,120.6191,2015-01-20 00:10:02,,P
NWS,NRSNWS_8.1,586,North West Shelf,-18.1717,120.6191,2015-01-22 10:04:00,,P
NWS,NRSNWS_14.1,588,North West Shelf,-18.1717,120.6191,2015-01-23 22:02:00,,P
NWS,NRSNWS_15.2,603,North West Shelf,-18.1717,120.6191,2015-01-24 01:34:01,,P
IIOE,NRSIIOE20190518,949,International Indian Ocean Expedition,,,2019-05-18 16:48:00,,PZ
IIOE,NRSIIOE20190520,951,International Indian Ocean Expedition,,,2019-05-20 17:22:00,,PZ
IIOE,NRSIIOE20190521,952,International Indian Ocean Expedition,,,2019-05-21 15:49:00,,PZ
IIOE,NRSIIOE20190528,959,International Indian Ocean Expedition,,,2019-05-28 16:00:00,,PZ
IIOE,NRSIIOE20190606,968,International Indian Ocean Expedition,,,2019-06-06 23:50:00,,PZ
NRS Ichthyoplankton,NRSNSF20160822,1175,North Stradbroke Ichthyo 30m,-27.3889,153.5802,2016-08-22 10:50:00,,F
NRS Ichthyoplankton,NRSNSF20180817,1186,North Stradbroke Ichthyo 30m,-27.3889,153.5802,2018-08-17 10:20:00,,F
NRS Ichthyoplankton,NRSNSF20200122,1192,North Stradbroke Ichthyo 30m,-27.3889,153.5802,2020-01-22 10:35:00,,F
NRS Ichthyoplankton,NRSPHA20150630,1095,Port Hacking A,-34.08333,151.21667,2015-06-30 11:11:00,,F
NRS Ichthyoplankton,NRSPHA20160229,1101,Port Hacking A,-34.08333,151.21667,2016-03-01 09:00:00,,F
NRS Ichthyoplankton,NRSPHA20160926,1107,Port Hacking A,-34.08333,151.21667,2016-09-27 09:54:00,,F
NRS Ichthyoplankton,NRSPHA20161030,1108,Port Hacking A,-34.08333,151.21667,2016-10-31 09:35:00,,F
NRS Ichthyoplankton,NRSPHA20161204,1109,Port Hacking A,-34.08333,151.21667,2016-12-05 09:45:00,,F
NRS Ichthyoplankton,NRSPHA20190121,1127,Port Hacking A,-34.08333,151.21667,2019-01-22 09:43:00,,F
NRS Ichthyoplankton,NRSPHA20191118,1136,Port Hacking A,-34.08333,151.21667,2019-11-19 09:15:00,,F
NRS Ichthyoplankton,NRSROF20190711,1201,Rottnest Island Ichthyo 34m,-31.96666,115.48333,2019-07-11 09:26:00,,F
NRS Ichthyoplankton,NRSROF20191011,1203,Rottnest Island Ichthyo 34m,-31.96666,115.48333,2019-10-11 10:07:00,,F
