TRIP_CODE,SAMPLE,STATION,LATITUDE,LONGITUDE,SAMPLEDATELOCAL,BIOMASS_MGM3,SAMPLETYPE
NRSDAR20110627,46,Darwin,-12.4,130.76805,2011-06-27 13:48:00,5.56585,BPZ
NRSDAR20160530,706,Darwin,-12.4,130.76805,2016-05-31 07:50:00,29.30428,BPZ
NRSDAR20160723,722,Darwin,-12.4,130.76805,2016-07-24 08:00:00,25.98153,BPZ
NRSDAR20190529,896,Darwin,-12.4,130.76805,2019-05-30 08:39:00,93.93976,BPZ
NRSDAR20200511,1062,Darwin,-12.4,130.76805,2020-05-12 08:20:00,205.66809,BPZ
NRSKAI20101213,85,Kangaroo Island,-35.83217,136.44733,2010-12-14 08:30:00,4.15517,BPZ
NRSKAI20120215,97,Kangaroo Island,-35.83217,136.44733,2012-02-15 11:50:00,1.61256,BPZ
NRSKAI20130220,393,Kangaroo Island,-35.83217,136.44733,2013-02-21 07:20:00,4.10212,BZ
NRSKAI20130827,454,Kangaroo Island,-35.83217,136.44733,2013-08-28 08:55:00,1.71865,BPZ
NRSKAI20150629,640,Kangaroo Island,-35.83217,136.44733,2015-06-30 07:35:00,0.43496,BFPZ
NRSKAI20161118,739,Kangaroo Island,-35.83217,136.44733,2016-11-18 12:45:00,11.22427,BFPZ
NRSKAI20170518,769,Kangaroo Island,-35.83217,136.44733,2017-05-18 11:15:00,5.59445,BFPZ
NRSMAI20110407,194,Maria Island,-42.59667,148.23333,2011-04-07 10:30:00,4.26568,BPZ
NRSMAI20110725,197,Maria Island,-42.59667,148.23333,2011-07-25 12:15:00,0.25638,BPZ
NRSMAI20110812,29,Maria Island,-42.59667,148.23333,2011-08-12 10:55:00,0.65421,BPZ
NRSMAI20111005,77,Maria Island,-42.59667,148.23333,2011-10-05 12:24:00,11.93507,BPZ
NRSMAI20130807,446,Maria Island,-42.59667,148.23333,2013-08-07 11:30:00,2.81431,BPZ
NRSMAI20131117,457,Maria Island,-42.59667,148.23333,2013-11-18 10:50:00,8.51622,BPZ
NRSMAI20131217,458,Maria Island,-42.59667,148.23333,2013-12-17 11:05:00,19.56467,BPZ
NRSMAI20170601,764,Maria Island,-42.59667,148.23333,2017-06-02 09:00:00,11.73114,BFPZ
NRSMAI20171015,794,Maria Island,-42.59667,148.23333,2017-10-16 09:50:00,18.24268,BPZ
NRSMAI20190320,891,Maria Island,-42.59667,148.23333,2019-03-21 09:35:00,15.19202,BFPZ
NRSMAI20190624,898,Maria Island,-42.59667,148.23333,2019-06-24 10:10:00,24.32986,BFPZ
NRSMAI20190828,916,Maria Island,-42.59667,148.23333,2019-08-29 09:20:00,4.80939,BFPZ
NRSMAI20191015,999,Maria Island,-42.59667,148.23333,2019-10-16 09:40:00,32.86418,BPZ
NRSNIN20130806,437,Ningaloo,-21.99,113.779,2013-08-06 14:03:00,26.50823,BPZ
NRSNSI20091015,82,North Stradbroke,-27.345,153.562,2009-10-15 10:10:00,29.14568,BPZ
NRSNSI20100817,182,North Stradbroke,-27.345,153.562,2010-08-18 08:25:00,17.76517,BPZ
NRSNSI20110220,190,North Stradbroke,-27.345,153.562,2011-02-21 09:40:00,7.1305,BPZ
NRSNSI20111013,78,North Stradbroke,-27.345,153.562,2011-10-13 10:30:00,10.08815,BPZ
NRSNSI20111220,94,North Stradbroke,-27.345,153.562,2011-12-21 09:15:00,6.10818,BPZ
NRSNSI20120620,298,North Stradbroke,-27.345,153.562,2012-06-20 10:20:00,7.7156,BPZ
NRSNSI20121017,302,North Stradbroke,-27.345,153.562,2012-10-17 10:20:00,21.71942,BPZ
NRSNSI20130326,395,North Stradbroke,-27.345,153.562,2013-03-26 11:10:00,8.80864,BPZ
NRSNSI20131121,450,North Stradbroke,-27.345,153.562,2013-11-22 09:55:00,14.64035,BPZ
NRSNSI20140623,487,North Stradbroke,-27.345,153.562,2014-06-23 10:20:00,10.12672,BPZ
NRSNSI20150624,632,North Stradbroke,-27.345,153.562,2015-06-24 10:30:00,8.95009,BFPZ
NRSNSI20150731,636,North Stradbroke,-27.345,153.562,2015-07-31 10:15:00,14.05525,BFPZ
NRSNSI20160822,711,North Stradbroke,-27.345,153.562,2016-08-22 10:50:00,17.55942,BFPZ
NRSNSI20170717,771,North Stradbroke,-27.345,153.562,2017-07-17 11:05:00,9.73451,BFPZ
NRSNSI20170829,785,North Stradbroke,-27.345,153.562,2017-08-29 11:50:00,10.22317,BFPZ
NRSNSI20180417,813,North Stradbroke,-27.345,153.562,2018-04-17 10:15:00,9.41303,BFPZ
NRSNSI20200228,1004,North Stradbroke,-27.345,153.562,2020-02-28 10:30:00,10.6861,BFPZ
NRSNSI20200625,1072,North Stradbroke,-27.345,153.562,2020-06-25 10:35:00,14.17099,BPZ
NRSNSI20201022,1087,North Stradbroke,-27.345,153.562,2020-10-22 10:05:00,7.16908,BPZ
NRSPHB20100817,183,Port Hacking,-34.11923,151.22667,2010-08-18 09:30:00,66.4368,BPZ
NRSPHB20110914,199,Port Hacking,-34.11923,151.22667,2011-09-15 09:43:00,1.45696,BPZ
NRSPHB20111117,19,Port Hacking,-34.11923,151.22667,2011-11-18 09:36:00,4.8589,BPZ
NRSPHB20120628,304,Port Hacking,-34.11923,151.22667,2012-06-28 10:00:00,3.88994,BZ
NRSPHB20130227,409,Port Hacking,-34.11923,151.22667,2013-02-28 08:03:00,1.79998,BPZ
NRSPHB20130611,421,Port Hacking,-34.11923,151.22667,2013-06-12 09:55:00,(null),PZ
NRSPHB20131202,477,Port Hacking,-34.11923,151.22667,2013-12-03 09:30:00,3.12964,BPZ
NRSPHB20140427,513,Port Hacking,-34.11923,151.22667,2014-04-28 09:38:00,5.86675,BPZ
NRSPHB20140716,516,Port Hacking,-34.11923,151.22667,2014-07-16 10:00:00,5.15595,BPZ
NRSPHB20150330,639,Port Hacking,-34.11923,151.22667,2015-03-31 09:32:00,4.85341,BPZ
NRSPHB20160229,703,Port Hacking,-34.11923,151.22667,2016-03-01 09:00:00,11.22427,BFPZ
NRSPHB20161030,747,Port Hacking,-34.11923,151.22667,2016-10-31 09:35:00,8.91152,BFPZ
NRSPHB20170419,763,Port Hacking,-34.11923,151.22667,2017-04-19 10:00:00,9.12723,BZ
NRSPHB20180221,827,Port Hacking,-34.11923,151.22667,2018-02-22 09:18:00,17.35978,BFPZ
NRSPHB20190729,983,Port Hacking,-34.11923,151.22667,2019-07-29 10:03:00,16.90505,BFPZ
NRSPHB20190923,982,Port Hacking,-34.11923,151.22667,2019-09-24 09:36:00,15.64467,BFPZ
NRSPHB20200831,1071,Port Hacking,-34.11923,151.22667,2020-09-01 09:44:00,7.61015,BPZ
NRSROT20100820,140,Rottnest Island,-32,115.41667,2010-08-20 14:30:00,20.92714,BPZ
NRSROT20110324,119,Rottnest Island,-32,115.41667,2011-03-24 09:35:00,4.62864,BPZ
NRSROT20120221,58,Rottnest Island,-32,115.41667,2012-02-21 09:40:00,12.11778,BPZ
NRSROT20120727,360,Rottnest Island,-32,115.41667,2012-07-27 09:55:00,13.95666,BPZ
NRSROT20121219,438,Rottnest Island,-32,115.41667,2012-12-19 11:48:00,12.04705,BPZ
NRSROT20131218,464,Rottnest Island,-32,115.41667,2013-12-18 10:43:00,24.18841,BPZ
NRSROT20150319,559,Rottnest Island,-32,115.41667,2015-03-19 11:47:00,7.34768,BPZ
NRSROT20170303,758,Rottnest Island,-32,115.41667,2017-03-03 10:30:00,14.10283,BFPZ
NRSROT20171103,799,Rottnest Island,-32,115.41667,2017-11-03 09:25:00,14.20813,BFPZ
NRSROT20171214,825,Rottnest Island,-32,115.41667,2017-12-14 09:37:00,20.10986,BFPZ
NRSROT20180328,818,Rottnest Island,-32,115.41667,2018-03-28 09:23:00,11.54684,BFPZ
NRSROT20180511,836,Rottnest Island,-32,115.41667,2018-05-11 09:21:00,7.94934,BFPZ
NRSROT20180620,846,Rottnest Island,-32,115.41667,2018-06-20 09:56:00,15.90557,BFPZ
NRSROT20180719,848,Rottnest Island,-32,115.41667,2018-07-19 09:35:00,12.57357,BFPZ
NRSROT20180831,873,Rottnest Island,-32,115.41667,2018-08-31 10:07:00,38.38869,BFPZ
NRSROT20190527,906,Rottnest Island,-32,115.41667,2019-05-27 09:28:00,11.15118,BFPZ
NRSROT20200304,1017,Rottnest Island,-32,115.41667,2020-03-04 09:25:00,13.99596,BPZ
NRSROT20200520,1076,Rottnest Island,-32,115.41667,2020-05-20 09:22:00,18.64523,BPZ
NRSROT20200730,1079,Rottnest Island,-32,115.41667,2020-07-30 09:27:00,40.45547,BPZ
NRSROT20200825,1081,Rottnest Island,-32,115.41667,2020-08-25 10:40:00,20.68746,BPZ
NRSYON20100909,9,Yongala,-19.30847,147.61842,2010-09-09 11:00:00,9.42564,BPZ
NRSYON20120424,307,Yongala,-19.30847,147.61842,2012-04-24 10:50:00,24.04696,BPZ
NRSYON20140501,522,Yongala,-19.30847,147.61842,2014-05-01 11:25:00,18.40245,BPZ
NRSYON20141120,620,Yongala,-19.30847,147.61842,2014-11-21 08:48:00,7.00462,BPZ
NRSYON20160215,688,Yongala,-19.30847,147.61842,2016-02-15 10:18:00,32.2757,BPZ
NRSYON20170322,780,Yongala,-19.30847,147.61842,2017-03-22 12:00:00,21.50081,BPZ
NRSYON20171130,805,Yongala,-19.30847,147.61842,2017-11-30 10:34:00,9.90169,BPZ
NRSYON20181011,858,Yongala,-19.30847,147.61842,2018-10-11 10:54:00,20.98804,BPZ
NRSYON20190124,882,Yongala,-19.30847,147.61842,2019-01-24 11:12:00,8.04865,BPZ
NRSDAR20160202_0630,694,Darwin,-12.4,130.76805,2016-02-02 16:00:00,11.1001,BPZ
NRSDAR20160724_0130,723,Darwin,-12.4,130.76805,2016-07-24 11:01:00,22.83716,BPZ
NRSDAR20170202_2130,752,Darwin,-12.4,130.76805,2017-02-03 07:00:00,56.44356,BPZ
NRSDAR20170203_0630,761,Darwin,-12.4,130.76805,2017-02-03 16:00:00,47.67788,BPZ
NRSDAR20170715_0330,790,Darwin,-12.4,130.76805,2017-07-15 13:00:00,242.84681,BPZ
NRSDAR20200204_0630,1009,Darwin,-12.4,130.76805,2020-02-04 16:01:00,77.48696,BPZ
NRSDAR20120115_03:35,93,Darwin,-12.4,130.76805,2012-01-15 13:05:00,48.41338,BPZ
NRSDAR20121208_16:30,368,Darwin,-12.4,130.76805,2012-12-09 02:00:00,60.47103,BPZ
NRSDAR20150316,555,Darwin,-12.4,130.76805,2015-03-17 08:35:00,36.84401,BPZ
NRSDAR20170516,768,Darwin,-12.4,130.76805,2017-05-17 08:47:00,58.26603,BPZ
NRSESP20120309,384,Esperance,-33.93333,121.85,2012-03-09 09:34:00,23.78763,BZ
NRSESP20120910,364,Esperance,-33.93333,121.85,2012-09-10 12:51:00,6.56183,BPZ
NRSKAI20090601,120,Kangaroo Island,-35.83217,136.44733,2009-06-02 08:00:00,(null),P
NRSKAI20110223,191,Kangaroo Island,-35.83217,136.44733,2011-02-23 10:30:00,0.27583,BPZ
NRSKAI20111026,201,Kangaroo Island,-35.83217,136.44733,2011-10-26 14:40:00,0.5941,BPZ
NRSKAI20120116,10,Kangaroo Island,-35.83217,136.44733,2012-01-17 07:00:00,3.46735,BPZ
NRSKAI20141029,546,Kangaroo Island,-35.83217,136.44733,2014-10-29 11:00:00,5.21253,BFPZ
NRSKAI20150909,654,Kangaroo Island,-35.83217,136.44733,2015-09-09 12:50:00,15.80734,BFPZ
NRSKAI20171129,809,Kangaroo Island,-35.83217,136.44733,2017-11-29 14:50:00,7.44041,BFPZ
NRSKAI20181204,879,Kangaroo Island,-35.83217,136.44733,2018-12-04 15:39:00,10.77869,BFPZ
NRSKAI20190909,980,Kangaroo Island,-35.83217,136.44733,2019-09-10 07:50:00,1.20234,BFPZ
NRSKAI20200527,1063,Kangaroo Island,-35.83217,136.44733,2020-05-28 08:30:00,3.97482,BPZ
NRSMAI20121017,379,Maria Island,-42.59667,148.23333,2012-10-18 10:52:00,22.72084,BPZ
NRSMAI20140122,480,Maria Island,-42.59667,148.23333,2014-01-23 10:50:00,20.30318,BZ
NRSMAI20151001,648,Maria Island,-42.59667,148.23333,2015-10-01 11:05:00,26.87601,BPZ
NRSMAI20160927,713,Maria Island,-42.59667,148.23333,2016-09-27 10:10:00,10.4675,BFPZ
NRSMAI20170412,755,Maria Island,-42.59667,148.23333,2017-04-12 10:15:00,10.2506,BFPZ
NRSMAI20170921,793,Maria Island,-42.59667,148.23333,2017-09-22 09:15:00,14.25371,BPZ
NRSMAI20180919,859,Maria Island,-42.59667,148.23333,2018-09-20 09:50:00,12.25923,BFPZ
NRSMAI20200106,1023,Maria Island,-42.59667,148.23333,2020-01-07 09:45:00,64.62503,BPZ
NRSMAI20200810,1064,Maria Island,-42.59667,148.23333,2020-08-10 10:05:00,4.84239,BPZ
NRSMAI20200909,1082,Maria Island,-42.59667,148.23333,2020-09-10 09:00:00,6.37951,BPZ
NRSNIN20110209,112,Ningaloo,-21.99,113.779,2011-02-09 10:15:00,59.31112,BPZ
NRSNSI20091101,122,North Stradbroke,-27.345,153.562,2009-11-02 09:02:00,15.22545,BPZ
NRSNSI20100916,184,North Stradbroke,-27.345,153.562,2010-09-16 12:45:00,13.5023,BPZ
NRSNSI20121114,367,North Stradbroke,-27.345,153.562,2012-11-14 10:45:00,19.54619,BPZ
NRSNSI20150907,638,North Stradbroke,-27.345,153.562,2015-09-07 10:40:00,13.75306,BFPZ
NRSNSI20160120,674,North Stradbroke,-27.345,153.562,2016-01-20 10:30:00,10.80827,BFPZ
NRSNSI20160517,681,North Stradbroke,-27.345,153.562,2016-05-17 10:30:00,9.90169,BFPZ
NRSNSI20160720,710,North Stradbroke,-27.345,153.562,2016-07-20 10:30:00,9.09155,BFZ
NRSNSI20170927,787,North Stradbroke,-27.345,153.562,2017-09-27 10:40:00,16.08703,BFPZ
NRSNSI20171219,804,North Stradbroke,-27.345,153.562,2017-12-19 10:45:00,8.28141,BFPZ
NRSNSI20180302,815,North Stradbroke,-27.345,153.562,2018-03-02 10:25:00,10.2939,BFPZ
NRSNSI20180320,814,North Stradbroke,-27.345,153.562,2018-03-20 10:40:00,10.2939,BFPZ
NRSNSI20180530,843,North Stradbroke,-27.345,153.562,2018-05-30 10:20:00,9.65736,BFPZ
NRSNSI20180913,870,North Stradbroke,-27.345,153.562,2018-09-13 10:20:00,20.56851,BFPZ
NRSNSI20190118,888,North Stradbroke,-27.345,153.562,2019-01-18 10:40:00,15.28396,BFPZ
NRSNSI20191220,1002,North Stradbroke,-27.345,153.562,2019-12-20 10:20:00,9.78595,BFPZ
NRSNSI20201221,1151,North Stradbroke,-27.345,153.562,2020-12-21 10:30:00,(null),BPZ
NRSPHB20090714,79,Port Hacking,-34.11923,151.22667,2009-07-15 09:15:00,2.75832,BPZ
NRSPHB20090819,34,Port Hacking,-34.11923,151.22667,2009-08-20 09:19:00,9.48086,BPZ
NRSPHB20100510,179,Port Hacking,-34.11923,151.22667,2010-05-11 09:13:00,17.7806,BPZ
NRSPHB20101019,13,Port Hacking,-34.11923,151.22667,2010-10-20 10:40:00,(null),P
NRSPHB20101110,1,Port Hacking,-34.11923,151.22667,2010-11-11 09:10:00,10.41799,BPZ
NRSPHB20110203,111,Port Hacking,-34.11923,151.22667,2011-02-04 09:58:00,10.64431,BPZ
NRSPHB20120212,43,Port Hacking,-34.11923,151.22667,2012-02-13 10:00:00,12.56453,BPZ
NRSPHB20120517,21,Port Hacking,-34.11923,151.22667,2012-05-18 09:33:00,5.6581,BPZ
NRSPHB20130725,422,Port Hacking,-34.11923,151.22667,2013-07-26 09:24:00,3.90055,BPZ
NRSPHB20140211,481,Port Hacking,-34.11923,151.22667,2014-02-12 09:57:00,4.54063,BPZ
NRSPHB20140317,488,Port Hacking,-34.11923,151.22667,2014-03-18 09:48:00,4.66508,BPZ
NRSPHB20150121,544,Port Hacking,-34.11923,151.22667,2015-01-22 09:48:00,4.59721,BPZ
NRSPHB20150518,641,Port Hacking,-34.11923,151.22667,2015-05-19 09:43:00,4.80939,BPZ
NRSPHB20150630,649,Port Hacking,-34.11923,151.22667,2015-06-30 11:11:00,2.95636,BFPZ
NRSPHB20160407,704,Port Hacking,-34.11923,151.22667,2016-04-08 09:13:00,6.23452,BFPZ
NRSPHB20180123,826,Port Hacking,-34.11923,151.22667,2018-01-24 09:41:00,16.66313,BFPZ
NRSPHB20190121,885,Port Hacking,-34.11923,151.22667,2019-01-22 09:43:00,9.94412,BFPZ
NRSPHB20191216,1013,Port Hacking,-34.11923,151.22667,2019-12-17 09:02:00,4.95791,BPZ
NRSPHB20200609,1066,Port Hacking,-34.11923,151.22667,2020-06-10 09:32:00,4.45222,BPZ
NRSPHB20201013,1141,Port Hacking,-34.11923,151.22667,2020-10-14 09:48:00,(null),P
NRSROT20100315,84,Rottnest Island,-32,115.41667,2010-03-15 10:00:00,74.29411,BPZ
NRSROT20100416,26,Rottnest Island,-32,115.41667,2010-04-16 08:30:00,17.56371,BPZ
NRSROT20100520,154,Rottnest Island,-32,115.41667,2010-05-20 10:05:00,6.01959,BPZ
NRSROT20130221,439,Rottnest Island,-32,115.41667,2013-02-21 12:55:00,16.02344,BPZ
NRSROT20150128,557,Rottnest Island,-32,115.41667,2015-01-28 10:15:00,6.32607,BPZ
NRSROT20150507,634,Rottnest Island,-32,115.41667,2015-05-07 09:36:00,11.04902,BPZ
NRSROT20150924,669,Rottnest Island,-32,115.41667,2015-09-24 10:08:00,5.2416,BPZ
NRSROT20170802,779,Rottnest Island,-32,115.41667,2017-08-02 09:33:00,22.00375,BFPZ
NRSROT20181211,877,Rottnest Island,-32,115.41667,2018-12-11 09:24:00,15.15115,BFPZ
NRSROT20190125,889,Rottnest Island,-32,115.41667,2019-01-25 09:35:00,9.48519,BFPZ
NRSROT20191104,997,Rottnest Island,-32,115.41667,2019-11-04 09:25:00,(null),FP
NRSROT20200128,1016,Rottnest Island,-32,115.41667,2020-01-28 09:39:00,9.95669,BPZ
NRSROT20201013,1143,Rottnest Island,-32,115.41667,2020-10-13 09:18:00,(null),BPZ
NRSYON20100729,23,Yongala,-19.30847,147.61842,2010-07-29 11:22:00,8.24234,BPZ
NRSYON20101101,70,Yongala,-19.30847,147.61842,2010-11-01 11:45:00,8.55516,BPZ
NRSYON20110118,142,Yongala,-19.30847,147.61842,2011-01-18 11:30:00,28.60337,BPZ
NRSYON20110323,146,Yongala,-19.30847,147.61842,2011-03-23 10:49:00,19.34093,BPZ
NRSYON20120402,306,Yongala,-19.30847,147.61842,2012-04-02 10:44:00,28.03212,BPZ
NRSYON20120918,375,Yongala,-19.30847,147.61842,2012-09-18 11:00:00,3.06027,BPZ
NRSYON20121219,372,Yongala,-19.30847,147.61842,2012-12-19 10:20:00,43.52391,BPZ
NRSYON20130220,404,Yongala,-19.30847,147.61842,2013-02-20 10:42:00,11.95547,BPZ
NRSYON20150804,646,Yongala,-19.30847,147.61842,2015-08-04 11:45:00,3.85851,BPZ
NRSYON20150923,655,Yongala,-19.30847,147.61842,2015-09-23 13:11:00,5.25007,BPZ
NRSYON20151027,656,Yongala,-19.30847,147.61842,2015-10-27 10:10:00,7.42626,BPZ
NRSYON20160122,687,Yongala,-19.30847,147.61842,2016-01-22 10:39:00,25.36628,BPZ
NRSYON20160601,708,Yongala,-19.30847,147.61842,2016-06-01 10:46:00,26.38637,BPZ
NRSYON20160725,717,Yongala,-19.30847,147.61842,2016-07-25 10:25:00,12.14589,BPZ
NRSYON20170528,782,Yongala,-19.30847,147.61842,2017-05-29 08:11:00,17.97864,BPZ
NRSYON20181213,881,Yongala,-19.30847,147.61842,2018-12-13 10:30:00,12.27809,BPZ
NRSYON20190826,990,Yongala,-19.30847,147.61842,2019-08-26 10:40:00,9.68951,BPZ
NRSYON20190917,991,Yongala,-19.30847,147.61842,2019-09-17 10:10:00,8.16889,BPZ
NRSDAR20160201_2130,691,Darwin,-12.4,130.76805,2016-02-02 07:00:00,20.39276,BPZ
NRSDAR20160202_0030,692,Darwin,-12.4,130.76805,2016-02-02 10:00:00,9.07654,BPZ
NRSDAR20200203_2130,1006,Darwin,-12.4,130.76805,2020-02-04 07:00:00,60.1174,BPZ
NRSDAR20120114_23:35,160,Darwin,-12.4,130.76805,2012-01-15 09:05:00,26.32359,BPZ
NRSDAR20130617_11:30,419,Darwin,-12.4,130.76805,2013-06-17 21:00:00,23.55495,BPZ
NRSDAR20130617_18:30,430,Darwin,-12.4,130.76805,2013-06-18 04:00:00,19.49395,BPZ
NRSDAR20130405,394,Darwin,-12.4,130.76805,2013-04-05 09:40:00,3.21636,BPZ
NRSDAR20140702,495,Darwin,-12.4,130.76805,2014-07-03 09:08:00,31.04592,BZ
NRSDAR20171009,808,Darwin,-12.4,130.76805,2017-10-10 07:57:00,87.81119,BPZ
NRSDAR20201123,1137,Darwin,-12.4,130.76805,2020-11-24 07:23:00,(null),BPZ
NRSESP20090917,135,Esperance,-33.93333,121.85,2009-09-17 09:40:00,7.84276,BPZ
NRSESP20100322,106,Esperance,-33.93333,121.85,2010-03-22 09:40:00,12.27495,BPZ
NRSESP20100629,88,Esperance,-33.93333,121.85,2010-06-29 10:05:00,7.15122,BPZ
NRSESP20110120,90,Esperance,-33.93333,121.85,2011-01-20 08:50:00,3.66205,BPZ
NRSESP20120229,95,Esperance,-33.93333,121.85,2012-02-29 10:00:00,(null),P
NRSKAI20091115,175,Kangaroo Island,-35.83217,136.44733,2009-11-16 08:30:00,3.18268,BPZ
NRSKAI20110427,2,Kangaroo Island,-35.83217,136.44733,2011-04-28 07:35:00,0.00176,BPZ
NRSKAI20111219,172,Kangaroo Island,-35.83217,136.44733,2011-12-20 09:30:00,0.3996,BPZ
NRSKAI20141201,547,Kangaroo Island,-35.83217,136.44733,2014-12-02 06:05:00,45.93323,BFPZ
NRSKAI20170908,792,Kangaroo Island,-35.83217,136.44733,2017-09-08 15:00:00,8.16535,BFPZ
NRSKAI20190320,910,Kangaroo Island,-35.83217,136.44733,2019-03-20 13:40:00,12.09774,BFPZ
NRSMAI20090506,32,Maria Island,-42.59667,148.23333,2009-05-06 11:20:00,4.04466,BPZ
NRSMAI20100120,105,Maria Island,-42.59667,148.23333,2010-01-21 10:50:00,7.67381,BPZ
NRSMAI20100505,153,Maria Island,-42.59667,148.23333,2010-05-05 11:30:00,8.77006,BPZ
NRSMAI20110118,155,Maria Island,-42.59667,148.23333,2011-01-19 10:30:00,10.45424,BPZ
NRSMAI20130214,399,Maria Island,-42.59667,148.23333,2013-02-14 11:00:00,9.89238,BPZ
NRSMAI20130313,397,Maria Island,-42.59667,148.23333,2013-03-14 10:00:00,4.51764,BPZ
NRSMAI20130924,447,Maria Island,-42.59667,148.23333,2013-09-24 11:40:00,0.21723,BPZ
NRSMAI20140619,493,Maria Island,-42.59667,148.23333,2014-06-19 11:30:00,1.29193,BPZ
NRSMAI20141029,535,Maria Island,-42.59667,148.23333,2014-10-30 09:27:00,11.66984,BPZ
NRSMAI20160209,675,Maria Island,-42.59667,148.23333,2016-02-10 10:45:00,4.24358,BFPZ
NRSMAI20160630,697,Maria Island,-42.59667,148.23333,2016-07-01 09:30:00,0.40078,BFPZ
NRSMAI20171217,834,Maria Island,-42.59667,148.23333,2017-12-18 09:40:00,13.98024,BFPZ
NRSMAI20200223,1024,Maria Island,-42.59667,148.23333,2020-02-24 10:30:00,8.65219,BPZ
NRSMAI20200628,1054,Maria Island,-42.59667,148.23333,2020-06-29 09:45:00,1.33908,BPZ
NRSNIN20110501,147,Ningaloo,-21.99,113.779,2011-05-01 08:24:00,15.26274,BPZ
NRSNIN20130209,386,Ningaloo,-21.99,113.779,2013-02-09 09:22:00,49.52259,BPZ
NRSNIN20130509,436,Ningaloo,-21.99,113.779,2013-05-09 10:20:00,13.16924,BPZ
NRSNSI20090114,288,North Stradbroke,-27.345,153.562,2009-01-14 10:30:00,18.88393,BZ
NRSNSI20090416,291,North Stradbroke,-27.345,153.562,2009-04-16 10:30:00,10.14601,BZ
NRSNSI20090819,295,North Stradbroke,-27.345,153.562,2009-08-20 08:45:00,52.6847,BZ
NRSNSI20100618,87,North Stradbroke,-27.345,153.562,2010-06-18 12:30:00,21.73871,BPZ
NRSNSI20110119,167,North Stradbroke,-27.345,153.562,2011-01-19 10:00:00,13.66304,BPZ
NRSNSI20110816,130,North Stradbroke,-27.345,153.562,2011-08-16 10:00:00,16.5371,BPZ
NRSNSI20110915,200,North Stradbroke,-27.345,153.562,2011-09-15 11:10:00,9.29087,BPZ
NRSNSI20120511,297,North Stradbroke,-27.345,153.562,2012-05-11 10:05:00,12.21637,BPZ
NRSNSI20120912,301,North Stradbroke,-27.345,153.562,2012-09-12 10:20:00,19.01896,BPZ
NRSNSI20130819,416,North Stradbroke,-27.345,153.562,2013-08-19 10:10:00,5.21446,BPZ
NRSNSI20130913,417,North Stradbroke,-27.345,153.562,2013-09-13 10:25:00,10.28201,BPZ
NRSNSI20131016,451,North Stradbroke,-27.345,153.562,2013-10-16 10:40:00,17.93877,BPZ
NRSNSI20140306,461,North Stradbroke,-27.345,153.562,2014-03-06 10:15:00,23.1468,BPZ
NRSNSI20141107,537,North Stradbroke,-27.345,153.562,2014-11-07 10:35:00,11.34836,BFPZ
NRSNSI20150119,540,North Stradbroke,-27.345,153.562,2015-01-19 10:35:00,12.58286,BFPZ
NRSNSI20151216,673,North Stradbroke,-27.345,153.562,2015-12-16 10:30:00,14.55034,BFPZ
NRSNSI20161019,727,North Stradbroke,-27.345,153.562,2016-10-20 09:40:00,13.02007,BFPZ
NRSNSI20200528,1046,North Stradbroke,-27.345,153.562,2020-05-28 11:00:00,8.07566,BFPZ
NRSPHB20090623,47,Port Hacking,-34.11923,151.22667,2009-06-24 09:10:00,3.38425,BPZ
NRSPHB20100218,61,Port Hacking,-34.11923,151.22667,2010-02-19 09:05:00,26.51177,BZ
NRSPHB20100609,145,Port Hacking,-34.11923,151.22667,2010-06-09 10:53:00,9.82035,BZ
NRSPHB20110420,4,Port Hacking,-34.11923,151.22667,2011-04-21 09:36:00,0.60824,BPZ
NRSPHB20110517,76,Port Hacking,-34.11923,151.22667,2011-05-18 09:25:00,0.19449,BPZ
NRSPHB20110829,198,Port Hacking,-34.11923,151.22667,2011-08-29 10:03:00,3.56814,BPZ
NRSPHB20120311,62,Port Hacking,-34.11923,151.22667,2012-03-12 09:00:00,4.44161,BPZ
NRSPHB20120917,382,Port Hacking,-34.11923,151.22667,2012-09-18 09:38:00,54.31784,BPZ
NRSPHB20121218,410,Port Hacking,-34.11923,151.22667,2012-12-19 09:31:00,2.48249,BPZ
NRSPHB20130319,431,Port Hacking,-34.11923,151.22667,2013-03-20 09:27:00,2.04045,BPZ
NRSPHB20130915,424,Port Hacking,-34.11923,151.22667,2013-09-16 08:15:00,4.36538,BPZ
NRSPHB20131020,475,Port Hacking,-34.11923,151.22667,2013-10-21 09:36:00,4.60782,BPZ
NRSPHB20131027,476,Port Hacking,-34.11923,151.22667,2013-10-28 10:17:00,8.93981,BPZ
NRSPHB20140120,478,Port Hacking,-34.11923,151.22667,2014-01-21 09:43:00,4.40034,BPZ
NRSPHB20140824,517,Port Hacking,-34.11923,151.22667,2014-08-25 09:57:00,5.10997,BPZ
NRSPHB20160615,715,Port Hacking,-34.11923,151.22667,2016-06-15 11:06:00,3.7591,BFPZ
NRSPHB20170716,774,Port Hacking,-34.11923,151.22667,2017-07-17 09:42:00,5.80663,BFPZ
NRSPHB20180528,844,Port Hacking,-34.11923,151.22667,2018-05-29 09:50:00,17.22186,BPZ
NRSPHB20180905,874,Port Hacking,-34.11923,151.22667,2018-09-05 10:50:00,50.6825,BFPZ
NRSPHB20190626,909,Port Hacking,-34.11923,151.22667,2019-06-27 09:38:00,1.57366,BFPZ
NRSPHB20200224,1014,Port Hacking,-34.11923,151.22667,2020-02-25 08:52:00,2.93868,BPZ
NRSROT20101124,51,Rottnest Island,-32,115.41667,2010-11-24 11:07:00,10.92329,BPZ
NRSROT20120130,57,Rottnest Island,-32,115.41667,2012-01-30 11:09:00,13.79949,BPZ
NRSROT20120329,74,Rottnest Island,-32,115.41667,2012-03-29 10:03:00,18.98609,BPZ
NRSROT20120523,359,Rottnest Island,-32,115.41667,2012-05-23 12:22:00,15.18259,BPZ
NRSROT20121019,388,Rottnest Island,-32,115.41667,2012-10-19 09:54:00,13.86236,BPZ
NRSROT20121126,389,Rottnest Island,-32,115.41667,2012-11-26 11:02:00,11.11189,BPZ
NRSROT20130517,442,Rottnest Island,-32,115.41667,2013-05-17 10:00:00,14.39674,BPZ
NRSROT20140122,482,Rottnest Island,-32,115.41667,2014-01-22 10:10:00,15.87413,BPZ
NRSROT20140902,532,Rottnest Island,-32,115.41667,2014-09-02 11:55:00,11.26906,BPZ
NRSROT20141014,534,Rottnest Island,-32,115.41667,2014-10-14 11:52:00,6.60898,BPZ
NRSROT20141119,539,Rottnest Island,-32,115.41667,2014-11-19 10:16:00,9.80738,BPZ
NRSROT20151215,671,Rottnest Island,-32,115.41667,2015-12-15 08:22:00,7.35554,BPZ
NRSROT20160413,699,Rottnest Island,-32,115.41667,2016-04-13 09:30:00,28.77776,BFPZ
NRSROT20160502,701,Rottnest Island,-32,115.41667,2016-05-02 09:44:00,12.73074,BFPZ
NRSROT20170626,778,Rottnest Island,-32,115.41667,2017-06-26 09:46:00,13.58731,BFPZ
NRSROT20170914,798,Rottnest Island,-32,115.41667,2017-09-14 09:45:00,4.74652,BFPZ
NRSROT20180221,821,Rottnest Island,-32,115.41667,2018-02-21 10:05:00,19.60691,BFPZ
NRSROT20181130,876,Rottnest Island,-32,115.41667,2018-11-30 09:33:00,11.40266,BFPZ
NRSROT20190221,890,Rottnest Island,-32,115.41667,2019-02-21 09:30:00,8.74649,BFPZ
NRSROT20190819,985,Rottnest Island,-32,115.41667,2019-08-19 08:31:00,13.23044,BFPZ
NRSROT20191126,996,Rottnest Island,-32,115.41667,2019-11-26 09:30:00,6.68364,BPZ
NRSYON20091215,20,Yongala,-19.30847,147.61842,2009-12-15 11:25:00,20.24188,PZ
NRSYON20100119,16,Yongala,-19.30847,147.61842,2010-01-19 10:45:00,43.76873,BPZ
NRSYON20101208,125,Yongala,-19.30847,147.61842,2010-12-08 10:45:00,9.08561,BPZ
NRSYON20120615,309,Yongala,-19.30847,147.61842,2012-06-15 10:41:00,25.84232,BPZ
NRSYON20130131,403,Yongala,-19.30847,147.61842,2013-01-31 10:15:00,80.53284,BPZ
NRSYON20130611,425,Yongala,-19.30847,147.61842,2013-06-11 13:34:00,37.72979,BPZ
NRSYON20130808,427,Yongala,-19.30847,147.61842,2013-08-08 10:58:00,9.79288,BPZ
NRSYON20140820,526,Yongala,-19.30847,147.61842,2014-08-20 11:15:00,7.43986,BPZ
NRSYON20151203,686,Yongala,-19.30847,147.61842,2015-12-03 11:00:00,9.004,BPZ
NRSYON20160321,689,Yongala,-19.30847,147.61842,2016-03-21 10:31:00,16.68356,BPZ
NRSYON20160823,718,Yongala,-19.30847,147.61842,2016-08-23 10:19:00,13.34279,BPZ
NRSYON20170426,781,Yongala,-19.30847,147.61842,2017-04-26 10:20:00,29.87481,BPZ
NRSYON20171025,812,Yongala,-19.30847,147.61842,2017-10-26 09:56:00,17.73599,BPZ
NRSYON20180817,856,Yongala,-19.30847,147.61842,2018-08-17 10:23:00,21.81908,BPZ
NRSDAR20180208_2130,810,Darwin,-12.4,130.76805,2018-02-09 07:00:00,56.75541,BPZ
NRSDAR20180731_0630,854,Darwin,-12.4,130.76805,2018-07-31 16:00:00,25.93889,BPZ
NRSDAR20190214_0330,894,Darwin,-12.4,130.76805,2019-02-14 13:00:00,10.98338,BPZ
NRSDAR20190214_0630,895,Darwin,-12.4,130.76805,2019-02-14 16:00:00,8.17513,BPZ
NRSDAR20190723_0630,979,Darwin,-12.4,130.76805,2019-07-23 16:00:00,33.24138,BPZ
NRSDAR20200204_0030,1007,Darwin,-12.4,130.76805,2020-02-04 10:00:00,74.89921,BPZ
NRSDAR20200204_0330,1008,Darwin,-12.4,130.76805,2020-02-04 13:00:00,59.0357,BPZ
NRSDAR20121209_03:00,371,Darwin,-12.4,130.76805,2012-12-09 12:30:00,12.86546,BPZ
NRSDAR20140117_21:30,465,Darwin,-12.4,130.76805,2014-01-18 07:00:00,36.83664,BZ
NRSDAR20140118_00:30,466,Darwin,-12.4,130.76805,2014-01-18 10:00:00,606.52675,BZ
NRSDAR20140906_00:30,506,Darwin,-12.4,130.76805,2014-09-06 10:00:00,43.22345,BZ
NRSDAR20121029,380,Darwin,-12.4,130.76805,2012-10-30 07:51:00,47.87781,BPZ
NRSDAR20141130,542,Darwin,-12.4,130.76805,2014-12-01 07:18:00,28.52629,BZ
NRSDAR20150505,623,Darwin,-12.4,130.76805,2015-05-06 08:24:00,30.54985,BZ
NRSDAR20161107,751,Darwin,-12.4,130.76805,2016-11-08 08:11:00,22.03568,BPZ
NRSDAR20180509,840,Darwin,-12.4,130.76805,2018-05-10 07:02:00,16.84171,BPZ
NRSDAR20181030,866,Darwin,-12.4,130.76805,2018-10-31 08:26:00,(null),P
NRSESP20090512,33,Esperance,-33.93333,121.85,2009-05-12 12:10:00,23.95266,BPZ
NRSESP20130725,435,Esperance,-33.93333,121.85,2013-07-25 09:57:00,5.85457,BPZ
NRSKAI20100112,123,Kangaroo Island,-35.83217,136.44733,2010-01-13 07:00:00,12.34528,BPZ
NRSKAI20110123,189,Kangaroo Island,-35.83217,136.44733,2011-01-24 07:40:00,(null),P
NRSKAI20130423,401,Kangaroo Island,-35.83217,136.44733,2013-04-23 13:16:00,1.79998,BZ
NRSKAI20140122,497,Kangaroo Island,-35.83217,136.44733,2014-01-22 15:15:00,40.46962,BPZ
NRSKAI20151116,663,Kangaroo Island,-35.83217,136.44733,2015-11-17 09:50:00,6.52097,BFPZ
NRSKAI20160223,683,Kangaroo Island,-35.83217,136.44733,2016-02-24 07:55:00,14.23721,BPZ
NRSKAI20170315,753,Kangaroo Island,-35.83217,136.44733,2017-03-15 12:27:00,33.89914,BFPZ
NRSMAI20090820,67,Maria Island,-42.59667,148.23333,2009-08-20 11:30:00,1.94055,BPZ
NRSMAI20091111,37,Maria Island,-42.59667,148.23333,2009-11-11 11:30:00,32.52086,BPZ
NRSMAI20100615,86,Maria Island,-42.59667,148.23333,2010-06-15 11:10:00,2.14389,BPZ
NRSMAI20110328,44,Maria Island,-42.59667,148.23333,2011-03-29 10:30:00,8.9292,BPZ
NRSMAI20111026,150,Maria Island,-42.59667,148.23333,2011-10-26 11:00:00,14.92326,BPZ
NRSMAI20120326,117,Maria Island,-42.59667,148.23333,2012-03-27 10:40:00,3.88994,BPZ
NRSMAI20120412,7,Maria Island,-42.59667,148.23333,2012-04-12 10:45:00,2.34723,BPZ
NRSMAI20121002,365,Maria Island,-42.59667,148.23333,2012-10-02 10:15:00,11.35158,BPZ
NRSMAI20130424,398,Maria Island,-42.59667,148.23333,2013-04-24 10:50:00,8.31689,BPZ
NRSMAI20130611,445,Maria Island,-42.59667,148.23333,2013-06-11 11:55:00,2.9926,BPZ
NRSMAI20140807,499,Maria Island,-42.59667,148.23333,2014-08-07 12:00:00,0.18565,BPZ
NRSMAI20140915,531,Maria Island,-42.59667,148.23333,2014-09-16 09:20:00,21.9346,BPZ
NRSMAI20160303,676,Maria Island,-42.59667,148.23333,2016-03-04 10:15:00,9.8121,BFPZ
NRSMAI20160321,677,Maria Island,-42.59667,148.23333,2016-03-22 10:11:00,6.08246,BFPZ
NRSMAI20170104,736,Maria Island,-42.59667,148.23333,2017-01-05 09:45:00,10.92486,BFPZ
NRSMAI20180605,838,Maria Island,-42.59667,148.23333,2018-06-06 09:30:00,17.10634,BPZ
NRSMAI20181018,860,Maria Island,-42.59667,148.23333,2018-10-19 08:45:00,3.50331,BFPZ
NRSNSI20081217,287,North Stradbroke,-27.345,153.562,2008-12-17 11:00:00,32.91347,BZ
NRSNSI20100121,124,North Stradbroke,-27.345,153.562,2010-01-22 09:50:00,33.64645,BPZ
NRSNSI20100322,69,North Stradbroke,-27.345,153.562,2010-03-23 09:15:00,41.88929,BPZ
NRSNSI20100520,180,North Stradbroke,-27.345,153.562,2010-05-21 08:21:00,15.907,BPZ
NRSNSI20120213,116,North Stradbroke,-27.345,153.562,2012-02-14 08:00:00,6.75115,BPZ
NRSNSI20130520,407,North Stradbroke,-27.345,153.562,2013-05-20 10:05:00,11.20691,BPZ
NRSNSI20140507,484,North Stradbroke,-27.345,153.562,2014-05-07 10:25:00,9.94026,BPZ
NRSNSI20140917,498,North Stradbroke,-27.345,153.562,2014-09-17 10:30:00,20.42062,BFPZ
NRSNSI20150304,563,North Stradbroke,-27.345,153.562,2015-03-04 10:30:00,6.30107,BFPZ
NRSNSI20151027,644,North Stradbroke,-27.345,153.562,2015-10-27 10:50:00,4.89297,BFPZ
NRSNSI20160412,680,North Stradbroke,-27.345,153.562,2016-04-12 10:45:00,7.38126,BFPZ
NRSNSI20171023,795,North Stradbroke,-27.345,153.562,2017-10-23 10:25:00,11.76886,BFPZ
NRSNSI20190322,899,North Stradbroke,-27.345,153.562,2019-03-22 10:50:00,16.11918,BFPZ
NRSNSI20190618,902,North Stradbroke,-27.345,153.562,2019-06-18 10:00:00,5.00871,BFPZ
NRSNSI20190821,974,North Stradbroke,-27.345,153.562,2019-08-21 10:40:00,10.04314,BFPZ
NRSNSI20190916,975,North Stradbroke,-27.345,153.562,2019-09-16 10:20:00,8.55788,BFPZ
NRSNSI20200817,1074,North Stradbroke,-27.345,153.562,2020-08-18 09:50:00,12.16493,BPZ
NRSPHB20100908,126,Port Hacking,-34.11923,151.22667,2010-09-09 09:30:00,67.34917,BPZ
NRSPHB20110228,113,Port Hacking,-34.11923,151.22667,2011-03-01 09:30:00,1.35087,BPZ
NRSPHB20130826,423,Port Hacking,-34.11923,151.22667,2013-08-27 09:30:00,14.99107,BPZ
NRSPHB20141021,536,Port Hacking,-34.11923,151.22667,2014-10-22 09:30:00,8.0239,BFPZ
NRSPHB20141112,549,Port Hacking,-34.11923,151.22667,2014-11-13 09:36:00,5.67246,BPZ
NRSPHB20141208,545,Port Hacking,-34.11923,151.22667,2014-12-09 09:51:00,2.95599,BPZ
NRSPHB20150723,647,Port Hacking,-34.11923,151.22667,2015-07-23 10:07:00,3.64096,BFPZ
NRSPHB20181218,884,Port Hacking,-34.11923,151.22667,2018-12-19 09:40:00,9.88754,BFPZ
NRSPHB20190827,981,Port Hacking,-34.11923,151.22667,2019-08-28 09:59:00,16.61715,BFPZ
NRSPHB20200922,1140,Port Hacking,-34.11923,151.22667,2020-09-23 09:19:00,9.45423,BPZ
NRSROT20091222,104,Rottnest Island,-32,115.41667,2009-12-22 10:00:00,9.13155,BPZ
NRSROT20100924,42,Rottnest Island,-32,115.41667,2010-09-24 12:22:00,6.64041,BPZ
NRSROT20110826,115,Rottnest Island,-32,115.41667,2011-08-26 09:43:00,8.27498,BPZ
NRSROT20120824,361,Rottnest Island,-32,115.41667,2012-08-24 11:06:00,8.55003,BPZ
NRSROT20120928,387,Rottnest Island,-32,115.41667,2012-09-28 11:41:00,14.89182,BPZ
NRSROT20131017,460,Rottnest Island,-32,115.41667,2013-10-17 08:00:00,9.29658,BPZ
NRSROT20140227,491,Rottnest Island,-32,115.41667,2014-02-27 12:39:00,22.25522,BPZ
NRSROT20141216,556,Rottnest Island,-32,115.41667,2014-12-16 09:37:00,10.51465,BZ
NRSROT20150701,635,Rottnest Island,-32,115.41667,2015-07-01 09:46:00,16.5421,BZ
NRSROT20151022,670,Rottnest Island,-32,115.41667,2015-10-22 09:36:00,5.96458,BPZ
NRSROT20160722,719,Rottnest Island,-32,115.41667,2016-07-22 13:20:00,20.89571,BFZ
NRSROT20161004,720,Rottnest Island,-32,115.41667,2016-10-04 10:38:00,19.42617,BFPZ
NRSROT20170523,777,Rottnest Island,-32,115.41667,2017-05-23 09:53:00,10.49893,BFPZ
NRSROT20180921,863,Rottnest Island,-32,115.41667,2018-09-21 09:27:00,4.99799,BFPZ
NRSROT20191218,1015,Rottnest Island,-32,115.41667,2019-12-18 09:15:00,17.38296,BPZ
NRSYON20091123,170,Yongala,-19.30847,147.61842,2009-11-23 11:45:00,24.45499,BPZ
NRSYON20100817,89,Yongala,-19.30847,147.61842,2010-08-17 10:15:00,7.41266,BPZ
NRSYON20110414,28,Yongala,-19.30847,147.61842,2011-04-14 11:27:00,25.74711,BPZ
NRSYON20110616,148,Yongala,-19.30847,147.61842,2011-06-16 11:25:00,16.96072,BPZ
NRSYON20110908,173,Yongala,-19.30847,147.61842,2011-09-08 11:00:00,25.53836,BPZ
NRSYON20111213,18,Yongala,-19.30847,147.61842,2011-12-13 12:55:00,12.17309,BPZ
NRSYON20130416,405,Yongala,-19.30847,147.61842,2013-04-16 11:35:00,32.22129,BPZ
NRSYON20131205,471,Yongala,-19.30847,147.61842,2013-12-05 11:26:00,191.84525,BPZ
NRSYON20140220,473,Yongala,-19.30847,147.61842,2014-02-20 10:48:00,12.49952,BPZ
NRSYON20140317,474,Yongala,-19.30847,147.61842,2014-03-17 14:07:00,25.80152,BPZ
NRSYON20150430,629,Yongala,-19.30847,147.61842,2015-04-30 12:10:00,6.59659,BPZ
NRSYON20151111,665,Yongala,-19.30847,147.61842,2015-11-11 10:45:00,11.49303,BPZ
NRSYON20160927,731,Yongala,-19.30847,147.61842,2016-09-27 10:33:00,11.69705,BPZ
NRSYON20170120,745,Yongala,-19.30847,147.61842,2017-01-20 10:00:00,21.88436,BPZ
NRSYON20181123,880,Yongala,-19.30847,147.61842,2018-11-23 10:05:00,18.65761,BPZ
NRSYON20190507,914,Yongala,-19.30847,147.61842,2019-05-07 11:30:00,36.64169,BPZ
NRSYON20190528,913,Yongala,-19.30847,147.61842,2019-05-28 10:25:00,23.97623,BPZ
NRSYON20200116,1020,Yongala,-19.30847,147.61842,2020-01-16 10:05:00,10.50014,BPZ
NRSDAR20160202_0330,693,Darwin,-12.4,130.76805,2016-02-02 13:00:00,60.30352,BPZ
NRSDAR20180730_2130,851,Darwin,-12.4,130.76805,2018-07-31 07:03:00,97.76151,BPZ
NRSDAR20180731_0330,853,Darwin,-12.4,130.76805,2018-07-31 13:00:00,207.90013,BPZ
NRSDAR20200921_2130,1089,Darwin,-12.4,130.76805,2020-09-22 07:00:00,457.0784,BPZ
NRSDAR20200922_0030,1090,Darwin,-12.4,130.76805,2020-09-22 10:00:00,60.57207,BPZ
NRSDAR20120729_16:30,204,Darwin,-12.4,130.76805,2012-07-30 02:00:00,57.75986,BPZ
NRSDAR20120730_01:30,207,Darwin,-12.4,130.76805,2012-07-30 11:00:00,30.95885,BZ
NRSDAR20140117_19:50,468,Darwin,-12.4,130.76805,2014-01-18 05:20:00,1.44399,BZ
NRSDAR20140906_03:30,507,Darwin,-12.4,130.76805,2014-09-06 13:00:00,30.50458,BZ
NRSDAR20140906_06:30,510,Darwin,-12.4,130.76805,2014-09-06 16:00:00,32.76988,BZ
NRSDAR20150203_03:30,551,Darwin,-12.4,130.76805,2015-02-03 13:00:00,26.79564,BZ
NRSDAR20150203_06:30,552,Darwin,-12.4,130.76805,2015-02-03 16:00:00,32.54827,BZ
NRSESP20091216,50,Esperance,-33.93333,121.85,2009-12-16 09:45:00,7.3241,BPZ
NRSESP20121212,383,Esperance,-33.93333,121.85,2012-12-12 09:10:00,5.80741,BPZ
NRSKAI20090114,176,Kangaroo Island,-35.83217,136.44733,2009-01-15 08:00:00,(null),P
NRSKAI20100315,68,Kangaroo Island,-35.83217,136.44733,2010-03-16 06:00:00,(null),P
NRSKAI20110319,55,Kangaroo Island,-35.83217,136.44733,2011-03-20 09:40:00,0.31826,BPZ
NRSKAI20120415,59,Kangaroo Island,-35.83217,136.44733,2012-04-15 10:42:00,1.77876,BPZ
NRSKAI20150408,625,Kangaroo Island,-35.83217,136.44733,2015-04-09 07:11:00,1.01138,BFPZ
NRSKAI20160525,695,Kangaroo Island,-35.83217,136.44733,2016-05-26 07:35:00,7.49427,BPZ
NRSMAI20090601,177,Maria Island,-42.59667,148.23333,2009-06-01 11:20:00,36.12348,BPZ
NRSMAI20091013,49,Maria Island,-42.59667,148.23333,2009-10-13 11:00:00,10.30836,BPZ
NRSMAI20120621,280,Maria Island,-42.59667,148.23333,2012-06-21 11:00:00,1.32611,BZ
NRSMAI20120820,283,Maria Island,-42.59667,148.23333,2012-08-20 11:15:00,1.94939,BPZ
NRSMAI20130129,392,Maria Island,-42.59667,148.23333,2013-01-30 10:33:00,18.95908,BPZ
NRSMAI20140408,486,Maria Island,-42.59667,148.23333,2014-04-08 11:03:00,4.68447,BPZ
NRSMAI20140703,494,Maria Island,-42.59667,148.23333,2014-07-03 11:30:00,0.70254,BPZ
NRSMAI20140821,529,Maria Island,-42.59667,148.23333,2014-08-21 11:50:00,1.15048,BPZ
NRSMAI20150312,561,Maria Island,-42.59667,148.23333,2015-03-13 09:33:00,1.3768,BPZ
NRSMAI20150811,651,Maria Island,-42.59667,148.23333,2015-08-12 09:35:00,1.36737,BFPZ
NRSMAI20170223,737,Maria Island,-42.59667,148.23333,2017-02-24 08:50:00,17.28552,BFPZ
NRSMAI20170626,765,Maria Island,-42.59667,148.23333,2017-06-27 09:25:00,0.74969,BPZ
NRSMAI20180418,819,Maria Island,-42.59667,148.23333,2018-04-19 09:30:00,21.11889,BFPZ
NRSMAI20180711,839,Maria Island,-42.59667,148.23333,2018-07-12 08:40:00,6.27107,BPZ
NRSMAI20190106,878,Maria Island,-42.59667,148.23333,2019-01-07 08:50:00,18.43747,BFPZ
NRSMAI20190731,915,Maria Island,-42.59667,148.23333,2019-07-31 10:20:00,8.99167,BFPZ
NRSMAI20190925,972,Maria Island,-42.59667,148.23333,2019-09-25 10:03:00,9.08597,BPZ
NRSMAI20200526,1053,Maria Island,-42.59667,148.23333,2020-05-26 10:10:00,8.75592,BPZ
NRSNIN20101108,6,Ningaloo,-21.99,113.779,2010-11-08 15:00:00,33.15651,BPZ
NRSNIN20111107,92,Ningaloo,-21.99,113.779,2011-11-07 10:00:00,18.36056,BPZ
NRSNSI20090527,292,North Stradbroke,-27.345,153.562,2009-05-27 12:03:00,11.05903,BZ
NRSNSI20090916,165,North Stradbroke,-27.345,153.562,2009-09-17 08:30:00,15.22545,BPZ
NRSNSI20091021,137,North Stradbroke,-27.345,153.562,2009-10-22 09:20:00,19.10254,BPZ
NRSNSI20091215,66,North Stradbroke,-27.345,153.562,2009-12-16 09:00:00,25.58365,BPZ
NRSNSI20101215,162,North Stradbroke,-27.345,153.562,2010-12-16 08:30:00,12.00419,BPZ
NRSNSI20110412,98,North Stradbroke,-27.345,153.562,2011-04-13 09:25:00,9.83739,BPZ
NRSNSI20110623,131,North Stradbroke,-27.345,153.562,2011-06-23 10:25:00,6.53897,BPZ
NRSNSI20110727,101,North Stradbroke,-27.345,153.562,2011-07-28 09:30:00,6.35251,BPZ
NRSNSI20130123,377,North Stradbroke,-27.345,153.562,2013-01-23 10:15:00,11.32264,BPZ
NRSNSI20130706,413,North Stradbroke,-27.345,153.562,2013-07-07 09:40:00,5.25946,BPZ
NRSNSI20130806,415,North Stradbroke,-27.345,153.562,2013-08-06 10:15:00,13.50873,BPZ
NRSNSI20140725,492,North Stradbroke,-27.345,153.562,2014-07-25 10:35:00,12.31924,BPZ
NRSNSI20150323,564,North Stradbroke,-27.345,153.562,2015-03-23 11:40:00,16.22205,BFPZ
NRSNSI20150528,618,North Stradbroke,-27.345,153.562,2015-05-28 10:15:00,9.39374,BFPZ
NRSNSI20160318,679,North Stradbroke,-27.345,153.562,2016-03-18 10:30:00,14.54391,BFPZ
NRSNSI20170117,734,North Stradbroke,-27.345,153.562,2017-01-17 10:30:00,12.67287,BFPZ
NRSNSI20170516,766,North Stradbroke,-27.345,153.562,2017-05-16 10:20:00,10.49964,BFPZ
NRSNSI20170627,767,North Stradbroke,-27.345,153.562,2017-06-27 10:20:00,9.23943,BFPZ
NRSNSI20200122,1003,North Stradbroke,-27.345,153.562,2020-01-22 10:35:00,22.25308,BFPZ
NRSNSI20200720,1073,North Stradbroke,-27.345,153.562,2020-07-20 10:30:00,17.12863,BPZ
NRSPHB20091018,121,Port Hacking,-34.11923,151.22667,2009-10-19 09:55:00,19.84935,BBPZZ
NRSPHB20100702,181,Port Hacking,-34.11923,151.22667,2010-07-02 11:35:00,56.22745,BPZ
NRSPHB20110717,196,Port Hacking,-34.11923,151.22667,2011-07-18 09:38:00,0.41374,BPZ
NRSPHB20140612,515,Port Hacking,-34.11923,151.22667,2014-06-13 09:20:00,11.32329,BPZ
NRSPHB20150225,560,Port Hacking,-34.11923,151.22667,2015-02-26 09:37:00,7.26713,BPZ
NRSPHB20150819,650,Port Hacking,-34.11923,151.22667,2015-08-19 10:03:00,4.91194,BFPZ
NRSPHB20160719,729,Port Hacking,-34.11923,151.22667,2016-07-19 10:19:00,6.17087,BFPZ
NRSPHB20160829,730,Port Hacking,-34.11923,151.22667,2016-08-30 09:20:00,9.39953,BFPZ
NRSPHB20170205,749,Port Hacking,-34.11923,151.22667,2017-02-06 10:49:00,8.86908,BFPZ
NRSPHB20171211,822,Port Hacking,-34.11923,151.22667,2017-12-12 08:54:00,23.96916,BFPZ
NRSPHB20180326,829,Port Hacking,-34.11923,151.22667,2018-03-27 09:40:00,9.32173,BFPZ
NRSPHB20190408,903,Port Hacking,-34.11923,151.22667,2019-04-09 08:50:00,11.1005,BFPZ
NRSPHB20191028,998,Port Hacking,-34.11923,151.22667,2019-10-29 09:30:00,6.02588,BFPZ
NRSPHB20201110,1142,Port Hacking,-34.11923,151.22667,2020-11-11 08:40:00,(null),BPZ
NRSROT20100617,17,Rottnest Island,-32,115.41667,2010-06-17 10:05:00,15.62266,BPZ
NRSROT20110125,128,Rottnest Island,-32,115.41667,2011-01-25 09:10:00,4.51077,BPZ
NRSROT20111122,163,Rottnest Island,-32,115.41667,2011-11-22 15:08:00,9.37517,BPZ
NRSROT20120504,358,Rottnest Island,-32,115.41667,2012-05-04 13:00:00,13.42229,BPZ
NRSROT20140519,520,Rottnest Island,-32,115.41667,2014-05-19 12:22:00,6.82902,BPZ
NRSROT20140624,521,Rottnest Island,-32,115.41667,2014-06-24 13:16:00,16.49495,BPZ
NRSROT20170407,775,Rottnest Island,-32,115.41667,2017-04-07 09:28:00,46.35719,BFPZ
NRSROT20190507,905,Rottnest Island,-32,115.41667,2019-05-07 09:40:00,25.84655,BFPZ
NRSROT20190711,984,Rottnest Island,-32,115.41667,2019-07-11 09:26:00,13.73013,BFPZ
NRSROT20201127,1145,Rottnest Island,-32,115.41667,2020-11-27 09:05:00,(null),BPZ
NRSYON20090909,48,Yongala,-19.30847,147.61842,2009-09-09 10:40:00,17.25995,BPZ
NRSYON20110527,45,Yongala,-19.30847,147.61842,2011-05-27 10:50:00,14.4581,BPZ
NRSYON20120208,14,Yongala,-19.30847,147.61842,2012-02-08 10:49:00,39.13071,BPZ
NRSYON20120816,311,Yongala,-19.30847,147.61842,2012-08-16 00:00:00,4.13477,BPZ
NRSYON20131015,469,Yongala,-19.30847,147.61842,2013-10-15 11:40:00,50.56934,BPZ
NRSYON20140122,472,Yongala,-19.30847,147.61842,2014-01-22 10:00:00,9.35764,BPZ
NRSYON20140527,523,Yongala,-19.30847,147.61842,2014-05-27 12:12:00,17.02873,BPZ
NRSYON20140624,524,Yongala,-19.30847,147.61842,2014-06-24 10:53:00,1.27851,BPZ
NRSYON20150601,630,Yongala,-19.30847,147.61842,2015-06-01 12:55:00,10.48654,BPZ
NRSYON20150618,631,Yongala,-19.30847,147.61842,2015-06-18 10:55:00,17.24635,BPZ
NRSYON20150825,652,Yongala,-19.30847,147.61842,2015-08-25 10:45:00,6.80061,BPZ
NRSYON20160624,709,Yongala,-19.30847,147.61842,2016-06-24 10:00:00,12.20029,BPZ
NRSYON20170705,783,Yongala,-19.30847,147.61842,2017-07-05 10:21:00,22.60414,BPZ
NRSYON20190703,986,Yongala,-19.30847,147.61842,2019-07-03 10:50:00,50.39253,BPZ
NRSYON20200422,1083,Yongala,-19.30847,147.61842,2020-04-22 11:24:00,55.15295,BPZ
NRSDAR20160724_0430,724,Darwin,-12.4,130.76805,2016-07-24 14:00:00,27.8485,BPZ
NRSDAR20170203_0030,759,Darwin,-12.4,130.76805,2017-02-03 10:00:00,64.59674,BPZ
NRSDAR20170714_2130,788,Darwin,-12.4,130.76805,2017-07-15 07:00:00,123.14707,BPZ
NRSDAR20170715_0030,789,Darwin,-12.4,130.76805,2017-07-15 10:00:00,170.11654,BPZ
NRSDAR20180209_0030,811,Darwin,-12.4,130.76805,2018-02-09 10:00:00,42.65144,BPZ
NRSDAR20190213_2130,892,Darwin,-12.4,130.76805,2019-02-14 07:00:00,14.45175,BPZ
NRSDAR20190722_2130,976,Darwin,-12.4,130.76805,2019-07-23 07:00:00,52.76691,BPZ
NRSDAR20120729_22:30,206,Darwin,-12.4,130.76805,2012-07-30 08:00:00,29.32068,BPZ
NRSDAR20121208_20:00,369,Darwin,-12.4,130.76805,2012-12-09 05:30:00,53.57521,BPZ
NRSDAR20150203_00:30,554,Darwin,-12.4,130.76805,2015-02-03 10:00:00,48.44755,BZ
NRSDAR20111005,65,Darwin,-12.4,130.76805,2011-10-05 09:31:00,1.37523,BPZ
NRSDAR20151117,662,Darwin,-12.4,130.76805,2015-11-18 08:16:00,12.2731,BPZ
NRSDAR20191105,1005,Darwin,-12.4,130.76805,2019-11-06 07:38:00,41.06691,BPZ
NRSESP20090623,64,Esperance,-33.93333,121.85,2009-06-23 09:20:00,10.45178,BPZ
NRSESP20110512,27,Esperance,-33.93333,121.85,2011-05-12 10:10:00,14.11383,BPZ
NRSESP20111130,129,Esperance,-33.93333,121.85,2011-11-30 14:38:00,11.21405,BPZ
NRSESP20130314,434,Esperance,-33.93333,121.85,2013-03-14 09:24:00,14.29458,BPZ
NRSKAI20100419,52,Kangaroo Island,-35.83217,136.44733,2010-04-20 07:00:00,0.96541,BPZ
NRSKAI20130506,402,Kangaroo Island,-35.83217,136.44733,2013-05-07 07:55:00,41.55527,BPZ
NRSKAI20200204,1011,Kangaroo Island,-35.83217,136.44733,2020-02-04 14:25:00,12.02701,BPZ
NRSMAI20090421,31,Maria Island,-42.59667,148.23333,2009-04-21 11:45:00,3.13848,BPZ
NRSMAI20091207,152,Maria Island,-42.59667,148.23333,2009-12-07 11:10:00,57.09827,BPZ
NRSMAI20101214,91,Maria Island,-42.59667,148.23333,2010-12-14 11:05:00,26.42513,BPZ
NRSMAI20120119,156,Maria Island,-42.59667,148.23333,2012-01-19 12:00:00,12.92524,BPZ
NRSMAI20140318,485,Maria Island,-42.59667,148.23333,2014-03-19 10:55:00,41.08258,BPZ
NRSMAI20140516,489,Maria Island,-42.59667,148.23333,2014-05-16 10:20:00,7.83501,BPZ
NRSMAI20141127,541,Maria Island,-42.59667,148.23333,2014-11-28 09:30:00,11.00502,BFPZ
NRSMAI20141208,543,Maria Island,-42.59667,148.23333,2014-12-09 10:05:00,4.19053,BFPZ
NRSMAI20150421,626,Maria Island,-42.59667,148.23333,2015-04-21 10:50:00,11.95275,BFPZ
NRSMAI20150526,627,Maria Island,-42.59667,148.23333,2015-05-26 10:35:00,0.70726,BFPZ
NRSMAI20150723,643,Maria Island,-42.59667,148.23333,2015-07-23 10:45:00,2.01334,BFPZ
NRSMAI20160720,698,Maria Island,-42.59667,148.23333,2016-07-21 09:30:00,0.32534,BFPZ
NRSMAI20171123,803,Maria Island,-42.59667,148.23333,2017-11-24 09:50:00,14.23957,BFPZ
NRSMAI20180116,806,Maria Island,-42.59667,148.23333,2018-01-17 10:30:00,51.00785,BFPZ
NRSMAI20190430,897,Maria Island,-42.59667,148.23333,2019-05-01 09:47:00,24.60334,BFPZ
NRSMAI20191121,1000,Maria Island,-42.59667,148.23333,2019-11-22 09:23:00,10.08557,BFPZ
NRSMAI20191210,1001,Maria Island,-42.59667,148.23333,2019-12-11 09:30:00,9.58106,BFPZ
NRSMAI20200928,1149,Maria Island,-42.59667,148.23333,2020-09-29 09:00:00,4.99328,BPZ
NRSMAI20201118,1139,Maria Island,-42.59667,148.23333,2020-11-19 09:45:00,(null),BPZ
NRSNIN20110706,25,Ningaloo,-21.99,113.779,2011-07-06 11:04:00,10.22703,BPZ
NRSNIN20120226,24,Ningaloo,-21.99,113.779,2012-02-26 09:54:00,26.25362,BPZ
NRSNSI20091006,36,North Stradbroke,-27.345,153.562,2009-10-07 09:07:00,38.4237,BPZ
NRSNSI20091115,38,North Stradbroke,-27.345,153.562,2009-11-16 08:20:00,31.31891,BPZ
NRSNSI20101018,187,North Stradbroke,-27.345,153.562,2010-10-18 10:00:00,25.14643,BPZ
NRSNSI20110606,195,North Stradbroke,-27.345,153.562,2011-06-06 10:00:00,5.58095,BPZ
NRSNSI20120229,296,North Stradbroke,-27.345,153.562,2012-03-01 09:45:00,9.09155,BPZ
NRSNSI20120806,299,North Stradbroke,-27.345,153.562,2012-08-06 10:15:00,7.4134,BPZ
NRSNSI20131212,453,North Stradbroke,-27.345,153.562,2013-12-12 10:20:00,11.07831,BPZ
NRSNSI20140213,456,North Stradbroke,-27.345,153.562,2014-02-13 10:20:00,13.02007,BPZ
NRSNSI20140404,483,North Stradbroke,-27.345,153.562,2014-04-04 10:45:00,14.57605,BPZ
NRSNSI20140901,496,North Stradbroke,-27.345,153.562,2014-09-01 10:10:00,9.233,BPZ
NRSNSI20141020,501,North Stradbroke,-27.345,153.562,2014-10-20 10:45:00,6.68685,BFPZ
NRSNSI20150512,617,North Stradbroke,-27.345,153.562,2015-05-12 10:15:00,9.68951,BFPZ
NRSNSI20160623,696,North Stradbroke,-27.345,153.562,2016-06-23 10:30:00,13.65661,BFPZ
NRSNSI20180817,868,North Stradbroke,-27.345,153.562,2018-08-17 10:20:00,11.82416,BFPZ
NRSNSI20181023,871,North Stradbroke,-27.345,153.562,2018-10-23 10:30:00,15.18044,BFPZ
NRSNSI20181115,887,North Stradbroke,-27.345,153.562,2018-11-15 10:40:00,15.10007,BFPZ
NRSNSI20191024,987,North Stradbroke,-27.345,153.562,2019-10-24 10:20:00,11.15547,BFPZ
NRSPHB20090223,169,Port Hacking,-34.11923,151.22667,2009-02-24 09:27:00,140.08416,BPZ
NRSPHB20090318,102,Port Hacking,-34.11923,151.22667,2009-03-19 09:39:00,17.84779,BPZ
NRSPHB20090422,11,Port Hacking,-34.11923,151.22667,2009-04-23 09:38:00,39.05509,BPZ
NRSPHB20091206,81,Port Hacking,-34.11923,151.22667,2009-12-07 09:14:00,65.55979,BPZ
NRSPHB20100413,303,Port Hacking,-34.11923,151.22667,2010-04-14 09:18:00,51.4322,BZ
NRSPHB20110619,15,Port Hacking,-34.11923,151.22667,2011-06-20 09:34:00,1.35087,BPZ
NRSPHB20120717,305,Port Hacking,-34.11923,151.22667,2012-07-17 10:00:00,4.24358,BPZ
NRSPHB20121120,400,Port Hacking,-34.11923,151.22667,2012-11-21 09:30:00,31.17617,BPZ
NRSPHB20130514,433,Port Hacking,-34.11923,151.22667,2013-05-15 09:40:00,0.73226,BPZ
NRSPHB20140911,518,Port Hacking,-34.11923,151.22667,2014-09-11 10:13:00,28.66892,BFPZ
NRSPHB20151115,667,Port Hacking,-34.11923,151.22667,2015-11-16 09:33:00,8.14414,BFPZ
NRSPHB20160201,700,Port Hacking,-34.11923,151.22667,2016-02-02 10:52:00,7.62076,BFPZ
NRSPHB20170614,773,Port Hacking,-34.11923,151.22667,2017-06-15 08:52:00,6.09307,BPZ
NRSPHB20170921,796,Port Hacking,-34.11923,151.22667,2017-09-22 08:48:00,16.79751,BFPZ
NRSPHB20171024,797,Port Hacking,-34.11923,151.22667,2017-10-25 09:01:00,8.19718,BFPZ
NRSROT20100723,54,Rottnest Island,-32,115.41667,2010-07-23 12:02:00,4.55792,BPZ
NRSROT20101215,127,Rottnest Island,-32,115.41667,2010-12-15 10:20:00,5.6974,BPZ
NRSROT20110224,159,Rottnest Island,-32,115.41667,2011-02-24 09:35:00,7.39483,BPZ
NRSROT20110622,168,Rottnest Island,-32,115.41667,2011-06-22 10:00:00,5.90958,BPZ
NRSROT20111020,144,Rottnest Island,-32,115.41667,2011-10-20 12:00:00,5.27304,BPZ
NRSROT20131122,463,Rottnest Island,-32,115.41667,2013-11-22 10:26:00,9.98813,BPZ
NRSROT20150827,668,Rottnest Island,-32,115.41667,2015-08-27 11:15:00,3.96853,BPZ
NRSROT20160223,684,Rottnest Island,-32,115.41667,2016-02-23 08:57:00,8.02351,BFPZ
NRSROT20161024,721,Rottnest Island,-32,115.41667,2016-10-24 09:35:00,7.74846,BFPZ
NRSROT20161214,756,Rottnest Island,-32,115.41667,2016-12-14 09:35:00,9.66122,BFPZ
NRSROT20200605,1077,Rottnest Island,-32,115.41667,2020-06-05 09:13:00,16.44387,BPZ
NRSYON20100224,139,Yongala,-19.30847,147.61842,2010-02-24 10:58:00,35.6488,BPZ
NRSYON20100413,166,Yongala,-19.30847,147.61842,2010-04-13 14:14:00,27.09363,BPZ
NRSYON20100521,53,Yongala,-19.30847,147.61842,2010-05-21 12:56:00,31.58203,BPZ
NRSYON20120604,308,Yongala,-19.30847,147.61842,2012-06-04 10:30:00,13.60122,BPZ
NRSYON20121026,374,Yongala,-19.30847,147.61842,2012-10-26 11:20:00,19.31373,BPZ
NRSYON20130719,426,Yongala,-19.30847,147.61842,2013-07-19 11:08:00,11.32981,BPZ
NRSYON20150119,622,Yongala,-19.30847,147.61842,2015-01-19 11:25:00,18.76968,BPZ
NRSYON20150224,633,Yongala,-19.30847,147.61842,2015-02-24 10:40:00,32.96936,BPZ
NRSYON20160503,690,Yongala,-19.30847,147.61842,2016-05-03 10:01:00,14.90694,BPZ
NRSYON20161108,743,Yongala,-19.30847,147.61842,2016-11-08 10:50:00,22.71404,BPZ
NRSYON20170816,800,Yongala,-19.30847,147.61842,2017-08-16 10:24:00,6.06832,BPZ
NRSYON20180425,849,Yongala,-19.30847,147.61842,2018-04-26 09:48:00,12.19322,BPZ
NRSYON20190213,883,Yongala,-19.30847,147.61842,2019-02-13 10:26:00,15.33347,BPZ
NRSYON20190313,912,Yongala,-19.30847,147.61842,2019-03-13 10:10:00,9.60463,BPZ
NRSYON20191202,994,Yongala,-19.30847,147.61842,2019-12-03 09:45:00,22.50866,BPZ
NRSYON20200611,1084,Yongala,-19.30847,147.61842,2020-06-12 09:09:00,40.80366,BPZ
NRSYON20200710,1085,Yongala,-19.30847,147.61842,2020-07-11 09:25:00,7.91591,BPZ
NRSYON20200926,1147,Yongala,-19.30847,147.61842,2020-09-26 12:33:00,18.49494,BPZ
NRSDAR20180209_0330,830,Darwin,-12.4,130.76805,2018-02-09 13:00:00,30.66773,BPZ
NRSDAR20130617_08:00,418,Darwin,-12.4,130.76805,2013-06-17 17:30:00,11.8236,BPZ
NRSDAR20130617_15:00,429,Darwin,-12.4,130.76805,2013-06-18 00:30:00,23.69333,BPZ
NRSDAR20140906_09:30,511,Darwin,-12.4,130.76805,2014-09-06 19:00:00,32.25737,BZ
NRSDAR20150803_19:32,658,Darwin,-12.4,130.76805,2015-08-04 05:02:00,60.0732,BZ
NRSDAR20150804_04:30,661,Darwin,-12.4,130.76805,2015-08-04 14:00:00,20.51064,BZ
NRSDAR20130916,420,Darwin,-12.4,130.76805,2013-09-16 11:26:00,32.88775,BPZ
NRSDAR20140403,490,Darwin,-12.4,130.76805,2014-04-04 08:03:00,69.4428,BZ
NRSDAR20200810,1088,Darwin,-12.4,130.76805,2020-08-11 08:25:00,28.66627,BPZ
NRSESP20101013,141,Esperance,-33.93333,121.85,2010-10-13 08:15:00,4.1257,BPZ
NRSESP20110818,71,Esperance,-33.93333,121.85,2011-08-18 10:20:00,6.29464,BPZ
NRSESP20120612,363,Esperance,-33.93333,121.85,2012-06-12 09:24:00,9.70522,BPZ
NRSKAI20091007,178,Kangaroo Island,-35.83217,136.44733,2009-10-08 06:00:00,(null),P
NRSKAI20101120,108,Kangaroo Island,-35.83217,136.44733,2010-11-21 05:00:00,1.13515,BPZ
NRSKAI20110718,60,Kangaroo Island,-35.83217,136.44733,2011-07-19 09:00:00,0.0106,BZ
NRSKAI20140313,500,Kangaroo Island,-35.83217,136.44733,2014-03-13 14:00:00,2.46127,BPZ
NRSKAI20140713,530,Kangaroo Island,-35.83217,136.44733,2014-07-13 16:13:00,3.87934,BPZ
NRSKAI20150224,624,Kangaroo Island,-35.83217,136.44733,2015-02-25 08:55:00,9.69304,BFPZ
NRSKAI20160915,728,Kangaroo Island,-35.83217,136.44733,2016-09-15 11:18:00,17.11931,BFPZ
NRSKAI20180307,831,Kangaroo Island,-35.83217,136.44733,2018-03-07 12:20:00,15.54919,BPZ
NRSKAI20180820,861,Kangaroo Island,-35.83217,136.44733,2018-08-21 08:00:00,21.02694,BFPZ
NRSKAI20190514,911,Kangaroo Island,-35.83217,136.44733,2019-05-14 15:35:00,6.5245,BFPZ
NRSKAI20191127,1010,Kangaroo Island,-35.83217,136.44733,2019-11-27 14:25:00,9.37477,BFPZ
NRSKAI20201123,1198,Kangaroo Island,-35.83217,136.44733,2020-11-24 06:55:00,(null),BPZ
NRSMAI20090716,22,Maria Island,-42.59667,148.23333,2009-07-16 11:36:00,2.15273,BPZ
NRSMAI20101001,185,Maria Island,-42.59667,148.23333,2010-10-01 12:40:00,2.71854,BPZ
NRSMAI20110223,158,Maria Island,-42.59667,148.23333,2011-02-23 11:15:00,8.83637,BPZ
NRSMAI20120524,75,Maria Island,-42.59667,148.23333,2012-05-24 11:30:00,31.38482,BZ
NRSMAI20120724,281,Maria Island,-42.59667,148.23333,2012-07-24 10:50:00,1.76815,BPZ
NRSMAI20140205,479,Maria Island,-42.59667,148.23333,2014-02-05 11:05:00,21.86546,BPZ
NRSMAI20151118,642,Maria Island,-42.59667,148.23333,2015-11-19 10:45:00,24.51847,BFPZ
NRSMAI20160530,682,Maria Island,-42.59667,148.23333,2016-05-31 09:45:00,3.78621,BFPZ
NRSMAI20160831,712,Maria Island,-42.59667,148.23333,2016-08-31 10:26:00,2.88563,BFPZ
NRSMAI20170323,754,Maria Island,-42.59667,148.23333,2017-03-24 09:30:00,8.88323,BFPZ
NRSMAI20170801,770,Maria Island,-42.59667,148.23333,2017-08-01 10:01:00,13.34842,BPZ
NRSMAI20180301,817,Maria Island,-42.59667,148.23333,2018-03-02 09:30:00,28.73376,BFPZ
NRSMAI20180627,842,Maria Island,-42.59667,148.23333,2018-06-28 09:00:00,7.0632,BPZ
NRSNIN20120509,366,Ningaloo,-21.99,113.779,2012-05-09 10:50:00,25.84341,BPZ
NRSNSI20081030,285,North Stradbroke,-27.345,153.562,2008-10-30 10:30:00,12.36425,BZ
NRSNSI20090218,289,North Stradbroke,-27.345,153.562,2009-02-18 10:30:00,16.26063,BZ
NRSNSI20090318,290,North Stradbroke,-27.345,153.562,2009-03-18 10:30:00,10.95615,BZ
NRSNSI20090618,293,North Stradbroke,-27.345,153.562,2009-06-18 13:30:00,23.54544,BZ
NRSNSI20100214,3,North Stradbroke,-27.345,153.562,2010-02-15 09:30:00,38.37869,BPZ
NRSNSI20100411,5,North Stradbroke,-27.345,153.562,2010-04-12 08:35:00,17.15435,BPZ
NRSNSI20100711,110,North Stradbroke,-27.345,153.562,2010-07-12 08:45:00,18.41457,BPZ
NRSNSI20101115,171,North Stradbroke,-27.345,153.562,2010-11-16 09:30:00,32.59199,BPZ
NRSNSI20110323,192,North Stradbroke,-27.345,153.562,2011-03-23 10:20:00,6.17891,BPZ
NRSNSI20111116,132,North Stradbroke,-27.345,153.562,2011-11-16 10:00:00,17.09006,BPZ
NRSNSI20120821,300,North Stradbroke,-27.345,153.562,2012-08-21 10:15:00,14.00381,BPZ
NRSNSI20130111,376,North Stradbroke,-27.345,153.562,2013-01-11 10:40:00,14.47318,BPZ
NRSNSI20150817,637,North Stradbroke,-27.345,153.562,2015-08-17 10:30:00,15.57908,BFPZ
NRSNSI20170217,741,North Stradbroke,-27.345,153.562,2017-02-17 10:30:00,18.26668,BFPZ
NRSNSI20170424,750,North Stradbroke,-27.345,153.562,2017-04-24 11:00:00,11.30335,BFPZ
NRSNSI20180718,869,North Stradbroke,-27.345,153.562,2018-07-18 10:20:00,16.10632,BFPZ
NRSNSI20190416,900,North Stradbroke,-27.345,153.562,2019-04-16 10:10:00,11.59912,BFPZ
NRSNSI20190527,901,North Stradbroke,-27.345,153.562,2019-05-27 10:15:00,13.87522,BFPZ
NRSNSI20190723,973,North Stradbroke,-27.345,153.562,2019-07-23 10:20:00,12.10063,BFPZ
NRSPHB20090920,136,Port Hacking,-34.11923,151.22667,2009-09-21 09:17:00,15.9205,BBPZZ
NRSPHB20091011,103,Port Hacking,-34.11923,151.22667,2009-10-12 09:28:00,93.34464,BBPZZ
NRSPHB20101213,109,Port Hacking,-34.11923,151.22667,2010-12-14 09:30:00,23.30079,BPZ
NRSPHB20110329,193,Port Hacking,-34.11923,151.22667,2011-03-30 09:33:00,3.41961,BPZ
NRSPHB20140515,514,Port Hacking,-34.11923,151.22667,2014-05-16 09:35:00,4.44515,BZ
NRSPHB20160502,707,Port Hacking,-34.11923,151.22667,2016-05-03 09:14:00,3.88994,BFPZ
NRSPHB20160926,742,Port Hacking,-34.11923,151.22667,2016-09-27 09:54:00,10.68675,BFPZ
NRSPHB20180626,845,Port Hacking,-34.11923,151.22667,2018-06-27 09:41:00,(null),FP
NRSPHB20180927,875,Port Hacking,-34.11923,151.22667,2018-09-27 10:43:00,12.41601,BFPZ
NRSPHB20181120,872,Port Hacking,-34.11923,151.22667,2018-11-21 09:24:00,4.81292,BFPZ
NRSPHB20191118,1012,Port Hacking,-34.11923,151.22667,2019-11-19 09:15:00,7.86123,BFPZ
NRSPHB20200812,1070,Port Hacking,-34.11923,151.22667,2020-08-13 09:55:00,3.38369,BPZ
NRSROT20091026,138,Rottnest Island,-32,115.41667,2009-10-26 09:53:00,11.3555,BPZ
NRSROT20110725,149,Rottnest Island,-32,115.41667,2011-07-25 10:20:00,14.71108,BPZ
NRSROT20130125,390,Rottnest Island,-32,115.41667,2013-01-25 10:10:00,25.53221,BPZ
NRSROT20130321,440,Rottnest Island,-32,115.41667,2013-03-21 11:34:00,12.08634,BZ
NRSROT20130423,441,Rottnest Island,-32,115.41667,2013-04-23 10:38:00,6.64827,BPZ
NRSROT20140319,519,Rottnest Island,-32,115.41667,2014-03-19 12:30:00,11.42623,BPZ
NRSROT20140730,528,Rottnest Island,-32,115.41667,2014-07-30 10:03:00,10.31033,BPZ
NRSROT20140919,533,Rottnest Island,-32,115.41667,2014-09-19 12:57:00,6.76615,BPZ
NRSROT20150724,653,Rottnest Island,-32,115.41667,2015-07-24 09:20:00,5.10801,BPZ
NRSROT20161114,738,Rottnest Island,-32,115.41667,2016-11-14 09:45:00,13.05294,BFPZ
NRSROT20180727,862,Rottnest Island,-32,115.41667,2018-07-27 09:33:00,18.29455,BFPZ
NRSROT20190306,904,Rottnest Island,-32,115.41667,2019-03-06 10:24:00,7.48913,BFPZ
NRSROT20190621,907,Rottnest Island,-32,115.41667,2019-06-21 09:15:00,3.76421,BFPZ
NRSROT20200814,1080,Rottnest Island,-32,115.41667,2020-08-14 09:21:00,11.72289,BZ
NRSROT20201106,1144,Rottnest Island,-32,115.41667,2020-11-06 10:06:00,(null),BPZ
NRSYON20110217,157,Yongala,-19.30847,147.61842,2011-02-17 11:30:00,25.29236,BPZ
NRSYON20110720,100,Yongala,-19.30847,147.61842,2011-07-20 11:37:00,8.37953,BPZ
NRSYON20110811,99,Yongala,-19.30847,147.61842,2011-08-11 11:00:00,4.44346,BPZ
NRSYON20111027,143,Yongala,-19.30847,147.61842,2011-10-27 13:44:00,12.66924,BPZ
NRSYON20120112,73,Yongala,-19.30847,147.61842,2012-01-12 11:30:00,17.31435,BPZ
NRSYON20120726,310,Yongala,-19.30847,147.61842,2012-07-26 11:00:00,19.04171,BPZ
NRSYON20130515,406,Yongala,-19.30847,147.61842,2013-05-15 10:30:00,26.54958,BPZ
NRSYON20130912,428,Yongala,-19.30847,147.61842,2013-09-12 11:26:00,50.33812,BPZ
NRSYON20131114,470,Yongala,-19.30847,147.61842,2013-11-14 10:32:00,14.66211,BPZ
NRSYON20140717,525,Yongala,-19.30847,147.61842,2014-07-17 10:28:00,2.40061,PZ
NRSYON20141209,621,Yongala,-19.30847,147.61842,2014-12-09 10:04:00,6.92302,BPZ
NRSYON20150324,628,Yongala,-19.30847,147.61842,2015-03-24 15:15:00,30.20831,BPZ
NRSYON20161207,744,Yongala,-19.30847,147.61842,2016-12-07 10:15:00,18.51126,BPZ
NRSYON20170220,746,Yongala,-19.30847,147.61842,2017-02-20 10:29:00,7.20864,BPZ
NRSYON20180130,820,Yongala,-19.30847,147.61842,2018-01-30 10:05:00,18.53846,BPZ
NRSYON20180621,865,Yongala,-19.30847,147.61842,2018-06-21 11:30:00,21.86859,BPZ
NRSYON20180927,857,Yongala,-19.30847,147.61842,2018-09-27 10:52:00,11.86434,BPZ
NRSYON20190808,989,Yongala,-19.30847,147.61842,2019-08-08 10:04:00,16.7091,BPZ
NRSYON20191009,992,Yongala,-19.30847,147.61842,2019-10-09 10:00:00,10.29068,BPZ
NRSYON20200904,1146,Yongala,-19.30847,147.61842,2020-09-04 11:11:00,12.90756,BPZ
NRSDAR20190214_0030,893,Darwin,-12.4,130.76805,2019-02-14 10:00:00,10.15131,BPZ
NRSDAR20200922_0630,1092,Darwin,-12.4,130.76805,2020-09-22 16:00:00,116.2034,BPZ
NRSDAR20120115_05:40,161,Darwin,-12.4,130.76805,2012-01-15 15:10:00,219.85591,BPZ
NRSDAR20120729_19:30,205,Darwin,-12.4,130.76805,2012-07-30 05:00:00,49.6622,BPZ
NRSDAR20121208_23:30,370,Darwin,-12.4,130.76805,2012-12-09 09:00:00,58.09384,BPZ
NRSDAR20150803_22:30,659,Darwin,-12.4,130.76805,2015-08-04 08:00:00,30.58073,BPZ
NRSDAR20120417,203,Darwin,-12.4,130.76805,2012-04-17 09:42:00,27.03073,BPZ
NRSKAI20090205,134,Kangaroo Island,-35.83217,136.44733,2009-02-05 14:05:00,(null),P
NRSKAI20091215,174,Kangaroo Island,-35.83217,136.44733,2009-12-16 07:15:00,0.76738,BPZ
NRSKAI20111115,202,Kangaroo Island,-35.83217,136.44733,2011-11-15 11:30:00,2.34104,BPZ
NRSKAI20140507,512,Kangaroo Island,-35.83217,136.44733,2014-05-07 13:45:00,7.17165,BPZ
NRSKAI20180515,841,Kangaroo Island,-35.83217,136.44733,2018-05-16 08:15:00,4.44161,BFPZ
NRSKAI20210202,1206,Kangaroo Island,-35.83217,136.44733,2021-02-03 06:55:00,(null),BPZ
NRSMAI20090907,35,Maria Island,-42.59667,148.23333,2009-09-07 11:25:00,0.50834,BPZ
NRSMAI20100330,107,Maria Island,-42.59667,148.23333,2010-03-30 11:40:00,7.06379,BPZ
NRSMAI20100527,40,Maria Island,-42.59667,148.23333,2010-05-27 11:30:00,4.16401,BPZ
NRSMAI20100722,41,Maria Island,-42.59667,148.23333,2010-07-22 11:10:00,0.49066,BPZ
NRSMAI20101027,188,Maria Island,-42.59667,148.23333,2010-10-27 12:50:00,13.44684,BPZ
NRSMAI20110531,30,Maria Island,-42.59667,148.23333,2011-05-31 11:38:00,2.0378,BPZ
NRSMAI20111214,133,Maria Island,-42.59667,148.23333,2011-12-15 10:35:00,6.97538,BPZ
NRSMAI20120222,96,Maria Island,-42.59667,148.23333,2012-02-22 11:00:00,2.52846,BPZ
NRSMAI20121112,391,Maria Island,-42.59667,148.23333,2012-11-13 10:45:00,17.11135,BPZ
NRSMAI20130528,414,Maria Island,-42.59667,148.23333,2013-05-28 10:56:00,(null),P
NRSMAI20130821,448,Maria Island,-42.59667,148.23333,2013-08-21 11:21:00,0.67632,BPZ
NRSMAI20150224,562,Maria Island,-42.59667,148.23333,2015-02-25 10:20:00,4.54534,BFPZ
NRSMAI20151216,672,Maria Island,-42.59667,148.23333,2015-12-17 09:35:00,2.82905,BFPZ
NRSMAI20160428,678,Maria Island,-42.59667,148.23333,2016-04-28 10:47:00,13.58417,BFPZ
NRSMAI20161117,735,Maria Island,-42.59667,148.23333,2016-11-18 09:10:00,5.67696,BFPZ
NRSMAI20180315,835,Maria Island,-42.59667,148.23333,2018-03-16 08:45:00,23.33969,BFPZ
NRSMAI20181204,867,Maria Island,-42.59667,148.23333,2018-12-05 09:10:00,18.11426,BFPZ
NRSMAI20201020,1138,Maria Island,-42.59667,148.23333,2020-10-21 10:10:00,22.48626,BPZ
NRSNIN20120827,357,Ningaloo,-21.99,113.779,2012-08-27 08:05:00,20.43991,BPZ
NRSNIN20121107,385,Ningaloo,-21.99,113.779,2012-11-07 12:00:00,8.19011,BPZ
NRSNSI20080929,284,North Stradbroke,-27.345,153.562,2008-09-29 10:30:00,13.02007,BZ
NRSNSI20081119,286,North Stradbroke,-27.345,153.562,2008-11-19 10:30:00,7.27838,BZ
NRSNSI20090720,294,North Stradbroke,-27.345,153.562,2009-07-20 11:07:00,45.98499,BZ
NRSNSI20130418,396,North Stradbroke,-27.345,153.562,2013-04-18 10:05:00,8.72506,BPZ
NRSNSI20141223,538,North Stradbroke,-27.345,153.562,2014-12-23 10:35:00,10.52536,BFPZ
NRSNSI20151119,645,North Stradbroke,-27.345,153.562,2015-11-19 10:24:00,9.38088,BFPZ
NRSNSI20160920,714,North Stradbroke,-27.345,153.562,2016-09-20 10:15:00,10.52536,BFPZ
NRSNSI20161116,732,North Stradbroke,-27.345,153.562,2016-11-16 10:15:00,13.11009,BFPZ
NRSNSI20161215,733,North Stradbroke,-27.345,153.562,2016-12-15 10:15:00,42.08861,BFPZ
NRSNSI20171116,802,North Stradbroke,-27.345,153.562,2017-11-16 10:30:00,7.92135,BFPZ
NRSNSI20180123,816,North Stradbroke,-27.345,153.562,2018-01-23 10:20:00,13.9138,BFPZ
NRSNSI20200917,1075,North Stradbroke,-27.345,153.562,2020-09-17 10:20:00,15.78483,BPZ
NRSNSI20201116,1150,North Stradbroke,-27.345,153.562,2020-11-16 10:10:00,(null),BPZ
NRSPHB20090518,80,Port Hacking,-34.11923,151.22667,2009-05-19 09:25:00,44.25701,BPZ
NRSPHB20090924,151,Port Hacking,-34.11923,151.22667,2009-09-25 08:45:00,32.36438,BBPZZ
NRSPHB20091110,83,Port Hacking,-34.11923,151.22667,2009-11-11 09:45:00,37.99773,BPZ
NRSPHB20100119,39,Port Hacking,-34.11923,151.22667,2010-01-20 09:20:00,63.7881,BPZ
NRSPHB20100316,12,Port Hacking,-34.11923,151.22667,2010-03-17 09:05:00,30.88973,BPZ
NRSPHB20101013,186,Port Hacking,-34.11923,151.22667,2010-10-14 10:18:00,(null),P
NRSPHB20111018,63,Port Hacking,-34.11923,151.22667,2011-10-19 09:31:00,8.30681,BPZ
NRSPHB20111206,8,Port Hacking,-34.11923,151.22667,2011-12-07 09:30:00,32.37033,BPZ
NRSPHB20120821,378,Port Hacking,-34.11923,151.22667,2012-08-22 09:19:00,14.08869,BPZ
NRSPHB20121009,381,Port Hacking,-34.11923,151.22667,2012-10-10 09:44:00,9.87693,BPZ
NRSPHB20130125,411,Port Hacking,-34.11923,151.22667,2013-01-25 10:54:00,13.60421,BZ
NRSPHB20130422,432,Port Hacking,-34.11923,151.22667,2013-04-23 09:32:00,1.26246,BPZ
NRSPHB20151013,666,Port Hacking,-34.11923,151.22667,2015-10-14 09:42:00,3.85458,BFPZ
NRSPHB20161204,748,Port Hacking,-34.11923,151.22667,2016-12-05 09:45:00,16.92128,BFPZ
NRSPHB20170321,762,Port Hacking,-34.11923,151.22667,2017-03-22 09:21:00,6.40427,BFPZ
NRSPHB20170517,772,Port Hacking,-34.11923,151.22667,2017-05-18 09:45:00,5.27265,BFPZ
NRSPHB20170821,807,Port Hacking,-34.11923,151.22667,2017-08-22 09:50:00,13.63604,BFPZ
NRSPHB20180724,847,Port Hacking,-34.11923,151.22667,2018-07-25 09:33:00,6.05417,BFPZ
NRSPHB20190227,886,Port Hacking,-34.11923,151.22667,2019-02-28 10:35:00,5.66579,BFPZ
NRSPHB20190522,908,Port Hacking,-34.11923,151.22667,2019-05-23 08:50:00,8.25498,BFPZ
NRSPHB20200520,1065,Port Hacking,-34.11923,151.22667,2020-05-20 10:01:00,1.13162,BPZ
NRSPHB20200630,1069,Port Hacking,-34.11923,151.22667,2020-07-01 09:18:00,3.18948,BPZ
NRSROT20110527,118,Rottnest Island,-32,115.41667,2011-05-27 09:35:00,13.94095,BPZ
NRSROT20110923,56,Rottnest Island,-32,115.41667,2011-09-23 09:40:00,7.52056,BPZ
NRSROT20111221,114,Rottnest Island,-32,115.41667,2011-12-21 15:45:00,14.66393,BPZ
NRSROT20130712,443,Rottnest Island,-32,115.41667,2013-07-12 12:35:00,12.44783,BPZ
NRSROT20131001,459,Rottnest Island,-32,115.41667,2013-10-01 11:55:00,96.76937,BPZ
NRSROT20150224,558,Rottnest Island,-32,115.41667,2015-02-24 10:17:00,12.77003,BPZ
NRSROT20160324,685,Rottnest Island,-32,115.41667,2016-03-24 09:47:00,5.34376,BFPZ
NRSROT20160527,702,Rottnest Island,-32,115.41667,2016-05-27 09:30:00,25.02927,BFPZ
NRSROT20160621,705,Rottnest Island,-32,115.41667,2016-06-21 09:26:00,26.46737,BFPZ
NRSROT20170120,757,Rottnest Island,-32,115.41667,2017-01-20 10:20:00,10.83527,BFPZ
NRSROT20170331,786,Rottnest Island,-32,115.41667,2017-03-31 10:24:00,9.1237,BFPZ
NRSROT20170428,776,Rottnest Island,-32,115.41667,2017-04-28 09:52:00,4.29859,BFPZ
NRSROT20171123,828,Rottnest Island,-32,115.41667,2017-11-23 10:05:00,13.44569,BFPZ
NRSROT20180125,823,Rottnest Island,-32,115.41667,2018-01-25 10:00:00,12.55392,BFPZ
NRSROT20181024,864,Rottnest Island,-32,115.41667,2018-10-24 09:18:00,13.39085,BFPZ
NRSROT20191011,995,Rottnest Island,-32,115.41667,2019-10-11 10:07:00,53.99073,BFPZ
NRSROT20200710,1078,Rottnest Island,-32,115.41667,2020-07-10 10:25:00,25.40844,BPZ
NRSYON20121129,373,Yongala,-19.30847,147.61842,2012-11-29 10:40:00,15.39658,BPZ
NRSYON20140910,527,Yongala,-19.30847,147.61842,2014-09-10 10:35:00,6.51498,BPZ
NRSYON20141014,619,Yongala,-19.30847,147.61842,2014-10-14 12:02:00,10.62255,BPZ
NRSYON20161012,740,Yongala,-19.30847,147.61842,2016-10-12 10:26:00,14.40369,BPZ
NRSYON20170724,784,Yongala,-19.30847,147.61842,2017-07-24 10:45:00,4.99328,BPZ
NRSYON20170906,801,Yongala,-19.30847,147.61842,2017-09-06 10:00:00,16.56411,BPZ
NRSYON20171215,833,Yongala,-19.30847,147.61842,2017-12-15 10:44:00,34.71906,BPZ
NRSYON20180220,824,Yongala,-19.30847,147.61842,2018-02-20 10:30:00,21.32671,BPZ
NRSYON20180329,837,Yongala,-19.30847,147.61842,2018-03-29 10:27:00,24.19657,BPZ
NRSYON20180602,850,Yongala,-19.30847,147.61842,2018-06-03 09:10:00,18.16252,BPZ
NRSYON20180720,855,Yongala,-19.30847,147.61842,2018-07-20 10:56:00,16.81519,BPZ
NRSYON20191107,993,Yongala,-19.30847,147.61842,2019-11-07 10:10:00,31.19032,BPZ
NRSYON20200212,1021,Yongala,-19.30847,147.61842,2020-02-13 09:47:00,33.71743,BPZ
NRSYON20200306,1022,Yongala,-19.30847,147.61842,2020-03-06 10:25:00,53.98325,BPZ
NRSYON20200802,1086,Yongala,-19.30847,147.61842,2020-08-03 09:15:00,2.99226,BPZ
NRSYON20201026,1148,Yongala,-19.30847,147.61842,2020-10-26 10:40:00,13.29655,BPZ
NRSDAR20160724_0730,726,Darwin,-12.4,130.76805,2016-07-24 17:00:00,31.06065,BPZ
NRSDAR20170203_0330,760,Darwin,-12.4,130.76805,2017-02-03 13:00:00,27.05283,BPZ
NRSDAR20170715_0630,791,Darwin,-12.4,130.76805,2017-07-15 16:00:00,137.47436,BPZ
NRSDAR20180209_0630,832,Darwin,-12.4,130.76805,2018-02-09 16:00:00,33.61363,BPZ
NRSDAR20180731_0030,852,Darwin,-12.4,130.76805,2018-07-31 10:00:00,196.47782,BPZ
NRSDAR20190723_0030,977,Darwin,-12.4,130.76805,2019-07-23 10:00:00,74.98762,BPZ
NRSDAR20190723_0330,978,Darwin,-12.4,130.76805,2019-07-23 13:00:00,44.43279,BPZ
NRSDAR20200922_0330,1091,Darwin,-12.4,130.76805,2020-09-22 13:00:00,591.36077,BPZ
NRSDAR20120114_21:30,72,Darwin,-12.4,130.76805,2012-01-15 07:00:00,39.12967,BPZ
NRSDAR20140118_03:30,467,Darwin,-12.4,130.76805,2014-01-18 13:00:00,112.3717,BZ
NRSDAR20150202_21:30,550,Darwin,-12.4,130.76805,2015-02-03 07:00:00,29.88895,BZ
NRSDAR20150804_01:30,660,Darwin,-12.4,130.76805,2015-08-04 11:00:00,56.86027,BZ
