NRSCODE,SOI
"YON20210310",0.15
"YON20210209",11.61
"YON20210127",16.53
"YON20201209",17.52
"YON20201120",9.14
"YON20201026",4.18
"YON20200926",9.96
"YON20200904",9.96
"YON20200802",9.39
"YON20200710",4.02
"YON20200611",-9.91
"YON20200422",-0.76
"YON20200306",-5.37
"YON20200212",-1.99
"YON20200116",1.21
"YON20191202",-5.46
"YON20191107",-9.93
"YON20191009",-5.51
"YON20190917",-12.46
"YON20190826",-3.96
"YON20190808",-3.96
"YON20190703",-6.15
"YON20190528",-9
"YON20190528",-8.76
"YON20190507",-9
"YON20190507",-8.76
"YON20190313",-6.8
"YON20190213",-13.5
"YON20190124",-0.6
"YON20181213",9.3
"YON20181123",-0.1
"YON20181011",3
"YON20180927",-10
"YON20180817",-6.9
"YON20180720",1.6
"YON20180621",-5.5
"YON20180602",-5.5
"YON20180425",4.5
"YON20180329",10.5
"YON20180220",-6
"YON20180130",8.9
"YON20171215",-1.4
"YON20171130",11.8
"YON20171025",9.1
"YON20170906",6.9
"YON20170816",3.3
"YON20170724",8.1
"YON20170705",8.1
"YON20170528",0.5
"YON20170426",-6.3
"YON20170322",5.1
"YON20170220",-2.2
"YON20170120",1.3
"YON20161207",2.6
"YON20161108",-0.7
"YON20161012",-4.3
"YON20160927",13.5
"YON20160823",5.3
"YON20160725",4.2
"YON20160624",5.8
"YON20160601",5.8
"YON20160503",2.8
"YON20160321",-4.7
"YON20160215",-19.7
"YON20160122",-19.7
"YON20151203",-9.1
"YON20151111",-5.3
"YON20151027",-20.2
"YON20150923",-17.8
"YON20150825",-19.8
"YON20150804",-19.8
"YON20150618",-12
"YON20150601",-12
"YON20150430",-3.8
"YON20150324",-11.2
"YON20150224",0.6
"YON20150119",-7.8
"YON20141209",-5.5
"YON20141120",-10
"YON20141014",-8
"YON20140910",-7.6
"YON20140820",-11.4
"YON20140717",-3
"YON20140624",-1.5
"YON20140527",4.4
"YON20140501",4.4
"YON20140317",-13.3
"YON20140220",-1.3
"YON20140122",12.2
"YON20131205",0.6
"YON20131114",9.2
"YON20131015",-1.9
"YON20130912",3.9
"YON20130808",-0.5
"YON20130719",8.1
"YON20130611",13.9
"YON20130515",8.4
"YON20130416",0.3
"YON20130220",-3.6
"YON20130131",-1.1
"YON20121219",-6
"YON20121129",3.9
"YON20121026",2.4
"YON20120918",2.6
"YON20120816",-5
"YON20120726",-1.7
"YON20120615",-10.4
"YON20120604",-10.4
"YON20120424",-7.1
"YON20120402",-7.1
"YON20120208",2.5
"YON20120112",9.4
"YON20111213",23
"YON20111027",7.3
"YON20110908",11.7
"YON20110811",2.1
"YON20110720",10.7
"YON20110616",0.2
"YON20110527",2.1
"YON20110414",25.1
"YON20110323",21.4
"YON20110217",22.3
"YON20110118",19.9
"YON20101208",27.1
"YON20101101",16.4
"YON20100909",24.9
"YON20100817",18.8
"YON20100729",20.5
"YON20100521",10
"YON20100413",15.2
"YON20100224",-14.5
"YON20100119",-10.1
"YON20091215",-7
"YON20091123",-6
"YON20090909",3.9
"SOTS20120722",-1.7
"SOTS20120718",-1.7
"SOTS20120717",-1.7
"SOTS20120714",-1.7
"SBG20200731",4.02
"SBG20200708",4.02
"SBG20200220",-1.99
"SBG20200219",-1.99
"SBG20190808",-3.96
"SBG20190411",-1.3
"SBG20190327",-6.8
"ROT20201127",9.14
"ROT20201106",9.14
"ROT20201013",4.18
"ROT20200825",9.39
"ROT20200814",9.39
"ROT20200730",4.02
"ROT20200710",4.02
"ROT20200605",-9.91
"ROT20200520",2.56
"ROT20200304",-5.37
"ROT20200128",1.21
"ROT20191218",-5.46
"ROT20191126",-9.93
"ROT20191104",-9.93
"ROT20191011",-5.51
"ROT20190819",-3.96
"ROT20190711",-6.15
"ROT20190621",-10.33
"ROT20190527",-9
"ROT20190527",-8.76
"ROT20190507",-9
"ROT20190507",-8.76
"ROT20190306",-6.8
"ROT20190221",-13.5
"ROT20190125",-0.6
"ROT20181211",9.3
"ROT20181130",-0.1
"ROT20181024",3
"ROT20180921",-10
"ROT20180831",-6.9
"ROT20180727",1.6
"ROT20180719",1.6
"ROT20180620",-5.5
"ROT20180511",2.1
"ROT20180328",10.5
"ROT20180221",-6
"ROT20180125",8.9
"ROT20171214",-1.4
"ROT20171123",11.8
"ROT20171103",11.8
"ROT20170914",6.9
"ROT20170802",3.3
"ROT20170626",-10.4
"ROT20170523",0.5
"ROT20170428",-6.3
"ROT20170407",-6.3
"ROT20170331",5.1
"ROT20170303",5.1
"ROT20170120",1.3
"ROT20161214",2.6
"ROT20161114",-0.7
"ROT20161024",-4.3
"ROT20161004",-4.3
"ROT20160722",4.2
"ROT20160621",5.8
"ROT20160527",2.8
"ROT20160502",2.8
"ROT20160413",-22
"ROT20160324",-4.7
"ROT20160223",-19.7
"ROT20151215",-9.1
"ROT20151022",-20.2
"ROT20150924",-17.8
"ROT20150827",-19.8
"ROT20150724",-14.7
"ROT20150701",-14.7
"ROT20150507",-13.7
"ROT20150319",-11.2
"ROT20150224",0.6
"ROT20150128",-7.8
"ROT20141216",-5.5
"ROT20141119",-10
"ROT20141014",-8
"ROT20140919",-7.6
"ROT20140902",-7.6
"ROT20140730",-3
"ROT20140624",-1.5
"ROT20140519",4.4
"ROT20140319",-13.3
"ROT20140227",-1.3
"ROT20140122",12.2
"ROT20131218",0.6
"ROT20131122",9.2
"ROT20131017",-1.9
"ROT20131001",-1.9
"ROT20130712",8.1
"ROT20130517",8.4
"ROT20130423",0.3
"ROT20130321",10.5
"ROT20130221",-3.6
"ROT20130125",-1.1
"ROT20121219",-6
"ROT20121126",3.9
"ROT20121019",2.4
"ROT20120928",2.6
"ROT20120824",-5
"ROT20120727",-1.7
"ROT20120523",-2.7
"ROT20120504",-2.7
"ROT20120329",2.9
"ROT20120221",2.5
"ROT20120130",9.4
"ROT20111221",23
"ROT20111122",13.8
"ROT20111020",7.3
"ROT20110923",11.7
"ROT20110826",2.1
"ROT20110725",10.7
"ROT20110622",0.2
"ROT20110527",2.1
"ROT20110324",21.4
"ROT20110224",22.3
"ROT20110125",19.9
"ROT20101215",27.1
"ROT20101124",16.4
"ROT20100924",24.9
"ROT20100820",18.8
"ROT20100723",20.5
"ROT20100617",1.8
"ROT20100520",10
"ROT20100416",15.2
"ROT20100315",-10.6
"ROT20091222",-7
"ROT20091026",-14.7
"ROF20191104",-9.93
"ROF20191011",-5.51
"ROF20190819",-3.96
"ROF20190711",-6.15
"ROF20190621",-10.33
"ROF20190527",-9
"ROF20190527",-8.76
"PHB20210310",0.15
"PHB20210210",11.61
"PHB20201110",9.14
"PHB20201013",4.18
"PHB20200922",9.96
"PHB20200831",9.96
"PHB20200812",9.39
"PHB20200630",4.02
"PHB20200609",-9.91
"PHB20200520",2.56
"PHB20200224",-1.99
"PHB20191216",-5.46
"PHB20191118",-9.93
"PHB20191028",-5.51
"PHB20190923",-12.46
"PHB20190827",-3.96
"PHB20190729",-6.15
"PHB20190626",-10.33
"PHB20190522",-9
"PHB20190522",-8.76
"PHB20190408",-1.3
"PHB20190227",-13.5
"PHB20190121",-0.6
"PHB20181218",9.3
"PHB20181120",-0.1
"PHB20180927",-10
"PHB20180905",-10
"PHB20180724",1.6
"PHB20180626",-5.5
"PHB20180528",2.1
"PHB20180326",10.5
"PHB20180221",-6
"PHB20180123",8.9
"PHB20171211",-1.4
"PHB20171024",9.1
"PHB20170921",6.9
"PHB20170821",3.3
"PHB20170716",8.1
"PHB20170614",-10.4
"PHB20170517",0.5
"PHB20170419",-6.3
"PHB20170321",5.1
"PHB20170205",-2.2
"PHB20161204",2.6
"PHB20161030",-4.3
"PHB20160926",13.5
"PHB20160829",5.3
"PHB20160719",4.2
"PHB20160615",5.8
"PHB20160502",2.8
"PHB20160407",-22
"PHB20160229",-4.7
"PHB20160201",-19.7
"PHB20151215",-9.1
"PHB20151115",-5.3
"PHB20151013",-20.2
"PHB20150819",-19.8
"PHB20150723",-14.7
"PHB20150630",-12
"PHB20150518",-13.7
"PHB20150330",-11.2
"PHB20150225",0.6
"PHB20150121",-7.8
"PHB20141208",-5.5
"PHB20141112",-10
"PHB20141021",-8
"PHB20140911",-7.6
"PHB20140824",-11.4
"PHB20140716",-3
"PHB20140612",-1.5
"PHB20140515",4.4
"PHB20140427",8.6
"PHB20140317",-13.3
"PHB20140211",-1.3
"PHB20140120",12.2
"PHB20131202",0.6
"PHB20131027",-1.9
"PHB20131020",-1.9
"PHB20130915",3.9
"PHB20130826",-0.5
"PHB20130725",8.1
"PHB20130611",13.9
"PHB20130514",8.4
"PHB20130422",0.3
"PHB20130319",10.5
"PHB20130227",-3.6
"PHB20130125",-1.1
"PHB20121218",-6
"PHB20121120",3.9
"PHB20121009",2.4
"PHB20120917",2.6
"PHB20120821",-5
"PHB20120717",-1.7
"PHB20120628",-10.4
"PHB20120517",-2.7
"PHB20120311",2.9
"PHB20120212",2.5
"PHB20111206",23
"PHB20111117",13.8
"PHB20111018",7.3
"PHB20110914",11.7
"PHB20110829",2.1
"PHB20110717",10.7
"PHB20110619",0.2
"PHB20110517",2.1
"PHB20110420",25.1
"PHB20110329",21.4
"PHB20110228",21.4
"PHB20110203",22.3
"PHB20101213",27.1
"PHB20101110",16.4
"PHB20101019",18.3
"PHB20101013",18.3
"PHB20100908",24.9
"PHB20100817",18.8
"PHB20100702",20.5
"PHB20100609",1.8
"PHB20100510",10
"PHB20100413",15.2
"PHB20100316",-10.6
"PHB20100218",-14.5
"PHB20100119",-10.1
"PHB20091206",-7
"PHB20091110",-6
"PHB20091018",-14.7
"PHB20091011",-14.7
"PHB20090924",3.9
"PHB20090920",3.9
"PHB20090819",-5
"PHB20090714",1.6
"PHB20090623",-2.3
"PHB20090518",-7.4
"PHB20090422",8.6
"PHB20090318",0.2
"PHB20090223",14.8
"PHA20191118",-9.93
"PHA20191028",-5.51
"PHA20190923",-12.46
"PHA20190827",-3.96
"PHA20190729",-6.15
"PHA20190626",-10.33
"PHA20190522",-9
"PHA20190522",-8.76
"PHA20190408",-1.3
"PHA20190227",-13.5
"PHA20190121",-0.6
"PHA20181218",9.3
"PHA20181120",-0.1
"PHA20180927",-10
"PHA20180905",-10
"PHA20180724",1.6
"PHA20180626",-5.5
"PHA20180326",10.5
"PHA20180221",-6
"PHA20180123",8.9
"PHA20171211",-1.4
"PHA20171024",9.1
"PHA20170921",6.9
"PHA20170821",3.3
"PHA20170716",8.1
"PHA20170517",0.5
"PHA20170321",5.1
"PHA20170205",-2.2
"PHA20161204",2.6
"PHA20161030",-4.3
"PHA20160926",13.5
"PHA20160829",5.3
"PHA20160719",4.2
"PHA20160615",5.8
"PHA20160502",2.8
"PHA20160407",-22
"PHA20160229",-4.7
"PHA20160201",-19.7
"PHA20151115",-5.3
"PHA20151013",-20.2
"PHA20150819",-19.8
"PHA20150723",-14.7
"PHA20150630",-12
"PHA20141021",-8
"PHA20140911",-7.6
"PH420090119",9.4
"PH420081202",13.3
"PH420081017",13.4
"PH420080924",13.5
"PH420080825",9.1
"PH420080805",9.1
"PH420080620",4.2
"PH420080529",-3.5
"PH420080430",4.5
"PH420080318",12.2
"PH420080219",21.3
"PH420080130",14.1
"PH420071128",9.2
"PH420071026",5.4
"PH420070924",1.4
"PH420070830",2.7
"PH420070723",-5
"PH420070703",-5
"PH420070516",-2.7
"PH420070418",-3
"PH420070319",-1.4
"PH420070219",-2.7
"PH420070115",-7.8
"PH420061213",-3.5
"PH420060724",-7.6
"PH420060614",-6.3
"PH420060224",0.1
"PH420060130",12.7
"PH420051208",0.1
"PH420051115",-2
"PH420050909",3.9
"PH420050817",-6.9
"PH420050706",0.9
"PH420050510",-14.5
"PH420050414",-11.2
"PH420050225",-28.6
"PH420050131",1.8
"PH420041222",-8
"PH420041116",-8.6
"PH420041027",-3.7
"PH420040914",-2.8
"PH420040823",-7.6
"PH420040725",-6.9
"PH420040625",-15.2
"PH420040524",13.1
"PH420040421",-15.4
"PH420040326",0.2
"PH420040211",9.1
"PH420040120",-11.6
"PH420031210",9.3
"PH420031114",-3.4
"PH420031027",-1.9
"PH420030911",-2.2
"PH420030818",-1.8
"PH420030721",2.9
"PH420030630",-12
"PH420030530",-7.4
"PH420030423",-5.5
"PH420030319",-6.8
"PH420030211",-7.4
"PH420030120",-2
"PH420021218",-10.6
"PH420021120",-6
"PH420021021",-7.4
"PH420020926",-8.2
"PH420020820",-14.6
"PH420020729",-7.6
"PH420020625",-6.3
"PH420020604",-6.3
"PH420020426",-3.8
"PH420020318",-5.2
"PH420020219",7.7
"PEI20110119",19.9
"PEI20101216",27.1
"PEI20101116",16.4
"PEI20101018",18.3
"PEI20100916",24.9
"PEI20100818",18.8
"PEI20100712",20.5
"PEI20100618",1.8
"PEI20100519",10
"PEI20100414",15.2
"PEI20100323",-10.6
"PEI20100215",-14.5
"PEI20100122",-10.1
"PEI20091216",-7
"PEI20091116",-6
"PEI20091022",-14.7
"PEI20090918",3.9
"PEI20090820",-5
"PEI20090720",1.6
"PEI20090618",-2.3
"PEI20090527",-7.4
"PEI20090416",8.6
"PEI20090318",0.2
"PEI20090218",14.8
"PEI20090114",9.4
"PEI20081217",13.3
"PEI20081119",17.1
"PEI20081030",13.4
"PEI20080929",13.5
"NWS_9.2",-7.8
"NWS_9.1",-7.8
"NWS_8.2",-7.8
"NWS_8.1",-7.8
"NWS_7.2",-7.8
"NWS_7.1",-7.8
"NWS_6.3",-7.8
"NWS_6.2",-7.8
"NWS_6.1",-7.8
"NWS_5.2",-7.8
"NWS_5.1",-7.8
"NWS_4.3",-7.8
"NWS_4.2",-7.8
"NWS_4.1",-7.8
"NWS_3.3",-7.8
"NWS_3.2",-7.8
"NWS_3.1",-7.8
"NWS_2.3",-7.8
"NWS_2.2",-7.8
"NWS_2.1",-7.8
"NWS_19.2",-7.8
"NWS_19.1",-7.8
"NWS_18.2",-7.8
"NWS_18.1",-7.8
"NWS_17.2",-7.8
"NWS_17.1",-7.8
"NWS_16.3",-7.8
"NWS_16.2",-7.8
"NWS_16.1",-7.8
"NWS_15.3",-7.8
"NWS_15.2",-7.8
"NWS_15.1",-7.8
"NWS_14.2",-7.8
"NWS_14.1",-7.8
"NWS_13.2",-7.8
"NWS_13.1",-7.8
"NWS_12.2",-7.8
"NWS_12.1",-7.8
"NWS_11.3",-7.8
"NWS_11.2",-7.8
"NWS_11.1",-7.8
"NWS_10.2",-7.8
"NWS_10.1",-7.8
"NWS_1.3",-7.8
"NWS_1.2",-7.8
"NWS_1.1",-7.8
"NSI20210226",11.61
"NSI20201221",17.52
"NSI20201116",9.14
"NSI20201022",4.18
"NSI20200917",9.96
"NSI20200817",9.39
"NSI20200720",4.02
"NSI20200625",-9.91
"NSI20200528",2.56
"NSI20200228",-1.99
"NSI20200122",1.21
"NSI20191220",-5.46
"NSI20191024",-5.51
"NSI20190916",-12.46
"NSI20190821",-3.96
"NSI20190723",-6.15
"NSI20190618",-10.33
"NSI20190527",-9
"NSI20190527",-8.76
"NSI20190416",-1.3
"NSI20190322",-6.8
"NSI20190118",-0.6
"NSI20181115",-0.1
"NSI20181023",3
"NSI20180913",-10
"NSI20180817",-6.9
"NSI20180718",1.6
"NSI20180530",2.1
"NSI20180417",4.5
"NSI20180320",10.5
"NSI20180302",10.5
"NSI20180123",8.9
"NSI20171219",-1.4
"NSI20171116",11.8
"NSI20171023",9.1
"NSI20170927",6.9
"NSI20170829",3.3
"NSI20170717",8.1
"NSI20170627",-10.4
"NSI20170516",0.5
"NSI20170424",-6.3
"NSI20170217",-2.2
"NSI20170117",1.3
"NSI20161215",2.6
"NSI20161116",-0.7
"NSI20161019",-4.3
"NSI20160920",13.5
"NSI20160822",5.3
"NSI20160720",4.2
"NSI20160623",5.8
"NSI20160517",2.8
"NSI20160412",-22
"NSI20160318",-4.7
"NSI20160120",-19.7
"NSI20151216",-9.1
"NSI20151119",-5.3
"NSI20151027",-20.2
"NSI20150907",-17.8
"NSI20150817",-19.8
"NSI20150731",-14.7
"NSI20150624",-12
"NSI20150528",-13.7
"NSI20150512",-13.7
"NSI20150323",-11.2
"NSI20150304",-11.2
"NSI20150119",-7.8
"NSI20141223",-5.5
"NSI20141107",-10
"NSI20141020",-8
"NSI20140917",-7.6
"NSI20140901",-7.6
"NSI20140725",-3
"NSI20140623",-1.5
"NSI20140507",4.4
"NSI20140404",8.6
"NSI20140306",-13.3
"NSI20140213",-1.3
"NSI20131212",0.6
"NSI20131121",9.2
"NSI20131016",-1.9
"NSI20130913",3.9
"NSI20130819",-0.5
"NSI20130806",-0.5
"NSI20130706",8.1
"NSI20130520",8.4
"NSI20130418",0.3
"NSI20130326",10.5
"NSI20130123",-1.1
"NSI20130111",-1.1
"NSI20121114",3.9
"NSI20121017",2.4
"NSI20120912",2.6
"NSI20120821",-5
"NSI20120806",-5
"NSI20120620",-10.4
"NSI20120511",-2.7
"NSI20120229",2.9
"NSI20120213",2.5
"NSI20111220",23
"NSI20111116",13.8
"NSI20111013",7.3
"NSI20110915",11.7
"NSI20110816",2.1
"NSI20110727",10.7
"NSI20110623",0.2
"NSI20110606",0.2
"NSI20110412",25.1
"NSI20110323",21.4
"NSI20110220",22.3
"NSI20110119",19.9
"NSI20101215",27.1
"NSI20101115",16.4
"NSI20101018",18.3
"NSI20100916",24.9
"NSI20100817",18.8
"NSI20100711",20.5
"NSI20100618",1.8
"NSI20100520",10
"NSI20100411",15.2
"NSI20100322",-10.6
"NSI20100214",-14.5
"NSI20100121",-10.1
"NSI20091215",-7
"NSI20091115",-6
"NSI20091101",-6
"NSI20091021",-14.7
"NSI20091015",-14.7
"NSI20091006",-14.7
"NSI20090916",3.9
"NSI20090819",-5
"NSI20090720",1.6
"NSI20090618",-2.3
"NSI20090527",-7.4
"NSI20090416",8.6
"NSI20090318",0.2
"NSI20090218",14.8
"NSI20090114",9.4
"NSI20081217",13.3
"NSI20081119",17.1
"NSI20081030",13.4
"NSI20080929",13.5
"NSF20200528",2.56
"NSF20200228",-1.99
"NSF20200122",1.21
"NSF20191220",-5.46
"NSF20191024",-5.51
"NSF20190916",-12.46
"NSF20190821",-3.96
"NSF20190723",-6.15
"NSF20190618",-10.33
"NSF20190527",-9
"NSF20190527",-8.76
"NSF20190416",-1.3
"NSF20190322",-6.8
"NSF20190118",-0.6
"NSF20181115",-0.1
"NSF20181023",3
"NSF20180913",-10
"NSF20180817",-6.9
"NSF20180718",1.6
"NSF20180530",2.1
"NSF20180417",4.5
"NSF20180320",10.5
"NSF20180302",10.5
"NSF20180123",8.9
"NSF20171219",-1.4
"NSF20171116",11.8
"NSF20171023",9.1
"NSF20170927",6.9
"NSF20170829",3.3
"NSF20170717",8.1
"NSF20170627",-10.4
"NSF20170516",0.5
"NSF20170424",-6.3
"NSF20170217",-2.2
"NSF20170117",1.3
"NSF20161215",2.6
"NSF20161116",-0.7
"NSF20161019",-4.3
"NSF20160920",13.5
"NSF20160822",5.3
"NSF20160720",4.2
"NSF20160623",5.8
"NSF20160517",2.8
"NSF20160412",-22
"NSF20160318",-4.7
"NSF20160120",-19.7
"NSF20151216",-9.1
"NIN20130806",-0.5
"NIN20130509",8.4
"NIN20130209",-3.6
"NIN20121107",3.9
"NIN20120827",-5
"NIN20120509",-2.7
"NIN20120226",2.5
"NIN20111107",13.8
"NIN20110706",10.7
"NIN20110501",2.1
"NIN20110209",22.3
"NIN20101108",16.4
"MHPM_520191211",-5.46
"MHPM_3020191211",-5.46
"MHPM_1520191211",-5.46
"MHPM_1520191210",-5.46
"MHP20191219",-5.46
"MHP20191218",-5.46
"MHP20191217",-5.46
"MHP20191216",-5.46
"MHP20191215",-5.46
"MHP20191214",-5.46
"MHP20191212",-5.46
"MHP20191211",-5.46
"MALDIVES20100809",18.8
"MALDIVES20100808",18.8
"MALDIVES20100807",18.8
"MAI20210215",11.61
"MAI20210106",16.53
"MAI20201118",9.14
"MAI20201020",4.18
"MAI20200928",9.96
"MAI20200909",9.96
"MAI20200810",9.39
"MAI20200628",-9.91
"MAI20200526",2.56
"MAI20200223",-1.99
"MAI20200106",1.21
"MAI20191210",-5.46
"MAI20191121",-9.93
"MAI20191015",-5.51
"MAI20190925",-12.46
"MAI20190828",-3.96
"MAI20190731",-6.15
"MAI20190624",-10.33
"MAI20190430",-9
"MAI20190430",-8.76
"MAI20190320",-6.8
"MAI20190106",-0.6
"MAI20181204",9.3
"MAI20181018",3
"MAI20180919",-10
"MAI20180711",1.6
"MAI20180627",-5.5
"MAI20180605",-5.5
"MAI20180418",4.5
"MAI20180315",10.5
"MAI20180301",10.5
"MAI20180116",8.9
"MAI20171217",-1.4
"MAI20171123",11.8
"MAI20171015",9.1
"MAI20170921",6.9
"MAI20170801",3.3
"MAI20170626",-10.4
"MAI20170601",-10.4
"MAI20170412",-6.3
"MAI20170323",5.1
"MAI20170223",-2.2
"MAI20170104",1.3
"MAI20161117",-0.7
"MAI20160927",13.5
"MAI20160831",5.3
"MAI20160720",4.2
"MAI20160630",4.2
"MAI20160530",2.8
"MAI20160428",-22
"MAI20160321",-4.7
"MAI20160303",-4.7
"MAI20160209",-19.7
"MAI20151216",-9.1
"MAI20151118",-5.3
"MAI20151001",-20.2
"MAI20150811",-19.8
"MAI20150723",-14.7
"MAI20150526",-13.7
"MAI20150421",-3.8
"MAI20150312",-11.2
"MAI20150224",0.6
"MAI20141208",-5.5
"MAI20141127",-10
"MAI20141029",-8
"MAI20140915",-7.6
"MAI20140821",-11.4
"MAI20140807",-11.4
"MAI20140703",-3
"MAI20140619",-1.5
"MAI20140516",4.4
"MAI20140408",8.6
"MAI20140318",-13.3
"MAI20140205",-1.3
"MAI20140122",12.2
"MAI20131217",0.6
"MAI20131117",9.2
"MAI20130924",3.9
"MAI20130821",-0.5
"MAI20130807",-0.5
"MAI20130611",13.9
"MAI20130528",8.4
"MAI20130424",0.3
"MAI20130313",10.5
"MAI20130214",-3.6
"MAI20130129",-1.1
"MAI20121112",3.9
"MAI20121017",2.4
"MAI20121002",2.4
"MAI20120820",-5
"MAI20120724",-1.7
"MAI20120621",-10.4
"MAI20120524",-2.7
"MAI20120412",-7.1
"MAI20120326",2.9
"MAI20120222",2.5
"MAI20120119",9.4
"MAI20111214",23
"MAI20111026",7.3
"MAI20111005",7.3
"MAI20110812",2.1
"MAI20110725",10.7
"MAI20110531",2.1
"MAI20110407",25.1
"MAI20110328",21.4
"MAI20110223",22.3
"MAI20110118",19.9
"MAI20101214",27.1
"MAI20101027",18.3
"MAI20101001",18.3
"MAI20100722",20.5
"MAI20100615",1.8
"MAI20100527",10
"MAI20100505",10
"MAI20100330",-10.6
"MAI20100120",-10.1
"MAI20091207",-7
"MAI20091111",-6
"MAI20091013",-14.7
"MAI20090907",3.9
"MAI20090820",-5
"MAI20090716",1.6
"MAI20090601",-2.3
"MAI20090506",-7.4
"MAI20090421",8.6
"LW20190515",-9
"LW20190515",-8.76
"LW20190410",-1.3
"LW20190322",-6.8
"LW20190207",-13.5
"LS20200319",-5.37
"LS20200303",-5.37
"LS20191217",-5.46
"LS20191129",-9.93
"LN20200319",-5.37
"LN20200304",-5.37
"LN20191218",-5.46
"LN20191129",-9.93
"LE20190515",-9
"LE20190515",-8.76
"LE20190411",-1.3
"LE20190322",-6.8
"LE20190207",-13.5
"KAI20210202",11.61
"KAI20201123",9.14
"KAI20200527",2.56
"KAI20200204",-1.99
"KAI20191127",-9.93
"KAI20190909",-12.46
"KAI20190514",-9
"KAI20190514",-8.76
"KAI20190320",-6.8
"KAI20181204",9.3
"KAI20180820",-6.9
"KAI20180515",2.1
"KAI20180307",10.5
"KAI20171129",11.8
"KAI20170908",6.9
"KAI20170518",0.5
"KAI20170315",5.1
"KAI20161118",-0.7
"KAI20160915",13.5
"KAI20160525",2.8
"KAI20160223",-19.7
"KAI20151116",-5.3
"KAI20150909",-17.8
"KAI20150629",-12
"KAI20150408",-3.8
"KAI20150224",0.6
"KAI20141201",-5.5
"KAI20141029",-8
"KAI20140713",-3
"KAI20140507",4.4
"KAI20140313",-13.3
"KAI20140122",12.2
"KAI20130827",-0.5
"KAI20130506",8.4
"KAI20130423",0.3
"KAI20130220",-3.6
"KAI20120415",-7.1
"KAI20120215",2.5
"KAI20120116",9.4
"KAI20111219",23
"KAI20111115",13.8
"KAI20111026",7.3
"KAI20110718",10.7
"KAI20110427",25.1
"KAI20110319",21.4
"KAI20110223",22.3
"KAI20110123",19.9
"KAI20101213",27.1
"KAI20101120",16.4
"KAI20100721",20.5
"KAI20100419",15.2
"KAI20100315",-10.6
"KAI20100215",-14.5
"KAI20100112",-10.1
"KAI20091215",-7
"KAI20091115",-6
"KAI20091007",-14.7
"KAI20090601",-2.3
"KAI20090205",14.8
"KAI20090114",9.4
"KAI20081211",13.3
"KAI20081110",17.1
"KAI20081019",13.4
"IIOE20190610",-10.33
"IIOE20190608",-10.33
"IIOE20190607",-10.33
"IIOE20190606",-10.33
"IIOE20190605",-10.33
"IIOE20190604",-10.33
"IIOE20190603",-10.33
"IIOE20190602",-10.33
"IIOE20190601",-10.33
"IIOE20190531",-9
"IIOE20190531",-8.76
"IIOE20190530",-9
"IIOE20190530",-8.76
"IIOE20190529",-9
"IIOE20190529",-8.76
"IIOE20190528",-9
"IIOE20190528",-8.76
"IIOE20190527",-9
"IIOE20190527",-8.76
"IIOE20190526",-9
"IIOE20190526",-8.76
"IIOE20190525",-9
"IIOE20190525",-8.76
"IIOE20190524",-9
"IIOE20190524",-8.76
"IIOE20190523",-9
"IIOE20190523",-8.76
"IIOE20190522",-9
"IIOE20190522",-8.76
"IIOE20190521",-9
"IIOE20190521",-8.76
"IIOE20190520",-9
"IIOE20190520",-8.76
"IIOE20190519",-9
"IIOE20190519",-8.76
"IIOE20190518",-9
"IIOE20190518",-8.76
"IIOE20190517",-9
"IIOE20190517",-8.76
"ESP20130725",8.1
"ESP20130314",10.5
"ESP20121212",-6
"ESP20120910",2.6
"ESP20120612",-10.4
"ESP20120309",2.9
"ESP20120229",2.5
"ESP20111130",13.8
"ESP20110818",2.1
"ESP20110512",2.1
"ESP20110120",19.9
"ESP20101013",18.3
"ESP20100629",1.8
"ESP20100322",-10.6
"ESP20091216",-7
"ESP20090917",3.9
"ESP20090623",-2.3
"ESP20090512",-7.4
"DAR20201123",9.14
"DAR20200922_0630",9.96
"DAR20200922_0330",9.96
"DAR20200922_0030",9.96
"DAR20200921_2130",9.96
"DAR20200810",9.39
"DAR20200511",2.56
"DAR20200204_0630",-1.99
"DAR20200204_0330",-1.99
"DAR20200204_0030",-1.99
"DAR20200203_2130",-1.99
"DAR20191105",-9.93
"DAR20190723_0630",-6.15
"DAR20190723_0330",-6.15
"DAR20190723_0030",-6.15
"DAR20190722_2130",-6.15
"DAR20190529",-9
"DAR20190529",-8.76
"DAR20190214_0630",-13.5
"DAR20190214_0330",-13.5
"DAR20190214_0030",-13.5
"DAR20190213_2130",-13.5
"DAR20181030",3
"DAR20180731_0630",1.6
"DAR20180731_0330",1.6
"DAR20180731_0030",1.6
"DAR20180730_2130",1.6
"DAR20180509",2.1
"DAR20180209_0630",-6
"DAR20180209_0330",-6
"DAR20180209_0030",-6
"DAR20180208_2130",-6
"DAR20171009",9.1
"DAR20170715_0630",8.1
"DAR20170715_0330",8.1
"DAR20170715_0030",8.1
"DAR20170714_2130",8.1
"DAR20170516",0.5
"DAR20170203_0630",-2.2
"DAR20170203_0330",-2.2
"DAR20170203_0030",-2.2
"DAR20170202_2130",-2.2
"DAR20161107",-0.7
"DAR20160724_0730",4.2
"DAR20160724_0430",4.2
"DAR20160724_0130",4.2
"DAR20160723",4.2
"DAR20160530",2.8
"DAR20160202_0630",-19.7
"DAR20160202_0330",-19.7
"DAR20160202_0030",-19.7
"DAR20160201_2130",-19.7
"DAR20151117",-5.3
"DAR20150804_04:30",-19.8
"DAR20150804_01:30",-19.8
"DAR20150803_22:30",-19.8
"DAR20150803_19:32",-19.8
"DAR20150505",-13.7
"DAR20150316",-11.2
"DAR20150203_09:30",0.6
"DAR20150203_06:30",0.6
"DAR20150203_03:30",0.6
"DAR20150203_00:30",0.6
"DAR20150202_21:30",0.6
"DAR20141130",-5.5
"DAR20140906_09:30",-7.6
"DAR20140906_06:30",-7.6
"DAR20140906_03:30",-7.6
"DAR20140906_00:30",-7.6
"DAR20140702",-3
"DAR20140403",8.6
"DAR20140118_03:30",12.2
"DAR20140118_00:30",12.2
"DAR20140117_21:30",12.2
"DAR20140117_19:50",12.2
"DAR20130916",3.9
"DAR20130617_18:30",13.9
"DAR20130617_15:00",13.9
"DAR20130617_11:30",13.9
"DAR20130617_08:00",13.9
"DAR20130405",0.3
"DAR20121209_03:00",-6
"DAR20121208_23:30",-6
"DAR20121208_20:00",-6
"DAR20121208_16:30",-6
"DAR20121029",2.4
"DAR20120730_01:30",-1.7
"DAR20120729_22:30",-1.7
"DAR20120729_19:30",-1.7
"DAR20120729_16:30",-1.7
"DAR20120417",-7.1
"DAR20120115_05:40",9.4
"DAR20120115_03:35",9.4
"DAR20120114_23:35",9.4
"DAR20120114_21:30",9.4
"DAR20111005",7.3
"DAR20110627",0.2
"APP_TEST20121107",3.9
"APP_TEST20101011",18.3
"APP_TEST20101010",18.3
"APP_TEST20100330",-10.6
"APP_TEST20100217",-14.5
"APP_TEST20100216",-14.5
