NRS_CODE,SAMPLE,STATION,LATITUDE,LONGITUDE,SAMPLEDATE,BIOMASS_MGM3
MAI20090601,177,Maria Island,-42.59667,148.23333,2009-06-01 11:20:00,36.12348
PHB20090920,136,Port Hacking,-34.11923,151.22667,2009-09-21 09:17:00,15.9205
PHB20091110,83,Port Hacking,-34.11923,151.22667,2009-11-11 09:45:00,37.99773
NSI20100214,3,North Stradbroke,-27.345,153.562,2010-02-15 09:30:00,38.37869
YON20100224,139,Yongala,-19.30847,147.61842,2010-02-24 10:58:00,35.6488
NSI20100916,184,North Stradbroke,-27.345,153.562,2010-09-16 12:45:00,13.5023
YON20100729,23,Yongala,-19.30847,147.61842,2010-07-29 11:22:00,8.24234
YON20101208,125,Yongala,-19.30847,147.61842,2010-12-08 10:45:00,9.08561
YON20110118,142,Yongala,-19.30847,147.61842,2011-01-18 11:30:00,28.60337
NSI20110412,98,North Stradbroke,-27.345,153.562,2011-04-13 09:25:00,9.83739
MAI20100722,41,Maria Island,-42.59667,148.23333,2010-07-22 11:10:00,0.49066
MAI20110118,155,Maria Island,-42.59667,148.23333,2011-01-19 10:30:00,10.45424
PHB20110420,4,Port Hacking,-34.11923,151.22667,2011-04-21 09:36:00,0.60824
PHB20110517,76,Port Hacking,-34.11923,151.22667,2011-05-18 09:25:00,0.19449
YON20110323,146,Yongala,-19.30847,147.61842,2011-03-23 10:49:00,19.34093
YON20110616,148,Yongala,-19.30847,147.61842,2011-06-16 11:25:00,16.96072
PHB20110829,198,Port Hacking,-34.11923,151.22667,2011-08-29 10:03:00,3.56814
NSI20110915,200,North Stradbroke,-27.345,153.562,2011-09-15 11:10:00,9.29087
MAI20110531,30,Maria Island,-42.59667,148.23333,2011-05-31 11:38:00,2.0378
NSI20111116,132,North Stradbroke,-27.345,153.562,2011-11-16 10:00:00,17.09006
PHB20111117,19,Port Hacking,-34.11923,151.22667,2011-11-18 09:36:00,4.8589
DAR20120417,203,Darwin,-12.4,130.76805,2012-04-17 09:42:00,27.03073
MAI20111214,133,Maria Island,-42.59667,148.23333,2011-12-15 10:35:00,6.97538
PHB20111206,8,Port Hacking,-34.11923,151.22667,2011-12-07 09:30:00,32.37033
NSI20120511,297,North Stradbroke,-27.345,153.562,2012-05-11 10:05:00,12.21637
DAR20120114_23:35,160,Darwin,-12.4,130.76805,2012-01-15 09:05:00,26.32359
DAR20120115_05:40,161,Darwin,-12.4,130.76805,2012-01-15 15:10:00,219.85591
YON20120726,310,Yongala,-19.30847,147.61842,2012-07-26 11:00:00,19.04171
MAI20120621,280,Maria Island,-42.59667,148.23333,2012-06-21 11:00:00,1.32611
YON20091215,20,Yongala,-19.30847,147.61842,2009-12-15 11:25:00,20.24188
MAI20121002,365,Maria Island,-42.59667,148.23333,2012-10-02 10:15:00,11.35158
PHB20130826,423,Port Hacking,-34.11923,151.22667,2013-08-27 09:30:00,14.99107
YON20130611,425,Yongala,-19.30847,147.61842,2013-06-11 13:34:00,37.72979
ROT20130321,440,Rottnest Island,-32,115.41667,2013-03-21 11:34:00,12.08634
KAI20130423,401,Kangaroo Island,-35.83217,136.44733,2013-04-23 13:16:00,1.79998
PHB20130227,409,Port Hacking,-34.11923,151.22667,2013-02-28 08:03:00,1.79998
PHB20121218,410,Port Hacking,-34.11923,151.22667,2012-12-19 09:31:00,2.48249
DAR20121209_03:00,371,Darwin,-12.4,130.76805,2012-12-09 12:30:00,12.86546
ESP20120612,363,Esperance,-33.93333,121.85,2012-06-12 09:24:00,9.70522
PHB20101013,186,Port Hacking,-34.11923,151.22667,2010-10-14 10:18:00,(null)
MAI20130528,414,Maria Island,-42.59667,148.23333,2013-05-28 10:56:00,(null)
PHB20131020,475,Port Hacking,-34.11923,151.22667,2013-10-21 09:36:00,4.60782
NSI20140623,487,North Stradbroke,-27.345,153.562,2014-06-23 10:20:00,10.12672
MAI20140703,494,Maria Island,-42.59667,148.23333,2014-07-03 11:30:00,0.70254
NSI20140917,498,North Stradbroke,-27.345,153.562,2014-09-17 10:30:00,20.42062
KAI20140507,512,Kangaroo Island,-35.83217,136.44733,2014-05-07 13:45:00,7.17165
ROT20140624,521,Rottnest Island,-32,115.41667,2014-06-24 13:16:00,16.49495
ROT20140730,528,Rottnest Island,-32,115.41667,2014-07-30 10:03:00,10.31033
ROT20141119,539,Rottnest Island,-32,115.41667,2014-11-19 10:16:00,9.80738
DAR20150316,555,Darwin,-12.4,130.76805,2015-03-17 08:35:00,36.84401
PHB20150225,560,Port Hacking,-34.11923,151.22667,2015-02-26 09:37:00,7.26713
YON20151111,665,Yongala,-19.30847,147.61842,2015-11-11 10:45:00,11.49303
NSI20150304,563,North Stradbroke,-27.345,153.562,2015-03-04 10:30:00,6.30107
ROT20161024,721,Rottnest Island,-32,115.41667,2016-10-24 09:35:00,7.74846
MAI20151216,672,Maria Island,-42.59667,148.23333,2015-12-17 09:35:00,2.82905
NSI20160517,681,North Stradbroke,-27.345,153.562,2016-05-17 10:30:00,9.90169
KAI20160223,683,Kangaroo Island,-35.83217,136.44733,2016-02-24 07:55:00,14.23721
MAI20160303,676,Maria Island,-42.59667,148.23333,2016-03-04 10:15:00,9.8121
DAR20160202_0630,694,Darwin,-12.4,130.76805,2016-02-02 16:00:00,11.1001
ROT20150827,668,Rottnest Island,-32,115.41667,2015-08-27 11:15:00,3.96853
PHB20151115,667,Port Hacking,-34.11923,151.22667,2015-11-16 09:33:00,8.14414
PHB20160502,707,Port Hacking,-34.11923,151.22667,2016-05-03 09:14:00,3.88994
NSI20160822,711,North Stradbroke,-27.345,153.562,2016-08-22 10:50:00,17.55942
MAI20170412,755,Maria Island,-42.59667,148.23333,2017-04-12 10:15:00,10.2506
ROT20170120,757,Rottnest Island,-32,115.41667,2017-01-20 10:20:00,10.83527
ROT20170523,777,Rottnest Island,-32,115.41667,2017-05-23 09:53:00,10.49893
MAI20170223,737,Maria Island,-42.59667,148.23333,2017-02-24 08:50:00,17.28552
ROT20161114,738,Rottnest Island,-32,115.41667,2016-11-14 09:45:00,13.05294
MAI20170323,754,Maria Island,-42.59667,148.23333,2017-03-24 09:30:00,8.88323
YON20170528,782,Yongala,-19.30847,147.61842,2017-05-29 08:11:00,17.97864
MAI20170921,793,Maria Island,-42.59667,148.23333,2017-09-22 09:15:00,14.25371
MAI20171015,794,Maria Island,-42.59667,148.23333,2017-10-16 09:50:00,18.24268
YON20170816,800,Yongala,-19.30847,147.61842,2017-08-16 10:24:00,6.06832
KAI20180307,831,Kangaroo Island,-35.83217,136.44733,2018-03-07 12:20:00,15.54919
MAI20180711,839,Maria Island,-42.59667,148.23333,2018-07-12 08:40:00,6.27107
PHB20180724,847,Port Hacking,-34.11923,151.22667,2018-07-25 09:33:00,6.05417
ROT20180719,848,Rottnest Island,-32,115.41667,2018-07-19 09:35:00,12.57357
DAR20180730_2130,851,Darwin,-12.4,130.76805,2018-07-31 07:03:00,97.76151
DAR20180731_0630,854,Darwin,-12.4,130.76805,2018-07-31 16:00:00,25.93889
DAR20180509,840,Darwin,-12.4,130.76805,2018-05-10 07:02:00,16.84171
PHB20190121,885,Port Hacking,-34.11923,151.22667,2019-01-22 09:43:00,9.94412
MAI20190320,891,Maria Island,-42.59667,148.23333,2019-03-21 09:35:00,15.19202
DAR20190213_2130,892,Darwin,-12.4,130.76805,2019-02-14 07:00:00,14.45175
PHB20190408,903,Port Hacking,-34.11923,151.22667,2019-04-09 08:50:00,11.1005
PHB20180927,875,Port Hacking,-34.11923,151.22667,2018-09-27 10:43:00,12.41601
ROT20180831,873,Rottnest Island,-32,115.41667,2018-08-31 10:07:00,38.38869
KAI20190909,980,Kangaroo Island,-35.83217,136.44733,2019-09-10 07:50:00,1.20234
ROT20190819,985,Rottnest Island,-32,115.41667,2019-08-19 08:31:00,13.23044
DAR20190214_0030,893,Darwin,-12.4,130.76805,2019-02-14 10:00:00,10.15131
YON20200802,1086,Yongala,-19.30847,147.61842,2020-08-03 09:15:00,2.99226
YON20191009,992,Yongala,-19.30847,147.61842,2019-10-09 10:00:00,10.29068
PHB20200831,1071,Port Hacking,-34.11923,151.22667,2020-09-01 09:44:00,7.61015
NSI20191024,987,North Stradbroke,-27.345,153.562,2019-10-24 10:20:00,11.15547
DAR20200204_0630,1009,Darwin,-12.4,130.76805,2020-02-04 16:01:00,77.48696
ROT20200128,1016,Rottnest Island,-32,115.41667,2020-01-28 09:39:00,9.95669
ROT20191104,997,Rottnest Island,-32,115.41667,2019-11-04 09:25:00,(null)
YON20200212,1021,Yongala,-19.30847,147.61842,2020-02-13 09:47:00,33.71743
MAI20200106,1023,Maria Island,-42.59667,148.23333,2020-01-07 09:45:00,64.62503
NSI20200817,1074,North Stradbroke,-27.345,153.562,2020-08-18 09:50:00,12.16493
NSI20201221,1151,North Stradbroke,-27.345,153.562,2020-12-21 10:30:00,(null)
MAI20201118,1139,Maria Island,-42.59667,148.23333,2020-11-19 09:45:00,(null)
ROT20201106,1144,Rottnest Island,-32,115.41667,2020-11-06 10:06:00,(null)
NSI20081119,286,North Stradbroke,-27.345,153.562,2008-11-19 10:30:00,7.27838
NSI20081217,287,North Stradbroke,-27.345,153.562,2008-12-17 11:00:00,32.91347
ESP20090512,33,Esperance,-33.93333,121.85,2009-05-12 12:10:00,23.95266
NSI20090916,165,North Stradbroke,-27.345,153.562,2009-09-17 08:30:00,15.22545
MAI20090820,67,Maria Island,-42.59667,148.23333,2009-08-20 11:30:00,1.94055
NSI20091015,82,North Stradbroke,-27.345,153.562,2009-10-15 10:10:00,29.14568
ROT20091222,104,Rottnest Island,-32,115.41667,2009-12-22 10:00:00,9.13155
YON20091123,170,Yongala,-19.30847,147.61842,2009-11-23 11:45:00,24.45499
YON20100119,16,Yongala,-19.30847,147.61842,2010-01-19 10:45:00,43.76873
PHB20100119,39,Port Hacking,-34.11923,151.22667,2010-01-20 09:20:00,63.7881
KAI20100112,123,Kangaroo Island,-35.83217,136.44733,2010-01-13 07:00:00,12.34528
KAI20091215,174,Kangaroo Island,-35.83217,136.44733,2009-12-16 07:15:00,0.76738
KAI20091115,175,Kangaroo Island,-35.83217,136.44733,2009-11-16 08:30:00,3.18268
NSI20110119,167,North Stradbroke,-27.345,153.562,2011-01-19 10:00:00,13.66304
PHB20100908,126,Port Hacking,-34.11923,151.22667,2010-09-09 09:30:00,67.34917
YON20100909,9,Yongala,-19.30847,147.61842,2010-09-09 11:00:00,9.42564
YON20100817,89,Yongala,-19.30847,147.61842,2010-08-17 10:15:00,7.41266
MAI20101001,185,Maria Island,-42.59667,148.23333,2010-10-01 12:40:00,2.71854
NIN20101108,6,Ningaloo,-21.99,113.779,2010-11-08 15:00:00,33.15651
YON20110527,45,Yongala,-19.30847,147.61842,2011-05-27 10:50:00,14.4581
YON20110720,100,Yongala,-19.30847,147.61842,2011-07-20 11:37:00,8.37953
PHB20110717,196,Port Hacking,-34.11923,151.22667,2011-07-18 09:38:00,0.41374
NSI20111013,78,North Stradbroke,-27.345,153.562,2011-10-13 10:30:00,10.08815
PHB20110914,199,Port Hacking,-34.11923,151.22667,2011-09-15 09:43:00,1.45696
ESP20110512,27,Esperance,-33.93333,121.85,2011-05-12 10:10:00,14.11383
ROT20110725,149,Rottnest Island,-32,115.41667,2011-07-25 10:20:00,14.71108
ROT20111020,144,Rottnest Island,-32,115.41667,2011-10-20 12:00:00,5.27304
ROT20111221,114,Rottnest Island,-32,115.41667,2011-12-21 15:45:00,14.66393
YON20111213,18,Yongala,-19.30847,147.61842,2011-12-13 12:55:00,12.17309
YON20120208,14,Yongala,-19.30847,147.61842,2012-02-08 10:49:00,39.13071
PHB20120311,62,Port Hacking,-34.11923,151.22667,2012-03-12 09:00:00,4.44161
YON20120615,309,Yongala,-19.30847,147.61842,2012-06-15 10:41:00,25.84232
YON20120816,311,Yongala,-19.30847,147.61842,2012-08-16 00:00:00,4.13477
MAI20120820,283,Maria Island,-42.59667,148.23333,2012-08-20 11:15:00,1.94939
DAR20130617_15:00,429,Darwin,-12.4,130.76805,2013-06-18 00:30:00,23.69333
DAR20130617_18:30,430,Darwin,-12.4,130.76805,2013-06-18 04:00:00,19.49395
MAI20130214,399,Maria Island,-42.59667,148.23333,2013-02-14 11:00:00,9.89238
NSI20130806,415,North Stradbroke,-27.345,153.562,2013-08-06 10:15:00,13.50873
YON20130719,426,Yongala,-19.30847,147.61842,2013-07-19 11:08:00,11.32981
NIN20130806,437,Ningaloo,-21.99,113.779,2013-08-06 14:03:00,26.50823
ROT20130517,442,Rottnest Island,-32,115.41667,2013-05-17 10:00:00,14.39674
ROT20130712,443,Rottnest Island,-32,115.41667,2013-07-12 12:35:00,12.44783
MAI20130821,448,Maria Island,-42.59667,148.23333,2013-08-21 11:21:00,0.67632
MAI20130129,392,Maria Island,-42.59667,148.23333,2013-01-30 10:33:00,18.95908
NIN20120509,366,Ningaloo,-21.99,113.779,2012-05-09 10:50:00,25.84341
NSI20131016,451,North Stradbroke,-27.345,153.562,2013-10-16 10:40:00,17.93877
ESP20130314,434,Esperance,-33.93333,121.85,2013-03-14 09:24:00,14.29458
NSI20140507,484,North Stradbroke,-27.345,153.562,2014-05-07 10:25:00,9.94026
ROT20131001,459,Rottnest Island,-32,115.41667,2013-10-01 11:55:00,96.76937
ROT20131017,460,Rottnest Island,-32,115.41667,2013-10-17 08:00:00,9.29658
PHB20140211,481,Port Hacking,-34.11923,151.22667,2014-02-12 09:57:00,4.54063
PHB20140317,488,Port Hacking,-34.11923,151.22667,2014-03-18 09:48:00,4.66508
DAR20140403,490,Darwin,-12.4,130.76805,2014-04-04 08:03:00,69.4428
YON20140501,522,Yongala,-19.30847,147.61842,2014-05-01 11:25:00,18.40245
YON20140624,524,Yongala,-19.30847,147.61842,2014-06-24 10:53:00,1.27851
YON20140122,472,Yongala,-19.30847,147.61842,2014-01-22 10:00:00,9.35764
YON20140317,474,Yongala,-19.30847,147.61842,2014-03-17 14:07:00,25.80152
YON20131205,471,Yongala,-19.30847,147.61842,2013-12-05 11:26:00,191.84525
DAR20150202_21:30,550,Darwin,-12.4,130.76805,2015-02-03 07:00:00,29.88895
MAI20140821,529,Maria Island,-42.59667,148.23333,2014-08-21 11:50:00,1.15048
NSI20141223,538,North Stradbroke,-27.345,153.562,2014-12-23 10:35:00,10.52536
MAI20141208,543,Maria Island,-42.59667,148.23333,2014-12-09 10:05:00,4.19053
PHB20141208,545,Port Hacking,-34.11923,151.22667,2014-12-09 09:51:00,2.95599
YON20150804,646,Yongala,-19.30847,147.61842,2015-08-04 11:45:00,3.85851
PHB20150819,650,Port Hacking,-34.11923,151.22667,2015-08-19 10:03:00,4.91194
NSI20150512,617,North Stradbroke,-27.345,153.562,2015-05-12 10:15:00,9.68951
YON20150119,622,Yongala,-19.30847,147.61842,2015-01-19 11:25:00,18.76968
MAI20151118,642,Maria Island,-42.59667,148.23333,2015-11-19 10:45:00,24.51847
YON20141209,621,Yongala,-19.30847,147.61842,2014-12-09 10:04:00,6.92302
KAI20150629,640,Kangaroo Island,-35.83217,136.44733,2015-06-30 07:35:00,0.43496
DAR20160723,722,Darwin,-12.4,130.76805,2016-07-24 08:00:00,25.98153
PHB20160829,730,Port Hacking,-34.11923,151.22667,2016-08-30 09:20:00,9.39953
PHB20160229,703,Port Hacking,-34.11923,151.22667,2016-03-01 09:00:00,11.22427
ROT20161214,756,Rottnest Island,-32,115.41667,2016-12-14 09:35:00,9.66122
ROT20170303,758,Rottnest Island,-32,115.41667,2017-03-03 10:30:00,14.10283
DAR20170202_2130,752,Darwin,-12.4,130.76805,2017-02-03 07:00:00,56.44356
YON20170426,781,Yongala,-19.30847,147.61842,2017-04-26 10:20:00,29.87481
PHB20161204,748,Port Hacking,-34.11923,151.22667,2016-12-05 09:45:00,16.92128
PHB20170321,762,Port Hacking,-34.11923,151.22667,2017-03-22 09:21:00,6.40427
PHB20170419,763,Port Hacking,-34.11923,151.22667,2017-04-19 10:00:00,9.12723
ROT20170428,776,Rottnest Island,-32,115.41667,2017-04-28 09:52:00,4.29859
NSI20170829,785,North Stradbroke,-27.345,153.562,2017-08-29 11:50:00,10.22317
NSI20170927,787,North Stradbroke,-27.345,153.562,2017-09-27 10:40:00,16.08703
PHB20170921,796,Port Hacking,-34.11923,151.22667,2017-09-22 08:48:00,16.79751
DAR20180209_0630,832,Darwin,-12.4,130.76805,2018-02-09 16:00:00,33.61363
ROT20171214,825,Rottnest Island,-32,115.41667,2017-12-14 09:37:00,20.10986
PHB20180528,844,Port Hacking,-34.11923,151.22667,2018-05-29 09:50:00,17.22186
YON20180425,849,Yongala,-19.30847,147.61842,2018-04-26 09:48:00,12.19322
DAR20180731_0330,853,Darwin,-12.4,130.76805,2018-07-31 13:00:00,207.90013
ROT20190221,890,Rottnest Island,-32,115.41667,2019-02-21 09:30:00,8.74649
MAI20190430,897,Maria Island,-42.59667,148.23333,2019-05-01 09:47:00,24.60334
MAI20190106,878,Maria Island,-42.59667,148.23333,2019-01-07 08:50:00,18.43747
ROT20190507,905,Rottnest Island,-32,115.41667,2019-05-07 09:40:00,25.84655
KAI20190320,910,Kangaroo Island,-35.83217,136.44733,2019-03-20 13:40:00,12.09774
YON20190507,914,Yongala,-19.30847,147.61842,2019-05-07 11:30:00,36.64169
NSI20190821,974,North Stradbroke,-27.345,153.562,2019-08-21 10:40:00,10.04314
ROT20200814,1080,Rottnest Island,-32,115.41667,2020-08-14 09:21:00,11.72289
MAI20200909,1082,Maria Island,-42.59667,148.23333,2020-09-10 09:00:00,6.37951
YON20190826,990,Yongala,-19.30847,147.61842,2019-08-26 10:40:00,9.68951
NSI20200122,1003,North Stradbroke,-27.345,153.562,2020-01-22 10:35:00,22.25308
MAI20191015,999,Maria Island,-42.59667,148.23333,2019-10-16 09:40:00,32.86418
ROT20200304,1017,Rottnest Island,-32,115.41667,2020-03-04 09:25:00,13.99596
ROT20191011,995,Rottnest Island,-32,115.41667,2019-10-11 10:07:00,53.99073
YON20200306,1022,Yongala,-19.30847,147.61842,2020-03-06 10:25:00,53.98325
MAI20200223,1024,Maria Island,-42.59667,148.23333,2020-02-24 10:30:00,8.65219
MAI20201020,1138,Maria Island,-42.59667,148.23333,2020-10-21 10:10:00,22.48626
MAI20200928,1149,Maria Island,-42.59667,148.23333,2020-09-29 09:00:00,4.99328
PHB20090318,102,Port Hacking,-34.11923,151.22667,2009-03-19 09:39:00,17.84779
NSI20081030,285,North Stradbroke,-27.345,153.562,2008-10-30 10:30:00,12.36425
NSI20090416,291,North Stradbroke,-27.345,153.562,2009-04-16 10:30:00,10.14601
NSI20090618,293,North Stradbroke,-27.345,153.562,2009-06-18 13:30:00,23.54544
NSI20090819,295,North Stradbroke,-27.345,153.562,2009-08-20 08:45:00,52.6847
MAI20090506,32,Maria Island,-42.59667,148.23333,2009-05-06 11:20:00,4.04466
ESP20090623,64,Esperance,-33.93333,121.85,2009-06-23 09:20:00,10.45178
ESP20091216,50,Esperance,-33.93333,121.85,2009-12-16 09:45:00,7.3241
PHB20100609,145,Port Hacking,-34.11923,151.22667,2010-06-09 10:53:00,9.82035
MAI20100505,153,Maria Island,-42.59667,148.23333,2010-05-05 11:30:00,8.77006
KAI20100419,52,Kangaroo Island,-35.83217,136.44733,2010-04-20 07:00:00,0.96541
ROT20100520,154,Rottnest Island,-32,115.41667,2010-05-20 10:05:00,6.01959
ROT20100617,17,Rottnest Island,-32,115.41667,2010-06-17 10:05:00,15.62266
NSI20100711,110,North Stradbroke,-27.345,153.562,2010-07-12 08:45:00,18.41457
NSI20101215,162,North Stradbroke,-27.345,153.562,2010-12-16 08:30:00,12.00419
PHB20101110,1,Port Hacking,-34.11923,151.22667,2010-11-11 09:10:00,10.41799
YON20101101,70,Yongala,-19.30847,147.61842,2010-11-01 11:45:00,8.55516
KAI20110319,55,Kangaroo Island,-35.83217,136.44733,2011-03-20 09:40:00,0.31826
PHB20110329,193,Port Hacking,-34.11923,151.22667,2011-03-30 09:33:00,3.41961
ESP20110120,90,Esperance,-33.93333,121.85,2011-01-20 08:50:00,3.66205
ROT20100820,140,Rottnest Island,-32,115.41667,2010-08-20 14:30:00,20.92714
ROT20101124,51,Rottnest Island,-32,115.41667,2010-11-24 11:07:00,10.92329
ROT20110125,128,Rottnest Island,-32,115.41667,2011-01-25 09:10:00,4.51077
PHB20110619,15,Port Hacking,-34.11923,151.22667,2011-06-20 09:34:00,1.35087
NSI20110816,130,North Stradbroke,-27.345,153.562,2011-08-16 10:00:00,16.5371
PHB20111018,63,Port Hacking,-34.11923,151.22667,2011-10-19 09:31:00,8.30681
KAI20111115,202,Kangaroo Island,-35.83217,136.44733,2011-11-15 11:30:00,2.34104
NSI20120213,116,North Stradbroke,-27.345,153.562,2012-02-14 08:00:00,6.75115
ROT20120130,57,Rottnest Island,-32,115.41667,2012-01-30 11:09:00,13.79949
PHB20120212,43,Port Hacking,-34.11923,151.22667,2012-02-13 10:00:00,12.56453
KAI20120215,97,Kangaroo Island,-35.83217,136.44733,2012-02-15 11:50:00,1.61256
DAR20120729_16:30,204,Darwin,-12.4,130.76805,2012-07-30 02:00:00,57.75986
DAR20120729_22:30,206,Darwin,-12.4,130.76805,2012-07-30 08:00:00,29.32068
DAR20130617_08:00,418,Darwin,-12.4,130.76805,2013-06-17 17:30:00,11.8236
YON20120918,375,Yongala,-19.30847,147.61842,2012-09-18 11:00:00,3.06027
DAR20130405,394,Darwin,-12.4,130.76805,2013-04-05 09:40:00,3.21636
NSI20130418,396,North Stradbroke,-27.345,153.562,2013-04-18 10:05:00,8.72506
YON20121129,373,Yongala,-19.30847,147.61842,2012-11-29 10:40:00,15.39658
MAI20121017,379,Maria Island,-42.59667,148.23333,2012-10-18 10:52:00,22.72084
ROT20121019,388,Rottnest Island,-32,115.41667,2012-10-19 09:54:00,13.86236
PHB20130915,424,Port Hacking,-34.11923,151.22667,2013-09-16 08:15:00,4.36538
ROT20120824,361,Rottnest Island,-32,115.41667,2012-08-24 11:06:00,8.55003
PHB20120917,382,Port Hacking,-34.11923,151.22667,2012-09-18 09:38:00,54.31784
MAI20121112,391,Maria Island,-42.59667,148.23333,2012-11-13 10:45:00,17.11135
NSI20130520,407,North Stradbroke,-27.345,153.562,2013-05-20 10:05:00,11.20691
NIN20120226,24,Ningaloo,-21.99,113.779,2012-02-26 09:54:00,26.25362
NSI20131121,450,North Stradbroke,-27.345,153.562,2013-11-22 09:55:00,14.64035
MAI20130807,446,Maria Island,-42.59667,148.23333,2013-08-07 11:30:00,2.81431
NSI20161215,733,North Stradbroke,-27.345,153.562,2016-12-15 10:15:00,42.08861
PHB20131202,477,Port Hacking,-34.11923,151.22667,2013-12-03 09:30:00,3.12964
PHB20140427,513,Port Hacking,-34.11923,151.22667,2014-04-28 09:38:00,5.86675
ROT20140519,520,Rottnest Island,-32,115.41667,2014-05-19 12:22:00,6.82902
DAR20140117_19:50,468,Darwin,-12.4,130.76805,2014-01-18 05:20:00,1.44399
ROT20131218,464,Rottnest Island,-32,115.41667,2013-12-18 10:43:00,24.18841
DAR20140118_03:30,467,Darwin,-12.4,130.76805,2014-01-18 13:00:00,112.3717
KAI20141201,547,Kangaroo Island,-35.83217,136.44733,2014-12-02 06:05:00,45.93323
PHB20141112,549,Port Hacking,-34.11923,151.22667,2014-11-13 09:36:00,5.67246
DAR20150203_00:30,554,Darwin,-12.4,130.76805,2015-02-03 10:00:00,48.44755
KAI20140713,530,Kangaroo Island,-35.83217,136.44733,2014-07-13 16:13:00,3.87934
ROT20140902,532,Rottnest Island,-32,115.41667,2014-09-02 11:55:00,11.26906
PHB20150121,544,Port Hacking,-34.11923,151.22667,2015-01-22 09:48:00,4.59721
KAI20141029,546,Kangaroo Island,-35.83217,136.44733,2014-10-29 11:00:00,5.21253
MAI20150811,651,Maria Island,-42.59667,148.23333,2015-08-12 09:35:00,1.36737
PHB20150330,639,Port Hacking,-34.11923,151.22667,2015-03-31 09:32:00,4.85341
DAR20150803_22:30,659,Darwin,-12.4,130.76805,2015-08-04 08:00:00,30.58073
DAR20150804_04:30,661,Darwin,-12.4,130.76805,2015-08-04 14:00:00,20.51064
YON20150618,631,Yongala,-19.30847,147.61842,2015-06-18 10:55:00,17.24635
NSI20151119,645,North Stradbroke,-27.345,153.562,2015-11-19 10:24:00,9.38088
DAR20160724_0130,723,Darwin,-12.4,130.76805,2016-07-24 11:01:00,22.83716
DAR20160724_0430,724,Darwin,-12.4,130.76805,2016-07-24 14:00:00,27.8485
NSI20161019,727,North Stradbroke,-27.345,153.562,2016-10-20 09:40:00,13.02007
MAI20160209,675,Maria Island,-42.59667,148.23333,2016-02-10 10:45:00,4.24358
NSI20160318,679,North Stradbroke,-27.345,153.562,2016-03-18 10:30:00,14.54391
NSI20160412,680,North Stradbroke,-27.345,153.562,2016-04-12 10:45:00,7.38126
MAI20160530,682,Maria Island,-42.59667,148.23333,2016-05-31 09:45:00,3.78621
MAI20160630,697,Maria Island,-42.59667,148.23333,2016-07-01 09:30:00,0.40078
ROT20151215,671,Rottnest Island,-32,115.41667,2015-12-15 08:22:00,7.35554
YON20160624,709,Yongala,-19.30847,147.61842,2016-06-24 10:00:00,12.20029
NSI20170424,750,North Stradbroke,-27.345,153.562,2017-04-24 11:00:00,11.30335
DAR20170714_2130,788,Darwin,-12.4,130.76805,2017-07-15 07:00:00,123.14707
NSI20171023,795,North Stradbroke,-27.345,153.562,2017-10-23 10:25:00,11.76886
YON20180329,837,Yongala,-19.30847,147.61842,2018-03-29 10:27:00,24.19657
DAR20180208_2130,810,Darwin,-12.4,130.76805,2018-02-09 07:00:00,56.75541
MAI20180315,835,Maria Island,-42.59667,148.23333,2018-03-16 08:45:00,23.33969
ROT20180921,863,Rottnest Island,-32,115.41667,2018-09-21 09:27:00,4.99799
YON20180621,865,Yongala,-19.30847,147.61842,2018-06-21 11:30:00,21.86859
DAR20181030,866,Darwin,-12.4,130.76805,2018-10-31 08:26:00,(null)
MAI20180627,842,Maria Island,-42.59667,148.23333,2018-06-28 09:00:00,7.0632
YON20180817,856,Yongala,-19.30847,147.61842,2018-08-17 10:23:00,21.81908
NSI20181115,887,North Stradbroke,-27.345,153.562,2018-11-15 10:40:00,15.10007
ROT20190621,907,Rottnest Island,-32,115.41667,2019-06-21 09:15:00,3.76421
ROT20181130,876,Rottnest Island,-32,115.41667,2018-11-30 09:33:00,11.40266
NSI20190527,901,North Stradbroke,-27.345,153.562,2019-05-27 10:15:00,13.87522
NSI20190916,975,North Stradbroke,-27.345,153.562,2019-09-16 10:20:00,8.55788
ROT20190125,889,Rottnest Island,-32,115.41667,2019-01-25 09:35:00,9.48519
DAR20191105,1005,Darwin,-12.4,130.76805,2019-11-06 07:38:00,41.06691
DAR20200203_2130,1006,Darwin,-12.4,130.76805,2020-02-04 07:00:00,60.1174
KAI20200204,1011,Kangaroo Island,-35.83217,136.44733,2020-02-04 14:25:00,12.02701
PHB20191216,1013,Port Hacking,-34.11923,151.22667,2019-12-17 09:02:00,4.95791
NSI20200528,1046,North Stradbroke,-27.345,153.562,2020-05-28 11:00:00,8.07566
MAI20200526,1053,Maria Island,-42.59667,148.23333,2020-05-26 10:10:00,8.75592
KAI20201123,1198,Kangaroo Island,-35.83217,136.44733,2020-11-24 06:55:00,(null)
PHB20200922,1140,Port Hacking,-34.11923,151.22667,2020-09-23 09:19:00,9.45423
PHB20201013,1141,Port Hacking,-34.11923,151.22667,2020-10-14 09:48:00,(null)
ROT20201127,1145,Rottnest Island,-32,115.41667,2020-11-27 09:05:00,(null)
YON20200904,1146,Yongala,-19.30847,147.61842,2020-09-04 11:11:00,12.90756
NSI20080929,284,North Stradbroke,-27.345,153.562,2008-09-29 10:30:00,13.02007
NSI20090318,290,North Stradbroke,-27.345,153.562,2009-03-18 10:30:00,10.95615
NSI20090527,292,North Stradbroke,-27.345,153.562,2009-05-27 12:03:00,11.05903
NSI20090720,294,North Stradbroke,-27.345,153.562,2009-07-20 11:07:00,45.98499
MAI20090421,31,Maria Island,-42.59667,148.23333,2009-04-21 11:45:00,3.13848
MAI20090716,22,Maria Island,-42.59667,148.23333,2009-07-16 11:36:00,2.15273
MAI20091111,37,Maria Island,-42.59667,148.23333,2009-11-11 11:30:00,32.52086
PHB20091018,121,Port Hacking,-34.11923,151.22667,2009-10-19 09:55:00,19.84935
PHB20091011,103,Port Hacking,-34.11923,151.22667,2009-10-12 09:28:00,93.34464
NSI20100411,5,North Stradbroke,-27.345,153.562,2010-04-12 08:35:00,17.15435
NSI20100817,182,North Stradbroke,-27.345,153.562,2010-08-18 08:25:00,17.76517
KAI20101213,85,Kangaroo Island,-35.83217,136.44733,2010-12-14 08:30:00,4.15517
PHB20101213,109,Port Hacking,-34.11923,151.22667,2010-12-14 09:30:00,23.30079
YON20110217,157,Yongala,-19.30847,147.61842,2011-02-17 11:30:00,25.29236
NSI20110220,190,North Stradbroke,-27.345,153.562,2011-02-21 09:40:00,7.1305
MAI20101027,188,Maria Island,-42.59667,148.23333,2010-10-27 12:50:00,13.44684
MAI20101214,91,Maria Island,-42.59667,148.23333,2010-12-14 11:05:00,26.42513
ROT20100924,42,Rottnest Island,-32,115.41667,2010-09-24 12:22:00,6.64041
ROT20110324,119,Rottnest Island,-32,115.41667,2011-03-24 09:35:00,4.62864
DAR20110627,46,Darwin,-12.4,130.76805,2011-06-27 13:48:00,5.56585
NIN20110209,112,Ningaloo,-21.99,113.779,2011-02-09 10:15:00,59.31112
MAI20110812,29,Maria Island,-42.59667,148.23333,2011-08-12 10:55:00,0.65421
KAI20110718,60,Kangaroo Island,-35.83217,136.44733,2011-07-19 09:00:00,0.0106
NSI20120229,296,North Stradbroke,-27.345,153.562,2012-03-01 09:45:00,9.09155
MAI20111026,150,Maria Island,-42.59667,148.23333,2011-10-26 11:00:00,14.92326
NSI20120620,298,North Stradbroke,-27.345,153.562,2012-06-20 10:20:00,7.7156
PHB20120517,21,Port Hacking,-34.11923,151.22667,2012-05-18 09:33:00,5.6581
PHB20120628,304,Port Hacking,-34.11923,151.22667,2012-06-28 10:00:00,3.88994
YON20120604,308,Yongala,-19.30847,147.61842,2012-06-04 10:30:00,13.60122
DAR20120729_19:30,205,Darwin,-12.4,130.76805,2012-07-30 05:00:00,49.6622
DAR20120730_01:30,207,Darwin,-12.4,130.76805,2012-07-30 11:00:00,30.95885
NSI20130326,395,North Stradbroke,-27.345,153.562,2013-03-26 11:10:00,8.80864
DAR20121208_20:00,369,Darwin,-12.4,130.76805,2012-12-09 05:30:00,53.57521
ROT20120221,58,Rottnest Island,-32,115.41667,2012-02-21 09:40:00,12.11778
NIN20130209,386,Ningaloo,-21.99,113.779,2013-02-09 09:22:00,49.52259
PHB20130319,431,Port Hacking,-34.11923,151.22667,2013-03-20 09:27:00,2.04045
PHB20130514,433,Port Hacking,-34.11923,151.22667,2013-05-15 09:40:00,0.73226
YON20121219,372,Yongala,-19.30847,147.61842,2012-12-19 10:20:00,43.52391
NSI20130111,376,North Stradbroke,-27.345,153.562,2013-01-11 10:40:00,14.47318
PHB20121009,381,Port Hacking,-34.11923,151.22667,2012-10-10 09:44:00,9.87693
ROT20121126,389,Rottnest Island,-32,115.41667,2012-11-26 11:02:00,11.11189
YON20130515,406,Yongala,-19.30847,147.61842,2013-05-15 10:30:00,26.54958
ROT20120727,360,Rottnest Island,-32,115.41667,2012-07-27 09:55:00,13.95666
ROT20120523,359,Rottnest Island,-32,115.41667,2012-05-23 12:22:00,15.18259
DAR20130916,420,Darwin,-12.4,130.76805,2013-09-16 11:26:00,32.88775
ESP20130725,435,Esperance,-33.93333,121.85,2013-07-25 09:57:00,5.85457
MAI20130924,447,Maria Island,-42.59667,148.23333,2013-09-24 11:40:00,0.21723
NSI20131212,453,North Stradbroke,-27.345,153.562,2013-12-12 10:20:00,11.07831
MAI20131217,458,Maria Island,-42.59667,148.23333,2013-12-17 11:05:00,19.56467
PHB20131027,476,Port Hacking,-34.11923,151.22667,2013-10-28 10:17:00,8.93981
PHB20140120,478,Port Hacking,-34.11923,151.22667,2014-01-21 09:43:00,4.40034
MAI20140122,480,Maria Island,-42.59667,148.23333,2014-01-23 10:50:00,20.30318
DAR20140702,495,Darwin,-12.4,130.76805,2014-07-03 09:08:00,31.04592
PHB20140716,516,Port Hacking,-34.11923,151.22667,2014-07-16 10:00:00,5.15595
NSI20140306,461,North Stradbroke,-27.345,153.562,2014-03-06 10:15:00,23.1468
DAR20140117_21:30,465,Darwin,-12.4,130.76805,2014-01-18 07:00:00,36.83664
DAR20150203_06:30,552,Darwin,-12.4,130.76805,2015-02-03 16:00:00,32.54827
NSI20141107,537,North Stradbroke,-27.345,153.562,2014-11-07 10:35:00,11.34836
MAI20151001,648,Maria Island,-42.59667,148.23333,2015-10-01 11:05:00,26.87601
DAR20150803_19:32,658,Darwin,-12.4,130.76805,2015-08-04 05:02:00,60.0732
KAI20151116,663,Kangaroo Island,-35.83217,136.44733,2015-11-17 09:50:00,6.52097
YON20150601,630,Yongala,-19.30847,147.61842,2015-06-01 12:55:00,10.48654
ROT20161004,720,Rottnest Island,-32,115.41667,2016-10-04 10:38:00,19.42617
ROT20160324,685,Rottnest Island,-32,115.41667,2016-03-24 09:47:00,5.34376
DAR20160201_2130,691,Darwin,-12.4,130.76805,2016-02-02 07:00:00,20.39276
DAR20160202_0030,692,Darwin,-12.4,130.76805,2016-02-02 10:00:00,9.07654
DAR20160202_0330,693,Darwin,-12.4,130.76805,2016-02-02 13:00:00,60.30352
PHB20160407,704,Port Hacking,-34.11923,151.22667,2016-04-08 09:13:00,6.23452
YON20160725,717,Yongala,-19.30847,147.61842,2016-07-25 10:25:00,12.14589
DAR20161107,751,Darwin,-12.4,130.76805,2016-11-08 08:11:00,22.03568
YON20161012,740,Yongala,-19.30847,147.61842,2016-10-12 10:26:00,14.40369
YON20170322,780,Yongala,-19.30847,147.61842,2017-03-22 12:00:00,21.50081
DAR20170715_0030,789,Darwin,-12.4,130.76805,2017-07-15 10:00:00,170.11654
MAI20170601,764,Maria Island,-42.59667,148.23333,2017-06-02 09:00:00,11.73114
ROT20171123,828,Rottnest Island,-32,115.41667,2017-11-23 10:05:00,13.44569
PHB20161030,747,Port Hacking,-34.11923,151.22667,2016-10-31 09:35:00,8.91152
NSI20171219,804,North Stradbroke,-27.345,153.562,2017-12-19 10:45:00,8.28141
NSI20180320,814,North Stradbroke,-27.345,153.562,2018-03-20 10:40:00,10.2939
PHB20171211,822,Port Hacking,-34.11923,151.22667,2017-12-12 08:54:00,23.96916
MAI20180116,806,Maria Island,-42.59667,148.23333,2018-01-17 10:30:00,51.00785
YON20180130,820,Yongala,-19.30847,147.61842,2018-01-30 10:05:00,18.53846
YON20180220,824,Yongala,-19.30847,147.61842,2018-02-20 10:30:00,21.32671
DAR20180209_0030,811,Darwin,-12.4,130.76805,2018-02-09 10:00:00,42.65144
KAI20180515,841,Kangaroo Island,-35.83217,136.44733,2018-05-16 08:15:00,4.44161
PHB20180626,845,Port Hacking,-34.11923,151.22667,2018-06-27 09:41:00,(null)
MAI20180919,859,Maria Island,-42.59667,148.23333,2018-09-20 09:50:00,12.25923
ROT20180727,862,Rottnest Island,-32,115.41667,2018-07-27 09:33:00,18.29455
KAI20181204,879,Kangaroo Island,-35.83217,136.44733,2018-12-04 15:39:00,10.77869
NSI20190416,900,North Stradbroke,-27.345,153.562,2019-04-16 10:10:00,11.59912
PHB20190626,909,Port Hacking,-34.11923,151.22667,2019-06-27 09:38:00,1.57366
YON20190313,912,Yongala,-19.30847,147.61842,2019-03-13 10:10:00,9.60463
NSI20190723,973,North Stradbroke,-27.345,153.562,2019-07-23 10:20:00,12.10063
DAR20190723_0030,977,Darwin,-12.4,130.76805,2019-07-23 10:00:00,74.98762
PHB20190827,981,Port Hacking,-34.11923,151.22667,2019-08-28 09:59:00,16.61715
ROT20190711,984,Rottnest Island,-32,115.41667,2019-07-11 09:26:00,13.73013
DAR20190214_0330,894,Darwin,-12.4,130.76805,2019-02-14 13:00:00,10.98338
NSI20201022,1087,North Stradbroke,-27.345,153.562,2020-10-22 10:05:00,7.16908
DAR20200810,1088,Darwin,-12.4,130.76805,2020-08-11 08:25:00,28.66627
DAR20200921_2130,1089,Darwin,-12.4,130.76805,2020-09-22 07:00:00,457.0784
YON20191202,994,Yongala,-19.30847,147.61842,2019-12-03 09:45:00,22.50866
DAR20200511,1062,Darwin,-12.4,130.76805,2020-05-12 08:20:00,205.66809
KAI20200527,1063,Kangaroo Island,-35.83217,136.44733,2020-05-28 08:30:00,3.97482
MAI20200810,1064,Maria Island,-42.59667,148.23333,2020-08-10 10:05:00,4.84239
PHB20200520,1065,Port Hacking,-34.11923,151.22667,2020-05-20 10:01:00,1.13162
YON20200926,1147,Yongala,-19.30847,147.61842,2020-09-26 12:33:00,18.49494
DAR20201123,1137,Darwin,-12.4,130.76805,2020-11-24 07:23:00,(null)
ROT20201013,1143,Rottnest Island,-32,115.41667,2020-10-13 09:18:00,(null)
PHB20090223,169,Port Hacking,-34.11923,151.22667,2009-02-24 09:27:00,140.08416
PHB20090518,80,Port Hacking,-34.11923,151.22667,2009-05-19 09:25:00,44.25701
PHB20090714,79,Port Hacking,-34.11923,151.22667,2009-07-15 09:15:00,2.75832
NSI20091215,66,North Stradbroke,-27.345,153.562,2009-12-16 09:00:00,25.58365
ESP20090917,135,Esperance,-33.93333,121.85,2009-09-17 09:40:00,7.84276
MAI20100330,107,Maria Island,-42.59667,148.23333,2010-03-30 11:40:00,7.06379
PHB20100413,303,Port Hacking,-34.11923,151.22667,2010-04-14 09:18:00,51.4322
MAI20100527,40,Maria Island,-42.59667,148.23333,2010-05-27 11:30:00,4.16401
ESP20100322,106,Esperance,-33.93333,121.85,2010-03-22 09:40:00,12.27495
ROT20100315,84,Rottnest Island,-32,115.41667,2010-03-15 10:00:00,74.29411
NSI20100618,87,North Stradbroke,-27.345,153.562,2010-06-18 12:30:00,21.73871
ESP20100629,88,Esperance,-33.93333,121.85,2010-06-29 10:05:00,7.15122
NSI20110323,192,North Stradbroke,-27.345,153.562,2011-03-23 10:20:00,6.17891
MAI20110223,158,Maria Island,-42.59667,148.23333,2011-02-23 11:15:00,8.83637
MAI20110328,44,Maria Island,-42.59667,148.23333,2011-03-29 10:30:00,8.9292
NSI20110623,131,North Stradbroke,-27.345,153.562,2011-06-23 10:25:00,6.53897
NSI20110727,101,North Stradbroke,-27.345,153.562,2011-07-28 09:30:00,6.35251
MAI20111005,77,Maria Island,-42.59667,148.23333,2011-10-05 12:24:00,11.93507
NIN20111107,92,Ningaloo,-21.99,113.779,2011-11-07 10:00:00,18.36056
YON20120112,73,Yongala,-19.30847,147.61842,2012-01-12 11:30:00,17.31435
MAI20120119,156,Maria Island,-42.59667,148.23333,2012-01-19 12:00:00,12.92524
KAI20120116,10,Kangaroo Island,-35.83217,136.44733,2012-01-17 07:00:00,3.46735
NSI20121017,302,North Stradbroke,-27.345,153.562,2012-10-17 10:20:00,21.71942
DAR20130617_11:30,419,Darwin,-12.4,130.76805,2013-06-17 21:00:00,23.55495
KAI20130506,402,Kangaroo Island,-35.83217,136.44733,2013-05-07 07:55:00,41.55527
YON20130131,403,Yongala,-19.30847,147.61842,2013-01-31 10:15:00,80.53284
NIN20121107,385,Ningaloo,-21.99,113.779,2012-11-07 12:00:00,8.19011
KAI20120415,59,Kangaroo Island,-35.83217,136.44733,2012-04-15 10:42:00,1.77876
PHB20100218,61,Port Hacking,-34.11923,151.22667,2010-02-19 09:05:00,26.51177
ROT20120329,74,Rottnest Island,-32,115.41667,2012-03-29 10:03:00,18.98609
ROT20120504,358,Rottnest Island,-32,115.41667,2012-05-04 13:00:00,13.42229
KAI20090601,120,Kangaroo Island,-35.83217,136.44733,2009-06-02 08:00:00,(null)
KAI20090205,134,Kangaroo Island,-35.83217,136.44733,2009-02-05 14:05:00,(null)
KAI20091007,178,Kangaroo Island,-35.83217,136.44733,2009-10-08 06:00:00,(null)
KAI20130827,454,Kangaroo Island,-35.83217,136.44733,2013-08-28 08:55:00,1.71865
MAI20140318,485,Maria Island,-42.59667,148.23333,2014-03-19 10:55:00,41.08258
NSI20140404,483,North Stradbroke,-27.345,153.562,2014-04-04 10:45:00,14.57605
DAR20140906_06:30,510,Darwin,-12.4,130.76805,2014-09-06 16:00:00,32.76988
PHB20140612,515,Port Hacking,-34.11923,151.22667,2014-06-13 09:20:00,11.32329
PHB20160615,715,Port Hacking,-34.11923,151.22667,2016-06-15 11:06:00,3.7591
NSI20161116,732,North Stradbroke,-27.345,153.562,2016-11-16 10:15:00,13.11009
NSI20150119,540,North Stradbroke,-27.345,153.562,2015-01-19 10:35:00,12.58286
DAR20150203_03:30,551,Darwin,-12.4,130.76805,2015-02-03 13:00:00,26.79564
ROT20150224,558,Rottnest Island,-32,115.41667,2015-02-24 10:17:00,12.77003
MAI20141029,535,Maria Island,-42.59667,148.23333,2014-10-30 09:27:00,11.66984
MAI20141127,541,Maria Island,-42.59667,148.23333,2014-11-28 09:30:00,11.00502
ROT20150701,635,Rottnest Island,-32,115.41667,2015-07-01 09:46:00,16.5421
YON20150825,652,Yongala,-19.30847,147.61842,2015-08-25 10:45:00,6.80061
PHB20151013,666,Port Hacking,-34.11923,151.22667,2015-10-14 09:42:00,3.85458
NSI20150624,632,North Stradbroke,-27.345,153.562,2015-06-24 10:30:00,8.95009
NSI20151027,644,North Stradbroke,-27.345,153.562,2015-10-27 10:50:00,4.89297
DAR20150505,623,Darwin,-12.4,130.76805,2015-05-06 08:24:00,30.54985
YON20141120,620,Yongala,-19.30847,147.61842,2014-11-21 08:48:00,7.00462
ROT20160722,719,Rottnest Island,-32,115.41667,2016-07-22 13:20:00,20.89571
MAI20160321,677,Maria Island,-42.59667,148.23333,2016-03-22 10:11:00,6.08246
YON20160215,688,Yongala,-19.30847,147.61842,2016-02-15 10:18:00,32.2757
YON20160321,689,Yongala,-19.30847,147.61842,2016-03-21 10:31:00,16.68356
MAI20160720,698,Maria Island,-42.59667,148.23333,2016-07-21 09:30:00,0.32534
ROT20151022,670,Rottnest Island,-32,115.41667,2015-10-22 09:36:00,5.96458
NSI20151216,673,North Stradbroke,-27.345,153.562,2015-12-16 10:30:00,14.55034
NSI20160120,674,North Stradbroke,-27.345,153.562,2016-01-20 10:30:00,10.80827
ROT20160527,702,Rottnest Island,-32,115.41667,2016-05-27 09:30:00,25.02927
ROT20160621,705,Rottnest Island,-32,115.41667,2016-06-21 09:26:00,26.46737
DAR20160530,706,Darwin,-12.4,130.76805,2016-05-31 07:50:00,29.30428
NSI20160720,710,North Stradbroke,-27.345,153.562,2016-07-20 10:30:00,9.09155
MAI20160831,712,Maria Island,-42.59667,148.23333,2016-08-31 10:26:00,2.88563
ROT20160502,701,Rottnest Island,-32,115.41667,2016-05-02 09:44:00,12.73074
MAI20160927,713,Maria Island,-42.59667,148.23333,2016-09-27 10:10:00,10.4675
NSI20160920,714,North Stradbroke,-27.345,153.562,2016-09-20 10:15:00,10.52536
PHB20160926,742,Port Hacking,-34.11923,151.22667,2016-09-27 09:54:00,10.68675
PHB20170205,749,Port Hacking,-34.11923,151.22667,2017-02-06 10:49:00,8.86908
NSI20170516,766,North Stradbroke,-27.345,153.562,2017-05-16 10:20:00,10.49964
ROT20170626,778,Rottnest Island,-32,115.41667,2017-06-26 09:46:00,13.58731
YON20170705,783,Yongala,-19.30847,147.61842,2017-07-05 10:21:00,22.60414
KAI20170518,769,Kangaroo Island,-35.83217,136.44733,2017-05-18 11:15:00,5.59445
PHB20170517,772,Port Hacking,-34.11923,151.22667,2017-05-18 09:45:00,5.27265
DAR20170715_0330,790,Darwin,-12.4,130.76805,2017-07-15 13:00:00,242.84681
DAR20170715_0630,791,Darwin,-12.4,130.76805,2017-07-15 16:00:00,137.47436
YON20170220,746,Yongala,-19.30847,147.61842,2017-02-20 10:29:00,7.20864
DAR20170203_0630,761,Darwin,-12.4,130.76805,2017-02-03 16:00:00,47.67788
YON20170724,784,Yongala,-19.30847,147.61842,2017-07-24 10:45:00,4.99328
ROT20180125,823,Rottnest Island,-32,115.41667,2018-01-25 10:00:00,12.55392
ROT20180511,836,Rottnest Island,-32,115.41667,2018-05-11 09:21:00,7.94934
DAR20171009,808,Darwin,-12.4,130.76805,2017-10-10 07:57:00,87.81119
YON20181213,881,Yongala,-19.30847,147.61842,2018-12-13 10:30:00,12.27809
YON20190213,883,Yongala,-19.30847,147.61842,2019-02-13 10:26:00,15.33347
ROT20190306,904,Rottnest Island,-32,115.41667,2019-03-06 10:24:00,7.48913
PHB20181120,872,Port Hacking,-34.11923,151.22667,2018-11-21 09:24:00,4.81292
ROT20181211,877,Rottnest Island,-32,115.41667,2018-12-11 09:24:00,15.15115
KAI20190514,911,Kangaroo Island,-35.83217,136.44733,2019-05-14 15:35:00,6.5245
MAI20190828,916,Maria Island,-42.59667,148.23333,2019-08-29 09:20:00,4.80939
DAR20190723_0630,979,Darwin,-12.4,130.76805,2019-07-23 16:00:00,33.24138
PHB20190729,983,Port Hacking,-34.11923,151.22667,2019-07-29 10:03:00,16.90505
YON20190124,882,Yongala,-19.30847,147.61842,2019-01-24 11:12:00,8.04865
PHB20190227,886,Port Hacking,-34.11923,151.22667,2019-02-28 10:35:00,5.66579
NSI20190118,888,North Stradbroke,-27.345,153.562,2019-01-18 10:40:00,15.28396
ROT20200730,1079,Rottnest Island,-32,115.41667,2020-07-30 09:27:00,40.45547
YON20190917,991,Yongala,-19.30847,147.61842,2019-09-17 10:10:00,8.16889
KAI20191127,1010,Kangaroo Island,-35.83217,136.44733,2019-11-27 14:25:00,9.37477
PHB20200609,1066,Port Hacking,-34.11923,151.22667,2020-06-10 09:32:00,4.45222
NSI20200625,1072,North Stradbroke,-27.345,153.562,2020-06-25 10:35:00,14.17099
NSI20200720,1073,North Stradbroke,-27.345,153.562,2020-07-20 10:30:00,17.12863
YON20191107,993,Yongala,-19.30847,147.61842,2019-11-07 10:10:00,31.19032
PHB20191028,998,Port Hacking,-34.11923,151.22667,2019-10-29 09:30:00,6.02588
NSI20200917,1075,North Stradbroke,-27.345,153.562,2020-09-17 10:20:00,15.78483
ROT20200520,1076,Rottnest Island,-32,115.41667,2020-05-20 09:22:00,18.64523
PHB20090819,34,Port Hacking,-34.11923,151.22667,2009-08-20 09:19:00,9.48086
NSI20091006,36,North Stradbroke,-27.345,153.562,2009-10-07 09:07:00,38.4237
MAI20091013,49,Maria Island,-42.59667,148.23333,2009-10-13 11:00:00,10.30836
NSI20091101,122,North Stradbroke,-27.345,153.562,2009-11-02 09:02:00,15.22545
YON20090909,48,Yongala,-19.30847,147.61842,2009-09-09 10:40:00,17.25995
PHB20090924,151,Port Hacking,-34.11923,151.22667,2009-09-25 08:45:00,32.36438
NSI20100121,124,North Stradbroke,-27.345,153.562,2010-01-22 09:50:00,33.64645
PHB20100510,179,Port Hacking,-34.11923,151.22667,2010-05-11 09:13:00,17.7806
YON20100521,53,Yongala,-19.30847,147.61842,2010-05-21 12:56:00,31.58203
PHB20100817,183,Port Hacking,-34.11923,151.22667,2010-08-18 09:30:00,66.4368
NSI20101115,171,North Stradbroke,-27.345,153.562,2010-11-16 09:30:00,32.59199
KAI20101120,108,Kangaroo Island,-35.83217,136.44733,2010-11-21 05:00:00,1.13515
ESP20101013,141,Esperance,-33.93333,121.85,2010-10-13 08:15:00,4.1257
ROT20100723,54,Rottnest Island,-32,115.41667,2010-07-23 12:02:00,4.55792
ROT20101215,127,Rottnest Island,-32,115.41667,2010-12-15 10:20:00,5.6974
ROT20110224,159,Rottnest Island,-32,115.41667,2011-02-24 09:35:00,7.39483
NSI20110606,195,North Stradbroke,-27.345,153.562,2011-06-06 10:00:00,5.58095
MAI20110725,197,Maria Island,-42.59667,148.23333,2011-07-25 12:15:00,0.25638
KAI20111026,201,Kangaroo Island,-35.83217,136.44733,2011-10-26 14:40:00,0.5941
NIN20110706,25,Ningaloo,-21.99,113.779,2011-07-06 11:04:00,10.22703
ROT20110527,118,Rottnest Island,-32,115.41667,2011-05-27 09:35:00,13.94095
YON20111027,143,Yongala,-19.30847,147.61842,2011-10-27 13:44:00,12.66924
MAI20120222,96,Maria Island,-42.59667,148.23333,2012-02-22 11:00:00,2.52846
KAI20111219,172,Kangaroo Island,-35.83217,136.44733,2011-12-20 09:30:00,0.3996
PHB20120717,305,Port Hacking,-34.11923,151.22667,2012-07-17 10:00:00,4.24358
DAR20120115_03:35,93,Darwin,-12.4,130.76805,2012-01-15 13:05:00,48.41338
YON20120424,307,Yongala,-19.30847,147.61842,2012-04-24 10:50:00,24.04696
MAI20120524,75,Maria Island,-42.59667,148.23333,2012-05-24 11:30:00,31.38482
NSI20120912,301,North Stradbroke,-27.345,153.562,2012-09-12 10:20:00,19.01896
NSI20130123,377,North Stradbroke,-27.345,153.562,2013-01-23 10:15:00,11.32264
ROT20121219,438,Rottnest Island,-32,115.41667,2012-12-19 11:48:00,12.04705
DAR20121208_23:30,370,Darwin,-12.4,130.76805,2012-12-09 09:00:00,58.09384
ESP20121212,383,Esperance,-33.93333,121.85,2012-12-12 09:10:00,5.80741
PHB20121120,400,Port Hacking,-34.11923,151.22667,2012-11-21 09:30:00,31.17617
MAI20130313,397,Maria Island,-42.59667,148.23333,2013-03-14 10:00:00,4.51764
NSI20130913,417,North Stradbroke,-27.345,153.562,2013-09-13 10:25:00,10.28201
NSI20130706,413,North Stradbroke,-27.345,153.562,2013-07-07 09:40:00,5.25946
MAI20130611,445,Maria Island,-42.59667,148.23333,2013-06-11 11:55:00,2.9926
NSI20140213,456,North Stradbroke,-27.345,153.562,2014-02-13 10:20:00,13.02007
ROT20140122,482,Rottnest Island,-32,115.41667,2014-01-22 10:10:00,15.87413
ROT20140227,491,Rottnest Island,-32,115.41667,2014-02-27 12:39:00,22.25522
ROT20131122,463,Rottnest Island,-32,115.41667,2013-11-22 10:26:00,9.98813
NSI20141020,501,North Stradbroke,-27.345,153.562,2014-10-20 10:45:00,6.68685
DAR20140906_09:30,511,Darwin,-12.4,130.76805,2014-09-06 19:00:00,32.25737
PHB20140515,514,Port Hacking,-34.11923,151.22667,2014-05-16 09:35:00,4.44515
YON20140527,523,Yongala,-19.30847,147.61842,2014-05-27 12:12:00,17.02873
YON20140820,526,Yongala,-19.30847,147.61842,2014-08-20 11:15:00,7.43986
YON20140910,527,Yongala,-19.30847,147.61842,2014-09-10 10:35:00,6.51498
ROT20141216,556,Rottnest Island,-32,115.41667,2014-12-16 09:37:00,10.51465
YON20150324,628,Yongala,-19.30847,147.61842,2015-03-24 15:15:00,30.20831
MAI20150723,643,Maria Island,-42.59667,148.23333,2015-07-23 10:45:00,2.01334
MAI20150421,626,Maria Island,-42.59667,148.23333,2015-04-21 10:50:00,11.95275
NSI20150731,636,North Stradbroke,-27.345,153.562,2015-07-31 10:15:00,14.05525
YON20150923,655,Yongala,-19.30847,147.61842,2015-09-23 13:11:00,5.25007
YON20151027,656,Yongala,-19.30847,147.61842,2015-10-27 10:10:00,7.42626
DAR20150804_01:30,660,Darwin,-12.4,130.76805,2015-08-04 11:00:00,56.86027
NSI20150323,564,North Stradbroke,-27.345,153.562,2015-03-23 11:40:00,16.22205
MAI20150526,627,Maria Island,-42.59667,148.23333,2015-05-26 10:35:00,0.70726
NSI20150817,637,North Stradbroke,-27.345,153.562,2015-08-17 10:30:00,15.57908
PHB20150518,641,Port Hacking,-34.11923,151.22667,2015-05-19 09:43:00,4.80939
PHB20160719,729,Port Hacking,-34.11923,151.22667,2016-07-19 10:19:00,6.17087
ROT20160413,699,Rottnest Island,-32,115.41667,2016-04-13 09:30:00,28.77776
ROT20150924,669,Rottnest Island,-32,115.41667,2015-09-24 10:08:00,5.2416
YON20160823,718,Yongala,-19.30847,147.61842,2016-08-23 10:19:00,13.34279
PHB20170716,774,Port Hacking,-34.11923,151.22667,2017-07-17 09:42:00,5.80663
ROT20170802,779,Rottnest Island,-32,115.41667,2017-08-02 09:33:00,22.00375
PHB20170614,773,Port Hacking,-34.11923,151.22667,2017-06-15 08:52:00,6.09307
YON20170120,745,Yongala,-19.30847,147.61842,2017-01-20 10:00:00,21.88436
YON20171025,812,Yongala,-19.30847,147.61842,2017-10-26 09:56:00,17.73599
DAR20180209_0330,830,Darwin,-12.4,130.76805,2018-02-09 13:00:00,30.66773
MAI20171217,834,Maria Island,-42.59667,148.23333,2017-12-18 09:40:00,13.98024
PHB20171024,797,Port Hacking,-34.11923,151.22667,2017-10-25 09:01:00,8.19718
NSI20180302,815,North Stradbroke,-27.345,153.562,2018-03-02 10:25:00,10.2939
MAI20180301,817,Maria Island,-42.59667,148.23333,2018-03-02 09:30:00,28.73376
PHB20180123,826,Port Hacking,-34.11923,151.22667,2018-01-24 09:41:00,16.66313
PHB20180326,829,Port Hacking,-34.11923,151.22667,2018-03-27 09:40:00,9.32173
KAI20171129,809,Kangaroo Island,-35.83217,136.44733,2017-11-29 14:50:00,7.44041
ROT20170914,798,Rottnest Island,-32,115.41667,2017-09-14 09:45:00,4.74652
NSI20180530,843,North Stradbroke,-27.345,153.562,2018-05-30 10:20:00,9.65736
ROT20180620,846,Rottnest Island,-32,115.41667,2018-06-20 09:56:00,15.90557
YON20180602,850,Yongala,-19.30847,147.61842,2018-06-03 09:10:00,18.16252
MAI20181018,860,Maria Island,-42.59667,148.23333,2018-10-19 08:45:00,3.50331
DAR20190529,896,Darwin,-12.4,130.76805,2019-05-30 08:39:00,93.93976
PHB20190522,908,Port Hacking,-34.11923,151.22667,2019-05-23 08:50:00,8.25498
YON20190528,913,Yongala,-19.30847,147.61842,2019-05-28 10:25:00,23.97623
YON20190703,986,Yongala,-19.30847,147.61842,2019-07-03 10:50:00,50.39253
YON20200422,1083,Yongala,-19.30847,147.61842,2020-04-22 11:24:00,55.15295
YON20200710,1085,Yongala,-19.30847,147.61842,2020-07-11 09:25:00,7.91591
PHB20200630,1069,Port Hacking,-34.11923,151.22667,2020-07-01 09:18:00,3.18948
DAR20200922_0030,1090,Darwin,-12.4,130.76805,2020-09-22 10:00:00,60.57207
DAR20200922_0330,1091,Darwin,-12.4,130.76805,2020-09-22 13:00:00,591.36077
DAR20200922_0630,1092,Darwin,-12.4,130.76805,2020-09-22 16:00:00,116.2034
NSI20191220,1002,North Stradbroke,-27.345,153.562,2019-12-20 10:20:00,9.78595
MAI20191121,1000,Maria Island,-42.59667,148.23333,2019-11-22 09:23:00,10.08557
DAR20200204_0030,1007,Darwin,-12.4,130.76805,2020-02-04 10:00:00,74.89921
PHB20200224,1014,Port Hacking,-34.11923,151.22667,2020-02-25 08:52:00,2.93868
ROT20191126,996,Rottnest Island,-32,115.41667,2019-11-26 09:30:00,6.68364
YON20201026,1148,Yongala,-19.30847,147.61842,2020-10-26 10:40:00,13.29655
NSI20201116,1150,North Stradbroke,-27.345,153.562,2020-11-16 10:10:00,(null)
PHB20090422,11,Port Hacking,-34.11923,151.22667,2009-04-23 09:38:00,39.05509
NSI20090114,288,North Stradbroke,-27.345,153.562,2009-01-14 10:30:00,18.88393
NSI20090218,289,North Stradbroke,-27.345,153.562,2009-02-18 10:30:00,16.26063
PHB20090623,47,Port Hacking,-34.11923,151.22667,2009-06-24 09:10:00,3.38425
MAI20090907,35,Maria Island,-42.59667,148.23333,2009-09-07 11:25:00,0.50834
MAI20091207,152,Maria Island,-42.59667,148.23333,2009-12-07 11:10:00,57.09827
NSI20091115,38,North Stradbroke,-27.345,153.562,2009-11-16 08:20:00,31.31891
MAI20100120,105,Maria Island,-42.59667,148.23333,2010-01-21 10:50:00,7.67381
NSI20100520,180,North Stradbroke,-27.345,153.562,2010-05-21 08:21:00,15.907
PHB20110228,113,Port Hacking,-34.11923,151.22667,2011-03-01 09:30:00,1.35087
YON20110414,28,Yongala,-19.30847,147.61842,2011-04-14 11:27:00,25.74711
YON20110811,99,Yongala,-19.30847,147.61842,2011-08-11 11:00:00,4.44346
DAR20111005,65,Darwin,-12.4,130.76805,2011-10-05 09:31:00,1.37523
NSI20111220,94,North Stradbroke,-27.345,153.562,2011-12-21 09:15:00,6.10818
NIN20110501,147,Ningaloo,-21.99,113.779,2011-05-01 08:24:00,15.26274
ROT20110826,115,Rottnest Island,-32,115.41667,2011-08-26 09:43:00,8.27498
DAR20120114_21:30,72,Darwin,-12.4,130.76805,2012-01-15 07:00:00,39.12967
MAI20120412,7,Maria Island,-42.59667,148.23333,2012-04-12 10:45:00,2.34723
NSI20120806,299,North Stradbroke,-27.345,153.562,2012-08-06 10:15:00,7.4134
YON20121026,374,Yongala,-19.30847,147.61842,2012-10-26 11:20:00,19.31373
NSI20130819,416,North Stradbroke,-27.345,153.562,2013-08-19 10:10:00,5.21446
KAI20130220,393,Kangaroo Island,-35.83217,136.44733,2013-02-21 07:20:00,4.10212
PHB20130611,421,Port Hacking,-34.11923,151.22667,2013-06-12 09:55:00,(null)
YON20130912,428,Yongala,-19.30847,147.61842,2013-09-12 11:26:00,50.33812
PHB20130422,432,Port Hacking,-34.11923,151.22667,2013-04-23 09:32:00,1.26246
ROT20130221,439,Rottnest Island,-32,115.41667,2013-02-21 12:55:00,16.02344
ROT20130423,441,Rottnest Island,-32,115.41667,2013-04-23 10:38:00,6.64827
NSI20121114,367,North Stradbroke,-27.345,153.562,2012-11-14 10:45:00,19.54619
DAR20121029,380,Darwin,-12.4,130.76805,2012-10-30 07:51:00,47.87781
YON20130416,405,Yongala,-19.30847,147.61842,2013-04-16 11:35:00,32.22129
PHB20130125,411,Port Hacking,-34.11923,151.22667,2013-01-25 10:54:00,13.60421
PHB20120821,378,Port Hacking,-34.11923,151.22667,2012-08-22 09:19:00,14.08869
NIN20120827,357,Ningaloo,-21.99,113.779,2012-08-27 08:05:00,20.43991
ESP20120910,364,Esperance,-33.93333,121.85,2012-09-10 12:51:00,6.56183
MAI20130424,398,Maria Island,-42.59667,148.23333,2013-04-24 10:50:00,8.31689
KAI20100315,68,Kangaroo Island,-35.83217,136.44733,2010-03-16 06:00:00,(null)
PHB20101019,13,Port Hacking,-34.11923,151.22667,2010-10-20 10:40:00,(null)
MAI20140408,486,Maria Island,-42.59667,148.23333,2014-04-08 11:03:00,4.68447
MAI20140619,493,Maria Island,-42.59667,148.23333,2014-06-19 11:30:00,1.29193
NSI20140901,496,North Stradbroke,-27.345,153.562,2014-09-01 10:10:00,9.233
KAI20140122,497,Kangaroo Island,-35.83217,136.44733,2014-01-22 15:15:00,40.46962
DAR20140906_00:30,506,Darwin,-12.4,130.76805,2014-09-06 10:00:00,43.22345
YON20160927,731,Yongala,-19.30847,147.61842,2016-09-27 10:33:00,11.69705
PHB20140824,517,Port Hacking,-34.11923,151.22667,2014-08-25 09:57:00,5.10997
PHB20140911,518,Port Hacking,-34.11923,151.22667,2014-09-11 10:13:00,28.66892
ROT20140319,519,Rottnest Island,-32,115.41667,2014-03-19 12:30:00,11.42623
YON20140717,525,Yongala,-19.30847,147.61842,2014-07-17 10:28:00,2.40061
DAR20140118_00:30,466,Darwin,-12.4,130.76805,2014-01-18 10:00:00,606.52675
YON20131015,469,Yongala,-19.30847,147.61842,2013-10-15 11:40:00,50.56934
NSI20170117,734,North Stradbroke,-27.345,153.562,2017-01-17 10:30:00,12.67287
ROT20150128,557,Rottnest Island,-32,115.41667,2015-01-28 10:15:00,6.32607
ROT20150319,559,Rottnest Island,-32,115.41667,2015-03-19 11:47:00,7.34768
MAI20150312,561,Maria Island,-42.59667,148.23333,2015-03-13 09:33:00,1.3768
PHB20141021,536,Port Hacking,-34.11923,151.22667,2014-10-22 09:30:00,8.0239
ROT20141014,534,Rottnest Island,-32,115.41667,2014-10-14 11:52:00,6.60898
MAI20140915,531,Maria Island,-42.59667,148.23333,2014-09-16 09:20:00,21.9346
NSI20150528,618,North Stradbroke,-27.345,153.562,2015-05-28 10:15:00,9.39374
ROT20150507,634,Rottnest Island,-32,115.41667,2015-05-07 09:36:00,11.04902
PHB20150723,647,Port Hacking,-34.11923,151.22667,2015-07-23 10:07:00,3.64096
DAR20151117,662,Darwin,-12.4,130.76805,2015-11-18 08:16:00,12.2731
YON20141014,619,Yongala,-19.30847,147.61842,2014-10-14 12:02:00,10.62255
KAI20150408,625,Kangaroo Island,-35.83217,136.44733,2015-04-09 07:11:00,1.01138
ROT20160223,684,Rottnest Island,-32,115.41667,2016-02-23 08:57:00,8.02351
YON20151203,686,Yongala,-19.30847,147.61842,2015-12-03 11:00:00,9.004
YON20160503,690,Yongala,-19.30847,147.61842,2016-05-03 10:01:00,14.90694
KAI20160525,695,Kangaroo Island,-35.83217,136.44733,2016-05-26 07:35:00,7.49427
PHB20160201,700,Port Hacking,-34.11923,151.22667,2016-02-02 10:52:00,7.62076
YON20160601,708,Yongala,-19.30847,147.61842,2016-06-01 10:46:00,26.38637
NSI20170217,741,North Stradbroke,-27.345,153.562,2017-02-17 10:30:00,18.26668
DAR20170203_0030,759,Darwin,-12.4,130.76805,2017-02-03 10:00:00,64.59674
DAR20170203_0330,760,Darwin,-12.4,130.76805,2017-02-03 13:00:00,27.05283
MAI20161117,735,Maria Island,-42.59667,148.23333,2016-11-18 09:10:00,5.67696
KAI20161118,739,Kangaroo Island,-35.83217,136.44733,2016-11-18 12:45:00,11.22427
NSI20170627,767,North Stradbroke,-27.345,153.562,2017-06-27 10:20:00,9.23943
DAR20170516,768,Darwin,-12.4,130.76805,2017-05-17 08:47:00,58.26603
MAI20170801,770,Maria Island,-42.59667,148.23333,2017-08-01 10:01:00,13.34842
ROT20170331,786,Rottnest Island,-32,115.41667,2017-03-31 10:24:00,9.1237
YON20161207,744,Yongala,-19.30847,147.61842,2016-12-07 10:15:00,18.51126
MAI20170626,765,Maria Island,-42.59667,148.23333,2017-06-27 09:25:00,0.74969
KAI20170908,792,Kangaroo Island,-35.83217,136.44733,2017-09-08 15:00:00,8.16535
YON20171130,805,Yongala,-19.30847,147.61842,2017-11-30 10:34:00,9.90169
NSI20180417,813,North Stradbroke,-27.345,153.562,2018-04-17 10:15:00,9.41303
NSI20180123,816,North Stradbroke,-27.345,153.562,2018-01-23 10:20:00,13.9138
PHB20180221,827,Port Hacking,-34.11923,151.22667,2018-02-22 09:18:00,17.35978
PHB20170821,807,Port Hacking,-34.11923,151.22667,2017-08-22 09:50:00,13.63604
ROT20181024,864,Rottnest Island,-32,115.41667,2018-10-24 09:18:00,13.39085
YON20181123,880,Yongala,-19.30847,147.61842,2018-11-23 10:05:00,18.65761
MAI20190624,898,Maria Island,-42.59667,148.23333,2019-06-24 10:10:00,24.32986
MAI20190925,972,Maria Island,-42.59667,148.23333,2019-09-25 10:03:00,9.08597
NSI20181023,871,North Stradbroke,-27.345,153.562,2018-10-23 10:30:00,15.18044
DAR20190723_0330,978,Darwin,-12.4,130.76805,2019-07-23 13:00:00,44.43279
PHB20180905,874,Port Hacking,-34.11923,151.22667,2018-09-05 10:50:00,50.6825
ROT20200605,1077,Rottnest Island,-32,115.41667,2020-06-05 09:13:00,16.44387
ROT20200710,1078,Rottnest Island,-32,115.41667,2020-07-10 10:25:00,25.40844
ROT20200825,1081,Rottnest Island,-32,115.41667,2020-08-25 10:40:00,20.68746
YON20200611,1084,Yongala,-19.30847,147.61842,2020-06-12 09:09:00,40.80366
PHB20200812,1070,Port Hacking,-34.11923,151.22667,2020-08-13 09:55:00,3.38369
DAR20200204_0330,1008,Darwin,-12.4,130.76805,2020-02-04 13:00:00,59.0357
MAI20191210,1001,Maria Island,-42.59667,148.23333,2019-12-11 09:30:00,9.58106
PHB20191118,1012,Port Hacking,-34.11923,151.22667,2019-11-19 09:15:00,7.86123
YON20200116,1020,Yongala,-19.30847,147.61842,2020-01-16 10:05:00,10.50014
PHB20201110,1142,Port Hacking,-34.11923,151.22667,2020-11-11 08:40:00,(null)
NSI20091021,137,North Stradbroke,-27.345,153.562,2009-10-22 09:20:00,19.10254
ROT20091026,138,Rottnest Island,-32,115.41667,2009-10-26 09:53:00,11.3555
PHB20091206,81,Port Hacking,-34.11923,151.22667,2009-12-07 09:14:00,65.55979
PHB20100316,12,Port Hacking,-34.11923,151.22667,2010-03-17 09:05:00,30.88973
NSI20100322,69,North Stradbroke,-27.345,153.562,2010-03-23 09:15:00,41.88929
MAI20100615,86,Maria Island,-42.59667,148.23333,2010-06-15 11:10:00,2.14389
ROT20100416,26,Rottnest Island,-32,115.41667,2010-04-16 08:30:00,17.56371
PHB20100702,181,Port Hacking,-34.11923,151.22667,2010-07-02 11:35:00,56.22745
YON20100413,166,Yongala,-19.30847,147.61842,2010-04-13 14:14:00,27.09363
NSI20101018,187,North Stradbroke,-27.345,153.562,2010-10-18 10:00:00,25.14643
PHB20110203,111,Port Hacking,-34.11923,151.22667,2011-02-04 09:58:00,10.64431
KAI20110223,191,Kangaroo Island,-35.83217,136.44733,2011-02-23 10:30:00,0.27583
KAI20110427,2,Kangaroo Island,-35.83217,136.44733,2011-04-28 07:35:00,0.00176
MAI20110407,194,Maria Island,-42.59667,148.23333,2011-04-07 10:30:00,4.26568
ESP20110818,71,Esperance,-33.93333,121.85,2011-08-18 10:20:00,6.29464
ESP20111130,129,Esperance,-33.93333,121.85,2011-11-30 14:38:00,11.21405
ROT20110622,168,Rottnest Island,-32,115.41667,2011-06-22 10:00:00,5.90958
ROT20110923,56,Rottnest Island,-32,115.41667,2011-09-23 09:40:00,7.52056
ROT20111122,163,Rottnest Island,-32,115.41667,2011-11-22 15:08:00,9.37517
YON20110908,173,Yongala,-19.30847,147.61842,2011-09-08 11:00:00,25.53836
MAI20120326,117,Maria Island,-42.59667,148.23333,2012-03-27 10:40:00,3.88994
YON20120402,306,Yongala,-19.30847,147.61842,2012-04-02 10:44:00,28.03212
NSI20120821,300,North Stradbroke,-27.345,153.562,2012-08-21 10:15:00,14.00381
MAI20120724,281,Maria Island,-42.59667,148.23333,2012-07-24 10:50:00,1.76815
DAR20121208_16:30,368,Darwin,-12.4,130.76805,2012-12-09 02:00:00,60.47103
YON20130808,427,Yongala,-19.30847,147.61842,2013-08-08 10:58:00,9.79288
PHB20130725,422,Port Hacking,-34.11923,151.22667,2013-07-26 09:24:00,3.90055
NIN20130509,436,Ningaloo,-21.99,113.779,2013-05-09 10:20:00,13.16924
ROT20120928,387,Rottnest Island,-32,115.41667,2012-09-28 11:41:00,14.89182
ROT20130125,390,Rottnest Island,-32,115.41667,2013-01-25 10:10:00,25.53221
YON20130220,404,Yongala,-19.30847,147.61842,2013-02-20 10:42:00,11.95547
ESP20120309,384,Esperance,-33.93333,121.85,2012-03-09 09:34:00,23.78763
ESP20120229,95,Esperance,-33.93333,121.85,2012-02-29 10:00:00,(null)
KAI20090114,176,Kangaroo Island,-35.83217,136.44733,2009-01-15 08:00:00,(null)
KAI20110123,189,Kangaroo Island,-35.83217,136.44733,2011-01-24 07:40:00,(null)
MAI20131117,457,Maria Island,-42.59667,148.23333,2013-11-18 10:50:00,8.51622
MAI20140205,479,Maria Island,-42.59667,148.23333,2014-02-05 11:05:00,21.86546
MAI20140516,489,Maria Island,-42.59667,148.23333,2014-05-16 10:20:00,7.83501
NSI20140725,492,North Stradbroke,-27.345,153.562,2014-07-25 10:35:00,12.31924
MAI20140807,499,Maria Island,-42.59667,148.23333,2014-08-07 12:00:00,0.18565
KAI20140313,500,Kangaroo Island,-35.83217,136.44733,2014-03-13 14:00:00,2.46127
DAR20140906_03:30,507,Darwin,-12.4,130.76805,2014-09-06 13:00:00,30.50458
YON20140220,473,Yongala,-19.30847,147.61842,2014-02-20 10:48:00,12.49952
YON20131114,470,Yongala,-19.30847,147.61842,2013-11-14 10:32:00,14.66211
ROT20140919,533,Rottnest Island,-32,115.41667,2014-09-19 12:57:00,6.76615
DAR20141130,542,Darwin,-12.4,130.76805,2014-12-01 07:18:00,28.52629
YON20150430,629,Yongala,-19.30847,147.61842,2015-04-30 12:10:00,6.59659
NSI20150907,638,North Stradbroke,-27.345,153.562,2015-09-07 10:40:00,13.75306
PHB20150630,649,Port Hacking,-34.11923,151.22667,2015-06-30 11:11:00,2.95636
KAI20150909,654,Kangaroo Island,-35.83217,136.44733,2015-09-09 12:50:00,15.80734
ROT20150724,653,Rottnest Island,-32,115.41667,2015-07-24 09:20:00,5.10801
MAI20150224,562,Maria Island,-42.59667,148.23333,2015-02-25 10:20:00,4.54534
KAI20150224,624,Kangaroo Island,-35.83217,136.44733,2015-02-25 08:55:00,9.69304
YON20150224,633,Yongala,-19.30847,147.61842,2015-02-24 10:40:00,32.96936
NSI20160623,696,North Stradbroke,-27.345,153.562,2016-06-23 10:30:00,13.65661
DAR20160724_0730,726,Darwin,-12.4,130.76805,2016-07-24 17:00:00,31.06065
KAI20160915,728,Kangaroo Island,-35.83217,136.44733,2016-09-15 11:18:00,17.11931
MAI20160428,678,Maria Island,-42.59667,148.23333,2016-04-28 10:47:00,13.58417
YON20160122,687,Yongala,-19.30847,147.61842,2016-01-22 10:39:00,25.36628
KAI20170315,753,Kangaroo Island,-35.83217,136.44733,2017-03-15 12:27:00,33.89914
MAI20170104,736,Maria Island,-42.59667,148.23333,2017-01-05 09:45:00,10.92486
NSI20170717,771,North Stradbroke,-27.345,153.562,2017-07-17 11:05:00,9.73451
YON20161108,743,Yongala,-19.30847,147.61842,2016-11-08 10:50:00,22.71404
ROT20170407,775,Rottnest Island,-32,115.41667,2017-04-07 09:28:00,46.35719
YON20170906,801,Yongala,-19.30847,147.61842,2017-09-06 10:00:00,16.56411
NSI20171116,802,North Stradbroke,-27.345,153.562,2017-11-16 10:30:00,7.92135
MAI20171123,803,Maria Island,-42.59667,148.23333,2017-11-24 09:50:00,14.23957
MAI20180418,819,Maria Island,-42.59667,148.23333,2018-04-19 09:30:00,21.11889
ROT20180328,818,Rottnest Island,-32,115.41667,2018-03-28 09:23:00,11.54684
ROT20180221,821,Rottnest Island,-32,115.41667,2018-02-21 10:05:00,19.60691
MAI20180605,838,Maria Island,-42.59667,148.23333,2018-06-06 09:30:00,17.10634
ROT20171103,799,Rottnest Island,-32,115.41667,2017-11-03 09:25:00,14.20813
YON20171215,833,Yongala,-19.30847,147.61842,2017-12-15 10:44:00,34.71906
MAI20181204,867,Maria Island,-42.59667,148.23333,2018-12-05 09:10:00,18.11426
NSI20180817,868,North Stradbroke,-27.345,153.562,2018-08-17 10:20:00,11.82416
NSI20180718,869,North Stradbroke,-27.345,153.562,2018-07-18 10:20:00,16.10632
NSI20180913,870,North Stradbroke,-27.345,153.562,2018-09-13 10:20:00,20.56851
DAR20180731_0030,852,Darwin,-12.4,130.76805,2018-07-31 10:00:00,196.47782
YON20180720,855,Yongala,-19.30847,147.61842,2018-07-20 10:56:00,16.81519
YON20180927,857,Yongala,-19.30847,147.61842,2018-09-27 10:52:00,11.86434
YON20181011,858,Yongala,-19.30847,147.61842,2018-10-11 10:54:00,20.98804
KAI20180820,861,Kangaroo Island,-35.83217,136.44733,2018-08-21 08:00:00,21.02694
PHB20181218,884,Port Hacking,-34.11923,151.22667,2018-12-19 09:40:00,9.88754
DAR20190214_0630,895,Darwin,-12.4,130.76805,2019-02-14 16:00:00,8.17513
ROT20190527,906,Rottnest Island,-32,115.41667,2019-05-27 09:28:00,11.15118
NSI20190618,902,North Stradbroke,-27.345,153.562,2019-06-18 10:00:00,5.00871
MAI20190731,915,Maria Island,-42.59667,148.23333,2019-07-31 10:20:00,8.99167
NSI20190322,899,North Stradbroke,-27.345,153.562,2019-03-22 10:50:00,16.11918
DAR20190722_2130,976,Darwin,-12.4,130.76805,2019-07-23 07:00:00,52.76691
PHB20190923,982,Port Hacking,-34.11923,151.22667,2019-09-24 09:36:00,15.64467
YON20190808,989,Yongala,-19.30847,147.61842,2019-08-08 10:04:00,16.7091
NSI20200228,1004,North Stradbroke,-27.345,153.562,2020-02-28 10:30:00,10.6861
ROT20191218,1015,Rottnest Island,-32,115.41667,2019-12-18 09:15:00,17.38296
MAI20200628,1054,Maria Island,-42.59667,148.23333,2020-06-29 09:45:00,1.33908
